"ゴミの分別方法_全国地方公共団体コード","ゴミの分別方法_ID","ゴミの分別方法_品目","ゴミの分別方法_分別区分","ゴミの分別方法_注意点"
"401307","gomi00000001","ＩＣレコーダー","小型家電","区役所やスーパー等に設置している回収ボックスへ。設置場所の一覧はこちら 回収ボックスへ持ち込むことができない場合や，小型家電回収ボックスの投入口（ヨコ25ｃｍ × タテ8.5ｃｍ）に入らない大きさのものは燃えないごみへ。"
"401307","gomi00000002","アイロン","燃えないごみ",""
"401307","gomi00000003","アイロン台（金属の足つき）","燃えないごみ",""
"401307","gomi00000004","アイロン台（木製）","燃えるごみ",""
"401307","gomi00000005","アイロンプリント紙","燃えるごみ",""
"401307","gomi00000006","空き缶","燃えないごみ",""
"401307","gomi00000007","空きびん","空きびん・ペットボトル","ふたをはずし，中を軽くすすいで出してください。 金属製のふたは燃えないごみ，プラスチック製のふたは燃えるごみです。"
"401307","gomi00000008","空き容器（ガラス製）","燃えないごみ","購入時に飲料や食品の入っていた空きびんは「空きびん・ペットボトル」"
"401307","gomi00000009","空き容器（金属製）","燃えないごみ",""
"401307","gomi00000010","空き容器（プラスチック製）","燃えるごみ",""
"401307","gomi00000011","アクリルボード","燃えるごみ",""
"401307","gomi00000012","アダプター","小型家電","区役所やスーパー等に設置している回収ボックスへ。設置場所の一覧はこちら 回収ボックスへ持ち込むことができない場合や，小型家電回収ボックスの投入口（ヨコ25ｃｍ × タテ8.5ｃｍ）に入らない大きさのものは燃えないごみへ。"
"401307","gomi00000013","厚紙","古紙","「段ボール」「新聞紙」「雑がみ（その他の紙）」に分けて，それぞれひもで十字にしばって地域集団回収や資源物回収拠点へ出してください。 資源物回収拠点の検索は【資源物回収拠点検索】をご覧ください。 汚れた紙，においがついた紙などリサイクルできない紙は燃えるごみです。"
"401307","gomi00000014","圧着ハガキ","燃えるごみ",""
"401307","gomi00000015","油のついた紙","燃えるごみ",""
"401307","gomi00000016","油のびん","空きびん・ペットボトル","ふたをはずし，中を軽くすすいで出してください。 金属製のふたは燃えないごみ，プラスチック製のふたは燃えるごみです。"
"401307","gomi00000017","油のボトル（プラスチック製）","燃えるごみ",""
"401307","gomi00000018","網","燃えるごみ",""
"401307","gomi00000019","網戸","粗大ごみ","袋に入って口が結べる大きさで，重さで袋が破けないものは燃えないごみで出すことができます（網等の取り外しが可能な場合は，分別して燃えるごみで出すことができます）"
"401307","gomi00000020","アルミ缶","燃えないごみ",""
"401307","gomi00000021","アルミサッシ","粗大ごみ",""
"401307","gomi00000022","アルミ箔","燃えるごみ",""
"401307","gomi00000023","アンテナ","燃えないごみ","燃えないごみの袋に入れて口が結べない大きさのもの，重さで袋が破けるものは粗大ごみです。"
"401307","gomi00000024","アンプ","燃えないごみ","燃えないごみの袋に入れて口が結べない大きさのもの，重さで袋が破けるものは粗大ごみです。"
"401307","gomi00000025","あんま機","燃えないごみ",""
"401307","gomi00000026","石","燃えないごみ","量が多い場合は，袋の口が結べて，重さで袋が破けない程度に分けて出してください。"
"401307","gomi00000027","衣装ケース（金属製）","燃えないごみ","燃えないごみの袋に入れて口が結べない大きさのもの，重さで袋が破けるものは粗大ごみです。"
"401307","gomi00000028","衣装ケース（木製・プラスチック製）","燃えるごみ","燃えるごみの袋に入れて口が結べない大きさのもの，重さで袋が破けるものは粗大ごみです。"
"401307","gomi00000029","椅子","粗大ごみ",""
"401307","gomi00000030","一輪車","燃えないごみ","燃えないごみの袋に入れて口が結べない大きさのもの，重さで袋が破けるものは粗大ごみです。"
"401307","gomi00000031","一升びん","空きびん・ペットボトル","ふたをはずし，中を軽くすすいで出してください。 金属製のふたは燃えないごみ，プラスチック製のふたは燃えるごみです。"
"401307","gomi00000032","一斗缶","燃えないごみ","中身を空にして出してください"
"401307","gomi00000033","犬の死体","","井ノ口商会（092-671-3895）へ回収を依頼してください。飼い主がいる場合は，1体につき1,000円で収集します。"
"401307","gomi00000034","衣類","燃えるごみ","地域集団回収やリサイクルボックスで「布」として回収している場合があります。 資源物回収拠点の検索は【資源物回収拠点検索】をご覧ください。"
"401307","gomi00000035","衣類乾燥機","家電リサイクル法対象品","次のいずれかの方法で処分してください。 ①買い替えるときに引き取ってもらう ②購入した小売店に連絡して引き取ってもらう ③①，②に該当しない場合は，市内のヤマダデンキの各店舗で引き取りの予約をする。 ※引き取りには料金がかかります。引き取り先にご確認ください。"
"401307","gomi00000036","インクカートリッジ","燃えるごみ","全国の主要な郵便局に設置しているカートリッジ回収箱へご持参いただくとリサイクルされます。
「インクカートリッジ里帰りプロジェクト」を参照してください。"
"401307","gomi00000037","飲料のびん","空きびん・ペットボトル","ふたをはずし，中を軽くすすいで出してください。 金属製のふたは燃えないごみ，プラスチック製のふたは燃えるごみです。"
"401307","gomi00000038","飲料のペットボトル","空きびん・ペットボトル","キャップとラベルをはずし，中を軽くすすいで横につぶして出してください。 キャップとラベルは燃えるごみです。"
"401307","gomi00000039","植木鉢（陶器製）","燃えないごみ",""
"401307","gomi00000040","植木鉢（プラスチック製）","燃えるごみ",""
"401307","gomi00000041","植木鉢の土","燃えないごみ",""
"401307","gomi00000042","乳母車","粗大ごみ",""
"401307","gomi00000043","梅酒（果実酒）のびん（自分で漬けたもの）","燃えないごみ",""
"401307","gomi00000044","エアコン","家電リサイクル法対象品","次のいずれかの方法で処分してください。 ①買い替えるときに引き取ってもらう ②購入した小売店に連絡して引き取ってもらう ③①，②に該当しない場合は，市内のヤマダデンキの各店舗で引き取りの予約をする。 ※引き取りには料金がかかります。引き取り先にご確認ください。"
"401307","gomi00000045","エアコンの室外機","家電リサイクル法対象品","次のいずれかの方法で処分してください。 ①買い替えるときに引き取ってもらう ②購入した小売店に連絡して引き取ってもらう ③①，②に該当しない場合は，市内のヤマダデンキの各店舗で引き取りの予約をする。 ※引き取りには料金がかかります。引き取り先にご確認ください。"
"401307","gomi00000046","栄養ドリンクのびん","空きびん・ペットボトル","ふたをはずし，中を軽くすすいで出してください。 金属製のふたは燃えないごみ，プラスチック製のふたは燃えるごみです。"
"401307","gomi00000047","ＦＲＰ製品","燃えないごみ",""
"401307","gomi00000048","ＦＲＰ船","","販売店または「ＦＲＰ船リサイクルセンター」にお問い合わせください。
※地区毎に受付期間などが決まっています
ＦＲＰ船リサイクルセンター（ 一般社団法人 日本マリン事業協会内 ）
TEL：03-5542-1202"
"401307","gomi00000049","ＬＥＤ電球","燃えないごみ",""
"401307","gomi00000050","ＬＤディスク","燃えるごみ",""
"401307","gomi00000051","ＬＤプレーヤー","燃えないごみ","燃えないごみの袋に入れて口が結べない大きさのもの，重さで袋が破けるものは粗大ごみです。"
"401307","gomi00000052","エレキギター","粗大ごみ",""
"401307","gomi00000053","エレクトーン","粗大ごみ",""
"401307","gomi00000054","ＯＡチェア","粗大ごみ",""
"401307","gomi00000055","オーディオラック","粗大ごみ",""
"401307","gomi00000056","オートバイ","市で収集しないごみ","販売店へご相談ください。"
"401307","gomi00000057","オーブンレンジ","粗大ごみ","袋に入って口が結べる大きさで，重さで袋が破けないものは燃えないごみで出すことができます。"
"401307","gomi00000058","オイル缶","燃えないごみ","中身を空にして出してください"
"401307","gomi00000059","オイルヒーター","粗大ごみ","オイルを抜いてください"
"401307","gomi00000060","応接セット","粗大ごみ",""
"401307","gomi00000061","お菓子の箱（紙製）","古紙","小さいサイズのものは紙袋に入れて集め，紙袋ごとひもで十字にしばって地域集団回収や資源物回収拠点へ出してください。 資源物回収拠点の検索は資源物回収拠点検索をご覧ください。 汚れた紙，においがついた紙などリサイクルできない紙は燃えるごみです。"
"401307","gomi00000062","お菓子の箱（金属製）","燃えないごみ",""
"401307","gomi00000063","お菓子の箱（プラスチック製）","燃えるごみ",""
"401307","gomi00000064","置物（金属製・陶器製）","燃えないごみ","燃えないごみの袋に入れて口が結べない大きさのもの，重さで袋が破けるものは粗大ごみです。"
"401307","gomi00000065","置物（木製）","燃えるごみ","燃えるごみの袋に入れて口が結べない大きさのもの，重さで袋が破けるものは粗大ごみです。"
"401307","gomi00000066","お風呂のふた（金属製）","粗大ごみ","袋に入って口が結べる大きさで，重さで袋が破けないものは燃えないごみで出すことができます。"
"401307","gomi00000067","お風呂のふた（プラスチック製）","粗大ごみ","袋に入って口が結べる大きさで，重さで袋が破けないものは燃えるごみで出すことができます。"
"401307","gomi00000068","おむつ","燃えるごみ",""
"401307","gomi00000069","おもちゃ（金属製）","燃えないごみ",""
"401307","gomi00000070","おもちゃ（電動）","燃えないごみ",""
"401307","gomi00000071","おもちゃ（木製・プラスチック製）","燃えるごみ",""
"401307","gomi00000072","おもり（金属製）","燃えないごみ",""
"401307","gomi00000073","折りたたみチェア（金属製）","燃えないごみ","燃えないごみの袋に入れて口が結べない大きさのもの，重さで袋が破けるものは粗大ごみです。"
"401307","gomi00000074","折りたたみチェア（木製）","燃えるごみ","燃えるごみの袋に入れて口が結べない大きさのもの，重さで袋が破けるものは粗大ごみです。"
"401307","gomi00000075","オルガン","燃えないごみ",""
"401307","gomi00000076","温水器","燃えないごみ",""
"401307","gomi00000077","カーテン","燃えるごみ",""
"401307","gomi00000078","カーナビ","小型家電","区役所やスーパー等に設置している回収ボックスへ。設置場所の一覧はこちら 回収ボックスへ持ち込むことができない場合や，小型家電回収ボックスの投入口（ヨコ25ｃｍ × タテ8.5ｃｍ）に入らない大きさのものは燃えないごみへ。"
"401307","gomi00000079","カーペット","粗大ごみ","袋に入って口が結べる大きさで，重さで袋が破けないものは燃えるごみで出すことができます。"
"401307","gomi00000080","カーボン紙（伝票などの複写の紙）","燃えるごみ",""
"401307","gomi00000081","貝，貝殻","燃えるごみ",""
"401307","gomi00000082","海藻","燃えるごみ",""
"401307","gomi00000083","買い物かご","燃えるごみ",""
"401307","gomi00000084","使い捨てカイロ","燃えないごみ",""
"401307","gomi00000085","鏡","燃えないごみ","燃えないごみの袋に入れて口が結べない大きさのもの，重さで袋が破けるものは粗大ごみです。"
"401307","gomi00000086","牡蠣殻","燃えるごみ",""
"401307","gomi00000087","角材","燃えるごみ",""
"401307","gomi00000088","額縁（金属製）","燃えないごみ",""
"401307","gomi00000089","額縁（木製）","燃えるごみ",""
"401307","gomi00000090","傘","燃えないごみ","袋からはみ出してもかまいません。
布などの部分はついたままでかまいません。"
"401307","gomi00000091","加湿器","燃えないごみ","燃えないごみの袋に入れて口が結べない大きさのもの，重さで袋が破けるものは粗大ごみです。"
"401307","gomi00000092","ガスコンロ","燃えないごみ",""
"401307","gomi00000093","ガステーブル","燃えないごみ",""
"401307","gomi00000094","ガスボンベ","市で収集しないごみ","販売店へご相談ください。"
"401307","gomi00000095","ガス漏れ警報機","燃えないごみ",""
"401307","gomi00000096","ガスレンジ","燃えないごみ",""
"401307","gomi00000097","カセットコンロ","燃えないごみ","カセットボンベは取り外してください。"
"401307","gomi00000098","カセットテープ","燃えるごみ",""
"401307","gomi00000099","カセットデッキ","燃えないごみ",""
"401307","gomi00000100","カセットボンベ","燃えないごみ","必ず中身を使い切ってください。ガス抜きキャップがついているものは，缶に記載された方法でガスを出し切ってください。ガス抜きキャップがついていないものは，ノズルを硬い地面に押し当ててガスを出し切ってください。空になった缶は穴あけ不要です。 ※ガス抜きは必ず火気のない風通しの良い場所で行ってください。"
"401307","gomi00000101","ガソリン","市で収集しないごみ","販売店へご相談ください。"
"401307","gomi00000102","カップ酒のびん","空きびん・ペットボトル","ふたをはずし，中を軽くすすいで出してください。 金属製のふたは燃えないごみ，プラスチック製のふたは燃えるごみです。"
"401307","gomi00000103","家庭用ゲーム機","小型家電","区役所やスーパー等に設置している回収ボックスへ。設置場所の一覧はこちら 回収ボックスへ持ち込むことができない場合や，小型家電回収ボックスの投入口（ヨコ25ｃｍ × タテ8.5ｃｍ）に入らない大きさのものは燃えないごみへ。"
"401307","gomi00000104","金網","燃えないごみ",""
"401307","gomi00000105","加熱式たばこ","市で収集しないごみ","火災事故の原因となりますので、ごみ袋では出さないでください。
一般社団法人日本たばこ協会(https://www.tioj.or.jp/)による回収か、市内の家電量販店や公共施設等に設置している乾電池回収ボックス(https://www.city.fukuoka.lg.jp/kankyo/jigyokeigomi/life/keikoukankandenchi.html)へ。"
"401307","gomi00000106","かばん（金属製）","燃えないごみ",""
"401307","gomi00000107","かばん（布製・革製・プラスチック製）","燃えるごみ","金具類はついたままでかまいません。"
"401307","gomi00000108","花瓶","燃えないごみ","※割れたもの、割れやすいものは厚い紙で包んで「危険」と表示。"
"401307","gomi00000109","花瓶（ガラス製・陶器製）","燃えないごみ","※割れたもの、割れやすいものは厚い紙で包んで「危険」と表示。"
"401307","gomi00000110","花瓶（プラスチック製）","燃えるごみ",""
"401307","gomi00000111","壁紙","燃えるごみ",""
"401307","gomi00000112","紙くず","燃えるごみ","リサイクルできる紙は資源物回収へ"
"401307","gomi00000113","紙コップ・紙皿","燃えるごみ",""
"401307","gomi00000114","カミソリ","燃えるごみ","本体がプラスチック製のものは燃えるごみ（刃はついたままでかまいません）
本体が金属製のものは燃えないごみ
電動式のものは小型家電です"
"401307","gomi00000115","神棚","燃えるごみ",""
"401307","gomi00000116","紙の芯","古紙","小さいサイズのものは紙袋に入れて集め，紙袋ごとひもで十字にしばって地域集団回収や資源物回収拠点へ出してください。 資源物回収拠点の検索は資源物回収拠点検索をご覧ください。 汚れた紙，においがついた紙などリサイクルできない紙は燃えるごみです。"
"401307","gomi00000117","紙箱","古紙","小さいサイズのものは紙袋に入れて集め，紙袋ごとひもで十字にしばって地域集団回収や資源物回収拠点へ出してください。 資源物回収拠点の検索は資源物回収拠点検索をご覧ください。 汚れた紙，においがついた紙などリサイクルできない紙は燃えるごみです。"
"401307","gomi00000118","紙袋","古紙","「段ボール」「新聞紙」「雑がみ（その他の紙）」に分けて，それぞれひもで十字にしばって地域集団回収や資源物回収拠点へ出してください。 資源物回収拠点の検索は【資源物回収拠点検索】をご覧ください。 汚れた紙，においがついた紙などリサイクルできない紙は燃えるごみです。"
"401307","gomi00000119","カメラ","小型家電","区役所やスーパー等に設置している回収ボックスへ。設置場所の一覧はこちら 回収ボックスへ持ち込むことができない場合や，小型家電回収ボックスの投入口（ヨコ25ｃｍ × タテ8.5ｃｍ）に入らない大きさのものは燃えないごみへ。"
"401307","gomi00000120","カラーボックス（金属製）","粗大ごみ","袋に入って口が結べる大きさで，重さで袋が破けないものは燃えないごみで出すことができます。"
"401307","gomi00000121","カラーボックス（木製・プラスチック製）","粗大ごみ","袋に入って口が結べる大きさで，重さで袋が破けないものは燃えるごみで出すことができます。"
"401307","gomi00000122","カラオケセット","粗大ごみ",""
"401307","gomi00000123","ガラス","燃えないごみ","※割れたもの、割れやすいものは厚い紙で包んで「危険」と表示。"
"401307","gomi00000124","刈草","燃えるごみ",""
"401307","gomi00000125","枯れ木・枯れ枝類","燃えるごみ",""
"401307","gomi00000126","皮製品","燃えるごみ",""
"401307","gomi00000127","瓦","燃えないごみ",""
"401307","gomi00000128","缶","燃えないごみ",""
"401307","gomi00000129","換気扇","燃えないごみ",""
"401307","gomi00000130","岩石","燃えないごみ","量が多い場合は，袋の口が結べて，重さで袋が破けない程度に分けて出してください。"
"401307","gomi00000131","乾燥剤","燃えるごみ",""
"401307","gomi00000132","缶詰の缶","燃えないごみ",""
"401307","gomi00000133","乾電池","燃えないごみ","市内の家電量販店や公共施設等で、資源物としても回収しています。回収場所はこちら(https://www.city.fukuoka.lg.jp/kankyo/jigyokeigomi/life/keikoukankandenchi.html)。"
"401307","gomi00000134","感熱紙","燃えるごみ",""
"401307","gomi00000135","看板（金属製）","燃えないごみ",""
"401307","gomi00000136","看板（プラスチック製）","燃えるごみ",""
"401307","gomi00000137","観葉植物","燃えるごみ","燃えるごみの袋に入れて口が結べない大きさのもの，重さで袋が破けるものは粗大ごみです。"
"401307","gomi00000138","キーボード（楽器）","粗大ごみ",""
"401307","gomi00000139","キーボード（パソコン周辺機器）","燃えないごみ",""
"401307","gomi00000140","木くず","燃えるごみ",""
"401307","gomi00000141","ギター","粗大ごみ",""
"401307","gomi00000142","キックボード（金属製）","燃えないごみ","燃えないごみの袋に入れて口が結べない大きさのもの，重さで袋が破けるものは粗大ごみです。"
"401307","gomi00000143","キッチンペーパーの芯","古紙","小さいサイズのものは紙袋に入れて集め，紙袋ごとひもで十字にしばって地域集団回収や資源物回収拠点へ出してください。 資源物回収拠点の検索は資源物回収拠点検索をご覧ください。 汚れた紙，においがついた紙などリサイクルできない紙は燃えるごみです。"
"401307","gomi00000144","着物","燃えるごみ","地域集団回収やリサイクルボックスで「布」として回収している場合があります。 資源物回収拠点の検索は【資源物回収拠点検索】をご覧ください。"
"401307","gomi00000145","脚立","粗大ごみ","袋に入って口が結べる大きさで，重さで袋が破けないものは燃えないごみで出すことができます。"
"401307","gomi00000146","キャビネット","粗大ごみ",""
"401307","gomi00000147","給湯器","燃えないごみ",""
"401307","gomi00000148","教科書","古紙","「段ボール」「新聞紙」「雑がみ（その他の紙）」に分けて，それぞれひもで十字にしばって地域集団回収や資源物回収拠点へ出してください。 資源物回収拠点の検索は【資源物回収拠点検索】をご覧ください。 汚れた紙，においがついた紙などリサイクルできない紙は燃えるごみです。"
"401307","gomi00000149","鏡台","粗大ごみ",""
"401307","gomi00000150","漁網","燃えるごみ",""
"401307","gomi00000151","金庫","燃えないごみ","扉が開いた状態であること"
"401307","gomi00000152","金庫の扉","燃えないごみ",""
"401307","gomi00000153","金属容器","燃えないごみ",""
"401307","gomi00000154","クーラー（エアコン等）","家電リサイクル法対象品","次のいずれかの方法で処分してください。 ①買い替えるときに引き取ってもらう ②購入した小売店に連絡して引き取ってもらう ③①，②に該当しない場合は，市内のヤマダデンキの各店舗で引き取りの予約をする。 ※引き取りには料金がかかります。引き取り先にご確認ください。"
"401307","gomi00000155","クーラーの室外機","家電リサイクル法対象品","次のいずれかの方法で処分してください。 ①買い替えるときに引き取ってもらう ②購入した小売店に連絡して引き取ってもらう ③①，②に該当しない場合は，市内のヤマダデンキの各店舗で引き取りの予約をする。 ※引き取りには料金がかかります。引き取り先にご確認ください。"
"401307","gomi00000156","クーラーボックス（プラスチック製）","燃えるごみ","燃えるごみの袋に入れて口が結べない大きさのもの，重さで袋が破けるものは粗大ごみです。"
"401307","gomi00000157","空気清浄機","燃えないごみ","燃えないごみの袋に入れて口が結べない大きさのもの，重さで袋が破けるものは粗大ごみです。"
"401307","gomi00000158","草（生花等も含む）","燃えるごみ",""
"401307","gomi00000159","草刈機
（小型）","燃えないごみ","燃えないごみの袋に入れて口が結べない大きさのもの，重さで袋が破けるものは粗大ごみです。"
"401307","gomi00000160","靴","燃えるごみ","金具類はついたままでかまいません。"
"401307","gomi00000161","グラス（ガラス）","燃えないごみ","※割れたもの、割れやすいものは厚い紙で包んで「危険」と表示。"
"401307","gomi00000162","グラスファイバー
製品","燃えないごみ",""
"401307","gomi00000163","クリスタルガラス","燃えないごみ","※割れたもの、割れやすいものは厚い紙で包んで「危険」と表示。"
"401307","gomi00000164","車いす","粗大ごみ","袋に入って口が結べる大きさで，重さで袋が破けないものは燃えないごみで出すことができます。"
"401307","gomi00000165","車のシート","市で収集しないごみ","販売店へご相談ください。"
"401307","gomi00000166","車のドア","市で収集しないごみ","販売店へご相談ください。"
"401307","gomi00000167","車のバンパー","粗大ごみ",""
"401307","gomi00000168","車のホイール　　　　　　　　","市で収集しないごみ","販売店へご相談ください。"
"401307","gomi00000169","車の窓ガラス","燃えないごみ","※割れたもの、割れやすいものは厚い紙で包んで「危険」と表示。"
"401307","gomi00000170","ケーブル","小型家電","区役所やスーパー等に設置している回収ボックスへ。設置場所の一覧はこちら 回収ボックスへ持ち込むことができない場合や，小型家電回収ボックスの投入口（ヨコ25ｃｍ × タテ8.5ｃｍ）に入らない大きさのものは燃えないごみへ。"
"401307","gomi00000171","ケーブルドラム","燃えないごみ",""
"401307","gomi00000172","ゲーム機","小型家電","区役所やスーパー等に設置している回収ボックスへ。設置場所の一覧はこちら 回収ボックスへ持ち込むことができない場合や，小型家電回収ボックスの投入口（ヨコ25ｃｍ × タテ8.5ｃｍ）に入らない大きさのものは燃えないごみへ。"
"401307","gomi00000173","蛍光管","燃えないごみ","袋からはみ出してもかまいません。 市内の家電量販店やホームセンター，区役所・市民センター等の資源物回収ボックス，３Ｒステーション等で資源物として回収しています。 家電量販店やホームセンター等の回収拠点の一覧はこちら(http://www.city.fukuoka.lg.jp/kankyo/jigyokeigomi/life/keikoukankandenchi.html)"
"401307","gomi00000174","蛍光灯","燃えないごみ","袋からはみ出してもかまいません。 市内の家電量販店やホームセンター，区役所・市民センター等の資源物回収ボックス，３Ｒステーション等で資源物として回収しています。 家電量販店やホームセンター等の回収拠点の一覧はこちら(http://www.city.fukuoka.lg.jp/kankyo/jigyokeigomi/life/keikoukankandenchi.html)"
"401307","gomi00000175","珪藻土のバスマット","燃えないごみ","燃えないごみの袋に入れて口が結べない大きさのもの，重さで袋が破けるものは粗大ごみです。※石綿（アスベスト）を含む珪藻土製品のメーカー自主回収についてはこちら(https://www.city.fukuoka.lg.jp/kankyo/jigyokeigomi/life/katei-bunbetsu/asubesuto_keisoudo_kaisyu.html)をご確認ください。（令和2年12月）"
"401307","gomi00000176","携帯電話","小型家電","区役所やスーパー等に設置している回収ボックスへ。設置場所の一覧はこちら 回収ボックスへ持ち込むことができない場合や，小型家電回収ボックスの投入口（ヨコ25ｃｍ × タテ8.5ｃｍ）に入らない大きさのものは燃えないごみへ。"
"401307","gomi00000177","軽油","市で収集しないごみ","販売店へご相談ください。"
"401307","gomi00000178","化粧品のびん","空きびん・ペットボトル","ふたをはずし，中を軽くすすいで出してください。 金属製のふたは燃えないごみ，プラスチック製のふたは燃えるごみです。"
"401307","gomi00000179","下駄箱（金属製）","粗大ごみ","袋に入って口が結べる大きさで，重さで袋が破けないものは燃えないごみで出すことができます。"
"401307","gomi00000180","下駄箱（木製・プラスチック製）","粗大ごみ","袋に入って口が結べる大きさで，重さで袋が破けないものは燃えるごみで出すことができます。"
"401307","gomi00000181","ケチャップの容器（プラスチック製）","燃えるごみ",""
"401307","gomi00000182","血圧計（水銀血圧計）","燃えないごみ","薬局や公共施設等で回収しています。持ち込みにご協力ください。
回収場所についてはこちら(https://www.city.fukuoka.lg.jp/kankyo/jigyokeigomi/life/suiginn_1_1.html)"
"401307","gomi00000183","血圧計（電気式）","小型家電","区役所やスーパー等に設置している回収ボックスへ。設置場所の一覧はこちら 回収ボックスへ持ち込むことができない場合や，小型家電回収ボックスの投入口（ヨコ25ｃｍ × タテ8.5ｃｍ）に入らない大きさのものは燃えないごみへ。"
"401307","gomi00000184","コード","小型家電","区役所やスーパー等に設置している回収ボックスへ。設置場所の一覧はこちら 回収ボックスへ持ち込むことができない場合や，小型家電回収ボックスの投入口（ヨコ25ｃｍ × タテ8.5ｃｍ）に入らない大きさのものは燃えないごみへ。"
"401307","gomi00000185","コート","燃えるごみ","地域集団回収やリサイクルボックスで「布」として回収している場合があります。 資源物回収拠点の検索は【資源物回収拠点検索】をご覧ください。"
"401307","gomi00000186","コイン型電池","燃えないごみ","型式CR、BRで始まるもの"
"401307","gomi00000187","銅管","燃えないごみ",""
"401307","gomi00000188","工具・工具の部品","燃えないごみ",""
"401307","gomi00000189","合板","燃えるごみ","燃えるごみの袋に入れて口が結べない大きさのもの，重さで袋が破けるものは粗大ごみです。"
"401307","gomi00000190","こたつ","粗大ごみ",""
"401307","gomi00000191","こたつのヒーター","燃えないごみ",""
"401307","gomi00000192","こたつ布団","粗大ごみ","袋に入って口が結べる大きさで，重さで袋が破けないものは燃えるごみで出すことができます。"
"401307","gomi00000193","コップ（金属製・ガラス製）","燃えないごみ","※割れたもの、割れやすいものは厚い紙で包んで「危険」と表示。"
"401307","gomi00000194","コップ（木製・プラスチック製）","燃えるごみ",""
"401307","gomi00000195","コピー用紙","古紙","「段ボール」「新聞紙」「雑がみ（その他の紙）」に分けて，それぞれひもで十字にしばって地域集団回収や資源物回収拠点へ出してください。 資源物回収拠点の検索は【資源物回収拠点検索】をご覧ください。 汚れた紙，においがついた紙などリサイクルできない紙は燃えるごみです。"
"401307","gomi00000196","ゴム靴等","燃えるごみ",""
"401307","gomi00000197","ゴルフクラブ","燃えないごみ",""
"401307","gomi00000198","ゴルフバッグ","粗大ごみ",""
"401307","gomi00000199","ゴルフボール","燃えるごみ",""
"401307","gomi00000200","コンクリート塊","燃えないごみ","量が多い場合は，袋の口が結べて，重さで袋が破けない程度に分けて出してください。"
"401307","gomi00000201","コンポ","粗大ごみ","袋に入って口が結べる大きさで，重さで袋が破けないものは燃えないごみで出すことができます。"
"401307","gomi00000202","コンポスト（たい肥）","燃えるごみ",""
"401307","gomi00000203","コンロ","燃えないごみ","燃えないごみの袋に入れて口が結べない大きさのもの，重さで袋が破けるものは粗大ごみです。"
"401307","gomi00000204","サーフィンボード","粗大ごみ",""
"401307","gomi00000205","サイクリングマシン","粗大ごみ",""
"401307","gomi00000206","座椅子（金属が入っていないもの）","粗大ごみ","袋に入って口が結べる大きさで，重さで袋が破けないものは燃えるごみで出すことができます。"
"401307","gomi00000207","座椅子（金属が入っているもの）","粗大ごみ","袋に入って口が結べる大きさで，重さで袋が破けないものは燃えないごみで出すことができます。"
"401307","gomi00000208","サイドボード","粗大ごみ",""
"401307","gomi00000209","材木","燃えるごみ","燃えるごみの袋に入れて口が結べない大きさのもの，重さで袋が破けるものは粗大ごみです。"
"401307","gomi00000210","酒のびん","空きびん・ペットボトル","ふたをはずし，中を軽くすすいで出してください。 金属製のふたは燃えないごみ，プラスチック製のふたは燃えるごみです。"
"401307","gomi00000211","酒のペットボトル","空きびん・ペットボトル","キャップとラベルをはずし，中を軽くすすいで横につぶして出してください。 キャップとラベルは燃えるごみです。"
"401307","gomi00000212","サッカーボール","燃えるごみ",""
"401307","gomi00000213","雑誌","古紙","「段ボール」「新聞紙」「雑がみ（その他の紙）」に分けて，それぞれひもで十字にしばって地域集団回収や資源物回収拠点へ出してください。 資源物回収拠点の検索は【資源物回収拠点検索】をご覧ください。 汚れた紙，においがついた紙などリサイクルできない紙は燃えるごみです。"
"401307","gomi00000214","雑草","燃えるごみ",""
"401307","gomi00000215","殺虫剤の缶","燃えないごみ","必ず中身を使い切ってください。ガス抜きキャップがついているものは，缶に記載された方法でガスを出し切ってください。ガス抜きキャップがついていないものは，ノズルを硬い地面に押し当ててガスを出し切ってください。空になった缶は穴あけ不要です。 ※ガス抜きは必ず火気のない風通しの良い場所で行ってください。"
"401307","gomi00000216","皿（紙製・木製・プラスチック製）","燃えるごみ",""
"401307","gomi00000217","皿（金属製・ガラス製・陶器製）","燃えないごみ","※割れたもの、割れやすいものは厚い紙で包んで「危険」と表示。"
"401307","gomi00000218","三輪車","粗大ごみ","袋に入って口が結べる大きさで，重さで袋が破けないものは燃えないごみで出すことができます。"
"401307","gomi00000219","ＣＤディスク","燃えるごみ",""
"401307","gomi00000220","ＣＤプレーヤー","燃えないごみ","区役所やスーパー等に設置している回収ボックスへ。設置場所の一覧はこちら 回収ボックスへ持ち込むことができない場合や，小型家電回収ボックスの投入口（ヨコ25ｃｍ × タテ8.5ｃｍ）に入らない大きさのものは燃えないごみへ。対象"
"401307","gomi00000221","ＣＤラジカセ","燃えないごみ","区役所やスーパー等に設置している回収ボックスへ。設置場所の一覧はこちら 回収ボックスへ持ち込むことができない場合や，小型家電回収ボックスの投入口（ヨコ25ｃｍ × タテ8.5ｃｍ）に入らない大きさのものは燃えないごみへ。対象"
"401307","gomi00000222","辞書,辞典","古紙","「段ボール」「新聞紙」「雑がみ（その他の紙）」に分けて，それぞれひもで十字にしばって地域集団回収や資源物回収拠点へ出してください。 資源物回収拠点の検索は【資源物回収拠点検索】をご覧ください。 汚れた紙，においがついた紙などリサイクルできない紙は燃えるごみです。"
"401307","gomi00000223","下着","燃えるごみ",""
"401307","gomi00000224","室外機","家電リサイクル法対象品","次のいずれかの方法で処分してください。 ①買い替えるときに引き取ってもらう ②購入した小売店に連絡して引き取ってもらう ③①，②に該当しない場合は，市内のヤマダデンキの各店舗で引き取りの予約をする。 ※引き取りには料金がかかります。引き取り先にご確認ください。"
"401307","gomi00000225","自転車","粗大ごみ",""
"401307","gomi00000226","自転車(一輪車・リヤカー）のタイヤ（金属のホイールがついたもの）","燃えないごみ","燃えないごみの袋に入れて口が結べない大きさのもの，重さで袋が破けるものは粗大ごみです。"
"401307","gomi00000227","自転車(一輪車・リヤカー）のタイヤ（タイヤ部分のみ）","燃えるごみ",""
"401307","gomi00000228","自動車","市で収集しないごみ","販売店へご相談ください。"
"401307","gomi00000229","芝刈り機
（小型）","燃えないごみ","燃えないごみの袋に入れて口が結べない大きさのもの，重さで袋が破けるものは粗大ごみです。"
"401307","gomi00000230","芝生","燃えるごみ",""
"401307","gomi00000231","蛇口","燃えないごみ",""
"401307","gomi00000232","シャツ","燃えるごみ","地域集団回収やリサイクルボックスで「布」として回収している場合があります。 資源物回収拠点の検索は【資源物回収拠点検索】をご覧ください。"
"401307","gomi00000233","ジャムのびん","空きびん・ペットボトル","ふたをはずし，中を軽くすすいで出してください。 金属製のふたは燃えないごみ，プラスチック製のふたは燃えるごみです。"
"401307","gomi00000234","シャンプー・リンスのボトル","燃えるごみ",""
"401307","gomi00000235","ジュースのびん","空きびん・ペットボトル","ふたをはずし，中を軽くすすいで出してください。 金属製のふたは燃えないごみ，プラスチック製のふたは燃えるごみです。"
"401307","gomi00000236","ジュースのペットボトル","空きびん・ペットボトル","キャップとラベルをはずし，中を軽くすすいで横につぶして出してください。 キャップとラベルは燃えるごみです。"
"401307","gomi00000237","じゅうたん","粗大ごみ","燃えるごみの袋に入れて口が結べない大きさのもの，重さで袋が破けるものは粗大ごみです。"
"401307","gomi00000238","充電器","小型家電","区役所やスーパー等に設置している回収ボックスへ。設置場所の一覧はこちら 回収ボックスへ持ち込むことができない場合や，小型家電回収ボックスの投入口（ヨコ25ｃｍ × タテ8.5ｃｍ）に入らない大きさのものは燃えないごみへ。"
"401307","gomi00000239","充電式電池","市で収集しないごみ","火災事故の原因となりますので、ごみ袋では出さないでください。
回収ボックスが設置してある公共施設や電器店などへ。詳細はこちら(http://kateigomi-bunbetsu.city.fukuoka.lg.jp/rule/collect)。"
"401307","gomi00000240","シュロ","燃えるごみ",""
"401307","gomi00000241","瞬間湯沸かし器","燃えないごみ",""
"401307","gomi00000242","消火器","市で収集しないごみ","製造メーカーにご相談するか、(株)消火器リサイクル推進センターホームページで指定引取場所等をご確認ください。"
"401307","gomi00000243","消火器（スプレー缶タイプの簡易消火器）","燃えないごみ","必ず中身を使い切ってください。ガス抜きキャップがついているものは，缶に記載された方法でガスを出し切ってください。ガス抜きキャップがついていないものは，ノズルを硬い地面に押し当ててガスを出し切ってください。空になった缶は穴あけ不要です。 ※ガス抜きは必ず火気のない風通しの良い場所で行ってください。"
"401307","gomi00000244","浄水器","燃えないごみ",""
"401307","gomi00000245","照明器具","燃えないごみ",""
"401307","gomi00000246","照明器具のかさ（木製・プラスチック製）","燃えるごみ","燃えるごみの袋に入れて口が結べない大きさのもの，重さで袋が破けるものは粗大ごみです。"
"401307","gomi00000247","醤油のびん","空きびん・ペットボトル","ふたをはずし，中を軽くすすいで出してください。 金属製のふたは燃えないごみ，プラスチック製のふたは燃えるごみです。"
"401307","gomi00000248","醤油のペットボトル","空きびん・ペットボトル","キャップとラベルをはずし，中を軽くすすいで横につぶして出してください。 キャップとラベルは燃えるごみです。"
"401307","gomi00000249","食品トレイ","燃えるごみ","区役所・市民センター等９か所の資源物回収ボックス（白色トレイのみ）での回収やスーパーでも店頭回収されています。"
"401307","gomi00000250","植物","燃えるごみ",""
"401307","gomi00000251","食用油","燃えるごみ","布や紙に染みこませるか，凝固剤で固めて出してください。
区役所・市民センター等，市内９か所の資源物回収ボックスでの回収も行っています。食用油の回収についてはこちら(http://www.city.fukuoka.lg.jp/kankyo/jigyokeigomi/life/shiyouzumishokuyouabura.html)"
"401307","gomi00000252","除湿器","燃えないごみ","燃えないごみの袋に入れて口が結べない大きさのもの，重さで袋が破けるものは粗大ごみです。"
"401307","gomi00000253","食器（金属製・ガラス製・陶器製）","燃えないごみ",""
"401307","gomi00000254","食器（紙製・木製・プラスチック製）","燃えるごみ",""
"401307","gomi00000255","食器洗い乾燥機（食洗機）","粗大ごみ","袋に入って口が結べる大きさで，重さで袋が破けないものは燃えないごみで出すことができます。"
"401307","gomi00000256","食器乾燥機","燃えないごみ","燃えないごみの袋に入れて口が結べない大きさのもの，重さで袋が破けるものは粗大ごみです。"
"401307","gomi00000257","食器棚","粗大ごみ",""
"401307","gomi00000258","書類","古紙","小さいサイズのものは紙袋に入れて集め，紙袋ごとひもで十字にしばって地域集団回収や資源物回収拠点へ出してください。 資源物回収拠点の検索は資源物回収拠点検索をご覧ください。 汚れた紙，においがついた紙などリサイクルできない紙は燃えるごみです。"
"401307","gomi00000259","シリカゲル","燃えるごみ",""
"401307","gomi00000260","シルバーカー（手押し車）","粗大ごみ","袋に入って口が結べる大きさで，重さで袋が破けないものは燃えないごみで出すことができます。"
"401307","gomi00000261","新聞紙","古紙","「段ボール」「新聞紙」「雑がみ（その他の紙）」に分けて，それぞれひもで十字にしばって地域集団回収や資源物回収拠点へ出してください。 資源物回収拠点の検索は【資源物回収拠点検索】をご覧ください。 汚れた紙，においがついた紙などリサイクルできない紙は燃えるごみです。"
"401307","gomi00000262","スーツ","燃えるごみ","地域集団回収やリサイクルボックスで「布」として回収している場合があります。 資源物回収拠点の検索は【資源物回収拠点検索】をご覧ください。"
"401307","gomi00000263","スーツケース（金属製）","燃えないごみ","燃えないごみの袋に入れて口が結べない大きさのもの，重さで袋が破けるものは粗大ごみです。"
"401307","gomi00000264","スーツケース（プラスチック製・布製）","燃えるごみ","燃えるごみの袋に入れて口が結べない大きさのもの，重さで袋が破けるものは粗大ごみです。"
"401307","gomi00000265","水銀灯","燃えないごみ",""
"401307","gomi00000266","水槽","燃えないごみ","燃えないごみの袋に入れて口が結べない大きさのもの，重さで袋が破けるものは粗大ごみです。"
"401307","gomi00000267","炊飯器","燃えないごみ",""
"401307","gomi00000268","スカート","燃えるごみ","地域集団回収やリサイクルボックスで「布」として回収している場合があります。 資源物回収拠点の検索は【資源物回収拠点検索】をご覧ください。"
"401307","gomi00000269","図鑑","古紙","「段ボール」「新聞紙」「雑がみ（その他の紙）」に分けて，それぞれひもで十字にしばって地域集団回収や資源物回収拠点へ出してください。 資源物回収拠点の検索は【資源物回収拠点検索】をご覧ください。 汚れた紙，においがついた紙などリサイクルできない紙は燃えるごみです。"
"401307","gomi00000270","スキー板","粗大ごみ",""
"401307","gomi00000271","スキー靴","燃えるごみ",""
"401307","gomi00000272","スキャナー","燃えないごみ","燃えないごみの袋に入れて口が結べない大きさのもの，重さで袋が破けるものは粗大ごみです。"
"401307","gomi00000273","スクーター","市で収集しないごみ","販売店へご相談ください。"
"401307","gomi00000274","すだれ","粗大ごみ","袋に入って口が結べる大きさで，重さで袋が破けないものは燃えるごみで出すことができます。"
"401307","gomi00000275","スチール缶","燃えないごみ",""
"401307","gomi00000276","ステレオ","粗大ごみ","袋に入って口が結べる大きさで，重さで袋が破けないものは燃えないごみで出すことができます。"
"401307","gomi00000277","スノーボード","粗大ごみ",""
"401307","gomi00000278","すのこ","粗大ごみ","袋に入って口が結べる大きさで，重さで袋が破けないものは燃えるごみで出すことができます。"
"401307","gomi00000279","酢のびん（食酢・穀物酢・醸造酢）","空きびん・ペットボトル","ふたをはずし，中を軽くすすいで出してください。 金属製のふたは燃えないごみ，プラスチック製のふたは燃えるごみです。"
"401307","gomi00000280","酢のペットボトル","空きびん・ペットボトル","キャップとラベルをはずし，中を軽くすすいで横につぶして出してください。 キャップとラベルは燃えるごみです。"
"401307","gomi00000281","スピーカー","粗大ごみ","袋に入って口が結べる大きさで，重さで袋が破けないものは燃えないごみで出すことができます。"
"401307","gomi00000282","スピーカー（パソコン周辺機器）","燃えないごみ","区役所やスーパー等に設置している回収ボックスへ。設置場所の一覧はこちら 回収ボックスへ持ち込むことができない場合や，小型家電回収ボックスの投入口（ヨコ25ｃｍ × タテ8.5ｃｍ）に入らない大きさのものは燃えないごみへ。対象"
"401307","gomi00000283","スプレー缶","燃えないごみ","必ず中身を使い切ってください。ガス抜きキャップがついているものは，缶に記載された方法でガスを出し切ってください。ガス抜きキャップがついていないものは，ノズルを硬い地面に押し当ててガスを出し切ってください。空になった缶は穴あけ不要です。 ※ガス抜きは必ず火気のない風通しの良い場所で行ってください。"
"401307","gomi00000284","ズボン","燃えるごみ","地域集団回収やリサイクルボックスで「布」として回収している場合があります。 資源物回収拠点の検索は【資源物回収拠点検索】をご覧ください。"
"401307","gomi00000285","スポンジ","燃えるごみ",""
"401307","gomi00000286","炭","燃えるごみ",""
"401307","gomi00000287","セーター","燃えるごみ","地域集団回収やリサイクルボックスで「布」として回収している場合があります。 資源物回収拠点の検索は【資源物回収拠点検索】をご覧ください。"
"401307","gomi00000288","石碑","粗大ごみ",""
"401307","gomi00000289","石油缶","燃えないごみ","中身を空にして出してください"
"401307","gomi00000290","石油ストーブ","粗大ごみ","袋に入って口が結べる大きさで，重さで袋が破けないものは燃えないごみで出すことができます。"
"401307","gomi00000291","石灰","燃えないごみ","粉状では出せません。必ず固めた状態に。"
"401307","gomi00000292","セメント","燃えないごみ","粉状では出せません。必ず固めた状態に。"
"401307","gomi00000293","栓（金属製）","燃えないごみ",""
"401307","gomi00000294","栓（コルク・木製・プラスチック製）","燃えるごみ",""
"401307","gomi00000295","繊維くず","燃えるごみ",""
"401307","gomi00000296","線香の紙箱","燃えるごみ",""
"401307","gomi00000297","洗剤","燃えるごみ","液体のものは，紙や布に染み込ませてください。"
"401307","gomi00000298","洗剤の箱（紙製・プラスチック製）","燃えるごみ",""
"401307","gomi00000299","洗剤の容器（プラスチック製）","燃えるごみ",""
"401307","gomi00000300","洗浄便座（温水便座）","燃えないごみ","洗浄すること。"
"401307","gomi00000301","洗濯機","家電リサイクル法対象品","次のいずれかの方法で処分してください。 ①買い替えるときに引き取ってもらう ②購入した小売店に連絡して引き取ってもらう ③①，②に該当しない場合は，市内のヤマダデンキの各店舗で引き取りの予約をする。 ※引き取りには料金がかかります。引き取り先にご確認ください。"
"401307","gomi00000302","剪定枝","燃えるごみ","リサイクルのため、民間のせん定枝の受入れ施設等への持ち込みにご協力お願いします。
ごみの自己搬入について（市HP）(https://www.city.fukuoka.lg.jp/kankyo/kanri/hp/jikohannyuu.html)
※受け入れ時間・料金は直接お問い合わせください。"
"401307","gomi00000303","剪定樹木","燃えるごみ","リサイクルのため、民間のせん定枝の受入れ施設等への持ち込みにご協力お願いします。
ごみの自己搬入について（市HP）(https://www.city.fukuoka.lg.jp/kankyo/kanri/hp/jikohannyuu.html)
※受け入れ時間・料金は直接お問い合わせください。"
"401307","gomi00000304","扇風機","燃えないごみ","燃えないごみの袋に入れて口が結べない大きさのもの，重さで袋が破けるものは粗大ごみです。"
"401307","gomi00000305","洗面器","燃えるごみ",""
"401307","gomi00000306","造花","燃えるごみ","ワイヤー入りのもの、金属製のものは燃えないごみ"
"401307","gomi00000307","掃除機","燃えないごみ",""
"401307","gomi00000308","ソテツ","燃えるごみ","燃えるごみの袋に入れて口が結べない大きさのもの，重さで袋が破けるものは粗大ごみです。"
"401307","gomi00000309","外付けドライブ（ＣＤ，ＤＶＤなど）","小型家電","区役所やスーパー等に設置している回収ボックスへ。設置場所の一覧はこちら 回収ボックスへ持ち込むことができない場合や，小型家電回収ボックスの投入口（ヨコ25ｃｍ × タテ8.5ｃｍ）に入らない大きさのものは燃えないごみへ。"
"401307","gomi00000310","外付けハードディスク","小型家電","区役所やスーパー等に設置している回収ボックスへ。設置場所の一覧はこちら 回収ボックスへ持ち込むことができない場合や，小型家電回収ボックスの投入口（ヨコ25ｃｍ × タテ8.5ｃｍ）に入らない大きさのものは燃えないごみへ。"
"401307","gomi00000311","ソファー（ソファーベッドも含む）","粗大ごみ","ソファーのスプリングは、収集や処理の支障となるため、指定袋では収集できません。解体せずに粗大ごみとして出してください。"
"401307","gomi00000312","体温計（水銀体温計）","燃えないごみ","薬局や公共施設等で回収しています。持ち込みにご協力ください。
回収場所についてはこちら(https://www.city.fukuoka.lg.jp/kankyo/jigyokeigomi/life/suiginn_1_1.html)"
"401307","gomi00000313","体温計（電気式）","小型家電","区役所やスーパー等に設置している回収ボックスへ。設置場所の一覧はこちら 回収ボックスへ持ち込むことができない場合や，小型家電回収ボックスの投入口（ヨコ25ｃｍ × タテ8.5ｃｍ）に入らない大きさのものは燃えないごみへ。"
"401307","gomi00000314","台車","粗大ごみ",""
"401307","gomi00000315","体重計","燃えないごみ",""
"401307","gomi00000316","耐熱ガラス","燃えないごみ","※割れたもの、割れやすいものは厚い紙で包んで「危険」と表示。"
"401307","gomi00000317","タイヤ（車，バイク）","市で収集しないごみ","販売店へご相談ください。"
"401307","gomi00000318","タイヤチェーン（金属製）","燃えないごみ",""
"401307","gomi00000319","タイヤチェーン（ゴム製）","燃えるごみ",""
"401307","gomi00000320","タイル","燃えないごみ",""
"401307","gomi00000321","タオル","燃えるごみ","地域集団回収やリサイクルボックスで「布」として回収している場合があります。 資源物回収拠点の検索は【資源物回収拠点検索】をご覧ください。"
"401307","gomi00000322","卓上コンロ","燃えないごみ",""
"401307","gomi00000323","卓上冷温水器
（冷水器含む）","燃えないごみ","燃えないごみの袋に入れて口が結べない大きさのもの，重さで袋が破けるものは粗大ごみです。"
"401307","gomi00000324","竹","燃えるごみ",""
"401307","gomi00000325","畳","粗大ごみ",""
"401307","gomi00000326","種","燃えるごみ",""
"401307","gomi00000327","タブレット端末（パソコン以外）","小型家電","区役所やスーパー等に設置している回収ボックスへ。設置場所の一覧はこちら 回収ボックスへ持ち込むことができない場合や，小型家電回収ボックスの投入口（ヨコ25ｃｍ × タテ8.5ｃｍ）に入らない大きさのものは燃えないごみへ。"
"401307","gomi00000328","タブレットＰＣ（パソコン）","パソコン",""
"401307","gomi00000329","卵の殻","燃えるごみ",""
"401307","gomi00000330","卵のパック（プラスチック製）","燃えるごみ",""
"401307","gomi00000331","タンス","粗大ごみ",""
"401307","gomi00000332","段ボール","古紙","「段ボール」「新聞紙」「雑がみ（その他の紙）」に分けて，それぞれひもで十字にしばって地域集団回収や資源物回収拠点へ出してください。 資源物回収拠点の検索は【資源物回収拠点検索】をご覧ください。 汚れた紙，においがついた紙などリサイクルできない紙は燃えるごみです。"
"401307","gomi00000333","暖房便座","燃えないごみ",""
"401307","gomi00000334","チェーン","燃えないごみ",""
"401307","gomi00000335","チャイルドシート","粗大ごみ","袋に入って口が結べる大きさで，重さで袋が破けないものは燃えないごみで出すことができます。"
"401307","gomi00000336","茶碗類（陶器製・ガラス製）","燃えないごみ",""
"401307","gomi00000337","茶碗類（プラスチック製）","燃えるごみ",""
"401307","gomi00000338","チューナー","燃えないごみ","区役所やスーパー等に設置している回収ボックスへ。設置場所の一覧はこちら 回収ボックスへ持ち込むことができない場合や，小型家電回収ボックスの投入口（ヨコ25ｃｍ × タテ8.5ｃｍ）に入らない大きさのものは燃えないごみへ。対象"
"401307","gomi00000339","注射針","","かかりつけの医療機関もしくは，回収をしている薬局へ回収をしている薬局はこちら(http://www.city.fukuoka.lg.jp/kankyo/jigyokeigomi/hp/jikotyushabarikaishu.html)。"
"401307","gomi00000340","提灯（ワイヤー入り）","燃えないごみ",""
"401307","gomi00000341","調味料（しょうゆ・酒など）のペットボトル","空きびん・ペットボトル","キャップとラベルをはずし，中を軽くすすいで横につぶして出してください。 キャップとラベルは燃えるごみです。"
"401307","gomi00000342","調味料（しょうゆ・酢・こしょうなど）のびん","空きびん・ペットボトル","ふたをはずし，中を軽くすすいで出してください。 金属製のふたは燃えないごみ，プラスチック製のふたは燃えるごみです。"
"401307","gomi00000343","チラシ（新聞折り込み）","古紙","「段ボール」「新聞紙」「雑がみ（その他の紙）」に分けて，それぞれひもで十字にしばって地域集団回収や資源物回収拠点へ出してください。 資源物回収拠点の検索は【資源物回収拠点検索】をご覧ください。 汚れた紙，においがついた紙などリサイクルできない紙は燃えるごみです。"
"401307","gomi00000344","チラシ（新聞折り込み以外のもの）","古紙","小さいサイズのものは紙袋に入れて集め，紙袋ごとひもで十字にしばって地域集団回収や資源物回収拠点へ出してください。 資源物回収拠点の検索は資源物回収拠点検索をご覧ください。 汚れた紙，においがついた紙などリサイクルできない紙は燃えるごみです。"
"401307","gomi00000345","使い捨てカイロ","燃えないごみ",""
"401307","gomi00000346","使い捨てライター","燃えるごみ","ガスは出し切って。"
"401307","gomi00000347","机","粗大ごみ",""
"401307","gomi00000348","壺","燃えないごみ","※割れたもの、割れやすいものは厚い紙で包んで「危険」と表示。"
"401307","gomi00000349","釣り糸","燃えるごみ",""
"401307","gomi00000350","釣り竿（グラスファイバー・ＦＲＰ製）","燃えないごみ",""
"401307","gomi00000351","釣り竿（竹・カーボン・樹脂製）","燃えるごみ",""
"401307","gomi00000352","釣り針","燃えないごみ",""
"401307","gomi00000353","テーブル","粗大ごみ",""
"401307","gomi00000354","テーブルクロス","燃えるごみ",""
"401307","gomi00000355","Ｔシャツ","燃えるごみ","地域集団回収やリサイクルボックスで「布」として回収している場合があります。 資源物回収拠点の検索は【資源物回収拠点検索】をご覧ください。"
"401307","gomi00000356","ＤＶＤディスク","燃えるごみ",""
"401307","gomi00000357","ＤＶＤプレイヤー","燃えないごみ","区役所やスーパー等に設置している回収ボックスへ。設置場所の一覧はこちら 回収ボックスへ持ち込むことができない場合や，小型家電回収ボックスの投入口（ヨコ25ｃｍ × タテ8.5ｃｍ）に入らない大きさのものは燃えないごみへ。対象"
"401307","gomi00000358","ディスプレイ（パソコン）","パソコン",""
"401307","gomi00000359","ティッシュの箱（ビニール部分除く）","古紙","小さいサイズのものは紙袋に入れて集め，紙袋ごとひもで十字にしばって地域集団回収や資源物回収拠点へ出してください。 資源物回収拠点の検索は資源物回収拠点検索をご覧ください。 汚れた紙，においがついた紙などリサイクルできない紙は燃えるごみです。"
"401307","gomi00000360","ティッシュペーパー","燃えるごみ",""
"401307","gomi00000361","デジタルオーディオプレーヤー","小型家電","区役所やスーパー等に設置している回収ボックスへ。設置場所の一覧はこちら 回収ボックスへ持ち込むことができない場合や，小型家電回収ボックスの投入口（ヨコ25ｃｍ × タテ8.5ｃｍ）に入らない大きさのものは燃えないごみへ。"
"401307","gomi00000362","デジタルカメラ","小型家電","区役所やスーパー等に設置している回収ボックスへ。設置場所の一覧はこちら 回収ボックスへ持ち込むことができない場合や，小型家電回収ボックスの投入口（ヨコ25ｃｍ × タテ8.5ｃｍ）に入らない大きさのものは燃えないごみへ。"
"401307","gomi00000363","デスク","粗大ごみ",""
"401307","gomi00000364","鉄板","燃えないごみ","燃えないごみの袋に入れて口が結べない大きさのもの，重さで袋が破けるものは粗大ごみです。"
"401307","gomi00000365","テニスボール","燃えるごみ",""
"401307","gomi00000366","テレビ","家電リサイクル法対象品","次のいずれかの方法で処分してください。 ①買い替えるときに引き取ってもらう ②購入した小売店に連絡して引き取ってもらう ③①，②に該当しない場合は，市内のヤマダデンキの各店舗で引き取りの予約をする。 ※引き取りには料金がかかります。引き取り先にご確認ください。"
"401307","gomi00000367","電気カーペット","粗大ごみ","燃えるごみの袋に入れて口が結べない大きさのもの，重さで袋が破けるものは粗大ごみです。電気コードが簡単に分離できる場合は、コードは燃えないごみに入れてください。"
"401307","gomi00000368","電気スタンド","燃えないごみ",""
"401307","gomi00000369","電気ポット","燃えないごみ",""
"401307","gomi00000370","電気毛布","燃えるごみ","燃えるごみの袋に入れて口が結べない大きさのもの，重さで袋が破けるものは粗大ごみです。"
"401307","gomi00000371","電球","燃えないごみ",""
"401307","gomi00000372","電子たばこ","市で収集しないごみ","火災事故の原因となりますので、ごみ袋では出さないでください。
一般社団法人日本たばこ協会(https://www.tioj.or.jp/)による回収か、市内の家電量販店や公共施設等に設置している乾電池回収ボックス(https://www.city.fukuoka.lg.jp/kankyo/jigyokeigomi/life/keikoukankandenchi.html)へ。"
"401307","gomi00000373","電子ピアノ","粗大ごみ",""
"401307","gomi00000374","電子レンジ","粗大ごみ","袋に入って口が結べる大きさで，重さで袋が破けないものは燃えないごみで出すことができます。"
"401307","gomi00000375","電卓","小型家電","区役所やスーパー等に設置している回収ボックスへ。設置場所の一覧はこちら 回収ボックスへ持ち込むことができない場合や，小型家電回収ボックスの投入口（ヨコ25ｃｍ × タテ8.5ｃｍ）に入らない大きさのものは燃えないごみへ。"
"401307","gomi00000376","電動車椅子
　（電動シルバーカー）","市で収集しないごみ","販売店へご相談ください。"
"401307","gomi00000377","電動工具","燃えないごみ",""
"401307","gomi00000378","電動シェーバー","小型家電","区役所やスーパー等に設置している回収ボックスへ。設置場所の一覧はこちら 回収ボックスへ持ち込むことができない場合や，小型家電回収ボックスの投入口（ヨコ25ｃｍ × タテ8.5ｃｍ）に入らない大きさのものは燃えないごみへ。"
"401307","gomi00000379","電動自転車のバッテリー","市で収集しないごみ","回収容器が設置してある電器店などへ。 設置場所の検索は一般社団法人 JBRCホームページ(http://www.jbrc.com)"
"401307","gomi00000380","電動マッサージ器","燃えないごみ","燃えないごみの袋に入れて口が結べない大きさのもの，重さで袋が破けるものは粗大ごみです。"
"401307","gomi00000381","電話機","小型家電","区役所やスーパー等に設置している回収ボックスへ。設置場所の一覧はこちら 回収ボックスへ持ち込むことができない場合や，小型家電回収ボックスの投入口（ヨコ25ｃｍ × タテ8.5ｃｍ）に入らない大きさのものは燃えないごみへ。"
"401307","gomi00000382","電話帳","古紙","「段ボール」「新聞紙」「雑がみ（その他の紙）」に分けて，それぞれひもで十字にしばって地域集団回収や資源物回収拠点へ出してください。 資源物回収拠点の検索は【資源物回収拠点検索】をご覧ください。 汚れた紙，においがついた紙などリサイクルできない紙は燃えるごみです。"
"401307","gomi00000383","トースター","燃えないごみ",""
"401307","gomi00000384","トイレットペーパーの芯","古紙","小さいサイズのものは紙袋に入れて集め，紙袋ごとひもで十字にしばって地域集団回収や資源物回収拠点へ出してください。 資源物回収拠点の検索は資源物回収拠点検索をご覧ください。 汚れた紙，においがついた紙などリサイクルできない紙は燃えるごみです。"
"401307","gomi00000385","陶磁器類","燃えないごみ","※割れたもの、割れやすいものは厚い紙で包んで「危険」と表示。"
"401307","gomi00000386","動物のエサ（飼料）","燃えるごみ",""
"401307","gomi00000387","動物の死体","","井ノ口商会（092-671-3895）へ回収を依頼してください。飼い主がいる場合は，1体につき1,000円で収集します。"
"401307","gomi00000388","動物の糞","燃えるごみ","乾かして燃えるごみの袋へ"
"401307","gomi00000389","灯油","市で収集しないごみ","販売店などへご相談ください"
"401307","gomi00000390","灯油用ポリタンク","燃えるごみ","中身を空にして出してください"
"401307","gomi00000391","時計","小型家電","区役所やスーパー等に設置している回収ボックスへ。設置場所の一覧はこちら 回収ボックスへ持ち込むことができない場合や，小型家電回収ボックスの投入口（ヨコ25ｃｍ × タテ8.5ｃｍ）に入らない大きさのものは燃えないごみへ。"
"401307","gomi00000392","土砂","燃えないごみ","量が多い場合は，袋の口が結べて，重さで袋が破けない程度に分けて出してください。"
"401307","gomi00000393","土のう袋","燃えるごみ","中の土は庭に戻すか燃えないごみへ"
"401307","gomi00000394","ドライヤー","小型家電","区役所やスーパー等に設置している回収ボックスへ。設置場所の一覧はこちら 回収ボックスへ持ち込むことができない場合や，小型家電回収ボックスの投入口（ヨコ25ｃｍ × タテ8.5ｃｍ）に入らない大きさのものは燃えないごみへ。"
"401307","gomi00000395","ドラム缶","粗大ごみ",""
"401307","gomi00000396","ドラムセット（楽器）","粗大ごみ",""
"401307","gomi00000397","鳥小屋（金属製）","燃えないごみ",""
"401307","gomi00000398","鳥小屋（木製・プラスチック製）","燃えるごみ",""
"401307","gomi00000399","塗料　　　","市で収集しないごみ","販売店へご相談ください。少量の場合は，布や紙に染み込ませ，燃えるごみへ。"
"401307","gomi00000400","塗料の容器（金属製）","燃えないごみ","中身を空にして出してください。"
"401307","gomi00000401","トレーニングマシン","粗大ごみ",""
"401307","gomi00000402","ドレッシング（オイル入り）のボトル","燃えるごみ",""
"401307","gomi00000403","ドレッシング（ノンオイル）のペットボトル","空きびん・ペットボトル","キャップとラベルをはずし，中を軽くすすいで横につぶして出してください。 キャップとラベルは燃えるごみです。"
"401307","gomi00000404","苗","燃えるごみ",""
"401307","gomi00000405","鍋","燃えないごみ",""
"401307","gomi00000406","生木","燃えるごみ","緑のリサイクルセンターなどのせん定枝の受入れ施設等への持ち込みにご協力お願いします。"
"401307","gomi00000407","生ごみ","燃えるごみ",""
"401307","gomi00000408","生ごみ堆肥化物","燃えるごみ",""
"401307","gomi00000409","においのついた紙","燃えるごみ",""
"401307","gomi00000410","ニカド電池","市で収集しないごみ","火災事故の原因となりますので、ごみ袋では出さないでください。
回収ボックスが設置してある公共施設や電器店などへ。詳細はこちら(http://kateigomi-bunbetsu.city.fukuoka.lg.jp/rule/collect)。"
"401307","gomi00000411","ニッケル水素電池","市で収集しないごみ","火災事故の原因となりますので、ごみ袋では出さないでください。
回収ボックスが設置してある公共施設や電器店などへ。詳細はこちら(http://kateigomi-bunbetsu.city.fukuoka.lg.jp/rule/collect)。"
"401307","gomi00000412","ニット素材の服","燃えるごみ","地域集団回収やリサイクルボックスで「布」として回収している場合があります。 資源物回収拠点の検索は【資源物回収拠点検索】をご覧ください。"
"401307","gomi00000413","乳白色のびん","燃えないごみ","割れたものは厚い紙で包んで「危険」と大きく書いてください。"
"401307","gomi00000414","ぬいぐるみ","燃えるごみ",""
"401307","gomi00000415","布","燃えるごみ","地域集団回収やリサイクルボックスで「布」として回収している場合があります。 資源物回収拠点の検索は【資源物回収拠点検索】をご覧ください。"
"401307","gomi00000416","猫の死体","","井ノ口商会（092-671-3895）へ回収を依頼してください。飼い主がいる場合は，1体につき1,000円で収集します。"
"401307","gomi00000417","ネット（可燃）","燃えるごみ",""
"401307","gomi00000418","ネット（金属製）","燃えないごみ",""
"401307","gomi00000419","粘着物がついた紙","燃えるごみ",""
"401307","gomi00000420","粘土","燃えないごみ",""
"401307","gomi00000421","ノート","古紙","「段ボール」「新聞紙」「雑がみ（その他の紙）」に分けて，それぞれひもで十字にしばって地域集団回収や資源物回収拠点へ出してください。 資源物回収拠点の検索は【資源物回収拠点検索】をご覧ください。 汚れた紙，においがついた紙などリサイクルできない紙は燃えるごみです。"
"401307","gomi00000422","ノートパソコン","パソコン",""
"401307","gomi00000423","農器具","燃えないごみ",""
"401307","gomi00000424","農薬","市で収集しないごみ","販売店へご相談ください。"
"401307","gomi00000425","のみ薬のびん（風邪薬，栄養剤など）","空きびん・ペットボトル","ふたをはずし，中を軽くすすいで出してください。 金属製のふたは燃えないごみ，プラスチック製のふたは燃えるごみです。"
"401307","gomi00000426","ハーモニカ","燃えないごみ",""
"401307","gomi00000427","バイク","市で収集しないごみ","販売店や指定引取り窓口に依頼してください。"
"401307","gomi00000428","灰皿（ガラス製・金属製）","燃えないごみ","※割れたもの、割れやすいものは厚い紙で包んで「危険」と表示。"
"401307","gomi00000429","パイプ","燃えないごみ",""
"401307","gomi00000430","廃木材","燃えるごみ",""
"401307","gomi00000431","バインダーファイル","燃えるごみ",""
"401307","gomi00000432","ハガキ","古紙","小さいサイズのものは紙袋に入れて集め，紙袋ごとひもで十字にしばって地域集団回収や資源物回収拠点へ出してください。 資源物回収拠点の検索は資源物回収拠点検索をご覧ください。 汚れた紙，においがついた紙などリサイクルできない紙は燃えるごみです。"
"401307","gomi00000433","波状板（グラスファイバー製，ＦＲＰ製）","燃えないごみ","燃えないごみの袋に入れて口が結べない大きさのもの，重さで袋が破けるものは粗大ごみです。"
"401307","gomi00000434","波状板（プラスチック製）","燃えるごみ","燃えるごみの袋に入れて口が結べない大きさのもの，重さで袋が破けるものは粗大ごみです。"
"401307","gomi00000435","パソコン","パソコン",""
"401307","gomi00000436","パソコン周辺機器類","小型家電","区役所やスーパー等に設置している回収ボックスへ。設置場所の一覧はこちら 回収ボックスへ持ち込むことができない場合や，小型家電回収ボックスの投入口（ヨコ25ｃｍ × タテ8.5ｃｍ）に入らない大きさのものは燃えないごみへ。"
"401307","gomi00000437","肌着","燃えるごみ","地域集団回収やリサイクルボックスで「布」として回収している場合があります。 資源物回収拠点の検索は【資源物回収拠点検索】をご覧ください。"
"401307","gomi00000438","バッテリー","市で収集しないごみ","販売店へご相談ください。"
"401307","gomi00000439","発泡スチロール","燃えるごみ",""
"401307","gomi00000440","花火","燃えるごみ","火薬部分をしばらく水に浸したあと、濡らした新聞紙などで包み、湿らせた状態で出してください。"
"401307","gomi00000441","バネ","燃えないごみ",""
"401307","gomi00000442","パラボラアンテナ","燃えないごみ","燃えないごみの袋に入れて口が結べない大きさのもの，重さで袋が破けるものは粗大ごみです。"
"401307","gomi00000443","針金","燃えないごみ",""
"401307","gomi00000444","針金ハンガー","燃えないごみ",""
"401307","gomi00000445","バリカン","小型家電","区役所やスーパー等に設置している回収ボックスへ。設置場所の一覧はこちら 回収ボックスへ持ち込むことができない場合や，小型家電回収ボックスの投入口（ヨコ25ｃｍ × タテ8.5ｃｍ）に入らない大きさのものは燃えないごみへ。"
"401307","gomi00000446","バルブ","燃えないごみ",""
"401307","gomi00000447","バレーボール","燃えるごみ",""
"401307","gomi00000448","ハロゲン電球","燃えないごみ",""
"401307","gomi00000449","ハロゲンヒーター","燃えないごみ",""
"401307","gomi00000450","ハンガー（金属製）","燃えないごみ",""
"401307","gomi00000451","ハンガー（木製・プラスチック製）","燃えるごみ",""
"401307","gomi00000452","パンフレット","古紙","「段ボール」「新聞紙」「雑がみ（その他の紙）」に分けて，それぞれひもで十字にしばって地域集団回収や資源物回収拠点へ出してください。 資源物回収拠点の検索は【資源物回収拠点検索】をご覧ください。 汚れた紙，においがついた紙などリサイクルできない紙は燃えるごみです。"
"401307","gomi00000453","ＰＨＳ","小型家電","区役所やスーパー等に設置している回収ボックスへ。設置場所の一覧はこちら 回収ボックスへ持ち込むことができない場合や，小型家電回収ボックスの投入口（ヨコ25ｃｍ × タテ8.5ｃｍ）に入らない大きさのものは燃えないごみへ。"
"401307","gomi00000454","ヒーター","燃えないごみ","燃えないごみの袋に入れて口が結べない大きさのもの，重さで袋が破けるものは粗大ごみです。"
"401307","gomi00000455","ビールびん","空きびん・ペットボトル","ふたをはずし，中を軽くすすいで出してください。 金属製のふたは燃えないごみ，プラスチック製のふたは燃えるごみです。"
"401307","gomi00000456","ピアニカ","燃えるごみ",""
"401307","gomi00000457","ピアノ","市で収集しないごみ","販売店などにご相談ください。"
"401307","gomi00000458","ビデオカメラ","小型家電","区役所やスーパー等に設置している回収ボックスへ。設置場所の一覧はこちら 回収ボックスへ持ち込むことができない場合や，小型家電回収ボックスの投入口（ヨコ25ｃｍ × タテ8.5ｃｍ）に入らない大きさのものは燃えないごみへ。"
"401307","gomi00000459","ビデオテープ","燃えるごみ",""
"401307","gomi00000460","ビデオデッキ","燃えないごみ",""
"401307","gomi00000461","ビニール","燃えるごみ",""
"401307","gomi00000462","ビニールコーティングされた紙","燃えるごみ",""
"401307","gomi00000463","ビニールシート","燃えるごみ",""
"401307","gomi00000464","ビニール袋","燃えるごみ",""
"401307","gomi00000465","百科事典","古紙","「段ボール」「新聞紙」「雑がみ（その他の紙）」に分けて，それぞれひもで十字にしばって地域集団回収や資源物回収拠点へ出してください。 資源物回収拠点の検索は【資源物回収拠点検索】をご覧ください。 汚れた紙，においがついた紙などリサイクルできない紙は燃えるごみです。"
"401307","gomi00000466","漂白剤の容器（プラスチック製）","燃えるごみ",""
"401307","gomi00000467","肥料","燃えるごみ",""
"401307","gomi00000468","ファクシミリ","燃えないごみ",""
"401307","gomi00000469","ファンヒーター","粗大ごみ","袋に入って口が結べる大きさで，重さで袋が破けないものは燃えないごみで出すことができます。"
"401307","gomi00000470","フィルム","燃えるごみ",""
"401307","gomi00000471","封筒（ビニール部分除く）","古紙","小さいサイズのものは紙袋に入れて集め，紙袋ごとひもで十字にしばって地域集団回収や資源物回収拠点へ出してください。 資源物回収拠点の検索は資源物回収拠点検索をご覧ください。 汚れた紙，においがついた紙などリサイクルできない紙は燃えるごみです。"
"401307","gomi00000472","付箋","古紙","小さいサイズのものは紙袋に入れて集め，紙袋ごとひもで十字にしばって地域集団回収や資源物回収拠点へ出してください。 資源物回収拠点の検索は資源物回収拠点検索をご覧ください。 汚れた紙，においがついた紙などリサイクルできない紙は燃えるごみです。"
"401307","gomi00000473","仏具（金属製）","燃えないごみ",""
"401307","gomi00000474","仏具（木製・プラスチック製）","燃えるごみ",""
"401307","gomi00000475","ブックスタンド（金属製）","燃えないごみ",""
"401307","gomi00000476","ブックスタンド（プラスチック製）","燃えるごみ",""
"401307","gomi00000477","布団","燃えるごみ","燃えるごみの袋に入れて口が結べない大きさのもの，重さで袋が破けるものは粗大ごみです。"
"401307","gomi00000478","布団乾燥機　　　　　　　　","燃えないごみ","燃えないごみの袋に入れて口が結べない大きさのもの，重さで袋が破けるものは粗大ごみです。"
"401307","gomi00000479","フライパン","燃えないごみ",""
"401307","gomi00000480","ブラインド（金属製）","燃えないごみ",""
"401307","gomi00000481","ブラインド（木製・プラスチック製）","燃えるごみ",""
"401307","gomi00000482","プラグ","小型家電","区役所やスーパー等に設置している回収ボックスへ。設置場所の一覧はこちら 回収ボックスへ持ち込むことができない場合や，小型家電回収ボックスの投入口（ヨコ25ｃｍ × タテ8.5ｃｍ）に入らない大きさのものは燃えないごみへ。"
"401307","gomi00000483","プランター（プラスチック製）","燃えるごみ",""
"401307","gomi00000484","プランターの土","燃えないごみ",""
"401307","gomi00000485","ブリキ","燃えないごみ",""
"401307","gomi00000486","プリンター","燃えないごみ","燃えないごみの袋に入れて口が結べない大きさのもの，重さで袋が破けるものは粗大ごみです。"
"401307","gomi00000487","プレーヤー","燃えないごみ",""
"401307","gomi00000488","風呂いす","燃えるごみ","金属製の脚がついている場合は燃えないごみへ。"
"401307","gomi00000489","ブロック","燃えないごみ","量が多い場合は，袋の口が結べて，重さで袋が破けない程度に分けて出してください。"
"401307","gomi00000490","ベッド","粗大ごみ","ベッドのスプリングは、収集や処理の支障となるため、指定袋では収集できません。解体せずに粗大ごみとして出してください。"
"401307","gomi00000491","ペット小屋（金属製・レンガ製）","燃えないごみ",""
"401307","gomi00000492","ペット小屋（木製・プラスチック製）","燃えるごみ",""
"401307","gomi00000493","ペットの死体","","井ノ口商会（092-671-3895）へ回収を依頼することができますが，廃棄物として処分され，有料（１体につき１０００円）です。"
"401307","gomi00000494","ペットのトイレ砂（可燃性素材）","燃えるごみ",""
"401307","gomi00000495","ペットのトイレ砂（不燃性素材）","燃えないごみ",""
"401307","gomi00000496","ペットの糞","燃えるごみ","乾燥させる"
"401307","gomi00000497","ペットフード","燃えるごみ",""
"401307","gomi00000498","ペットボトル","空きびん・ペットボトル","キャップとラベルをはずし，中を軽くすすいで横につぶして出してください。 キャップとラベルは燃えるごみです。"
"401307","gomi00000499","ペットボトル（切断・加工したもの）","燃えるごみ","本体にマジックで書いたり，切って工作などに使ったペットボトルは燃えるごみで出してください。"
"401307","gomi00000500","ペットボトル（落書きしたもの）","燃えるごみ","本体にマジックで書いたり，切って工作などに使ったペットボトルは燃えるごみで出してください。"
"401307","gomi00000501","ヘッドホン・イヤホン","小型家電","区役所やスーパー等に設置している回収ボックスへ。設置場所の一覧はこちら 回収ボックスへ持ち込むことができない場合や，小型家電回収ボックスの投入口（ヨコ25ｃｍ × タテ8.5ｃｍ）に入らない大きさのものは燃えないごみへ。"
"401307","gomi00000502","ベニヤ板","燃えるごみ","燃えるごみの袋に入れて口が結べない大きさのもの，重さで袋が破けるものは粗大ごみです。"
"401307","gomi00000503","ベビーカー","粗大ごみ",""
"401307","gomi00000504","ベビーベッド","粗大ごみ",""
"401307","gomi00000505","ベルト","燃えるごみ",""
"401307","gomi00000506","ヘルメット（ＦＲＰ製）","燃えないごみ",""
"401307","gomi00000507","ヘルメット（プラスチック製）","燃えるごみ",""
"401307","gomi00000508","ペンキ","市で収集しないごみ","販売店へご相談ください。少量の場合は，布や紙に染み込ませ，燃えるごみへ。"
"401307","gomi00000509","便器（陶器製）","粗大ごみ",""
"401307","gomi00000510","便座（プラスチック製）","燃えるごみ",""
"401307","gomi00000511","ホース","燃えるごみ",""
"401307","gomi00000512","ポータブルゲーム機","小型家電","区役所やスーパー等に設置している回収ボックスへ。設置場所の一覧はこちら 回収ボックスへ持ち込むことができない場合や，小型家電回収ボックスの投入口（ヨコ25ｃｍ × タテ8.5ｃｍ）に入らない大きさのものは燃えないごみへ。"
"401307","gomi00000513","ポータブルラジオ","小型家電","区役所やスーパー等に設置している回収ボックスへ。設置場所の一覧はこちら 回収ボックスへ持ち込むことができない場合や，小型家電回収ボックスの投入口（ヨコ25ｃｍ × タテ8.5ｃｍ）に入らない大きさのものは燃えないごみへ。"
"401307","gomi00000514","防火シート","燃えるごみ",""
"401307","gomi00000515","包装紙","古紙","小さいサイズのものは紙袋に入れて集め，紙袋ごとひもで十字にしばって地域集団回収や資源物回収拠点へ出してください。 資源物回収拠点の検索は資源物回収拠点検索をご覧ください。 汚れた紙，においがついた紙などリサイクルできない紙は燃えるごみです。"
"401307","gomi00000516","包丁","燃えないごみ","厚い紙で包んで「危険」と大きく書いてください。"
"401307","gomi00000517","ボウリングの球","燃えないごみ",""
"401307","gomi00000518","ボタン型電池","市で収集しないごみ","回収容器が設置してある電器店などへ。 設置場所の検索は一般社団法人 電池工業会ホームページ(http://www.botankaishu.jp/m/top.php)"
"401307","gomi00000519","補聴器","小型家電","区役所やスーパー等に設置している回収ボックスへ。設置場所の一覧はこちら 回収ボックスへ持ち込むことができない場合や，小型家電回収ボックスの投入口（ヨコ25ｃｍ × タテ8.5ｃｍ）に入らない大きさのものは燃えないごみへ。"
"401307","gomi00000520","ポット","燃えないごみ",""
"401307","gomi00000521","ホットカーペット","粗大ごみ","燃えるごみの袋に入れて口が結べない大きさのもの，重さで袋が破けるものは粗大ごみです。電気コードが簡単に分離できる場合は、コードは燃えないごみに入れてください。"
"401307","gomi00000522","ホットプレート","燃えないごみ",""
"401307","gomi00000523","ほ乳びん（ガラス製）","燃えないごみ",""
"401307","gomi00000524","ほ乳びん（プラスチック製）","燃えるごみ",""
"401307","gomi00000525","ポリタンク","燃えるごみ","中身を空にして出してください。"
"401307","gomi00000526","保冷庫・保温庫（ベルチェ素子方式）","家電リサイクル法対象品","次のいずれかの方法で処分してください。 ①買い替えるときに引き取ってもらう ②購入した小売店に連絡して引き取ってもらう ③①，②に該当しない場合は，市内のヤマダデンキの各店舗で引き取りの予約をする。 ※引き取りには料金がかかります。引き取り先にご確認ください。"
"401307","gomi00000527","保冷剤","燃えるごみ",""
"401307","gomi00000528","ホワイトボード","粗大ごみ","袋に入って口が結べる大きさで，重さで袋が破けないものは燃えないごみで出すことができます。"
"401307","gomi00000529","本","古紙","「段ボール」「新聞紙」「雑がみ（その他の紙）」に分けて，それぞれひもで十字にしばって地域集団回収や資源物回収拠点へ出してください。 資源物回収拠点の検索は【資源物回収拠点検索】をご覧ください。 汚れた紙，においがついた紙などリサイクルできない紙は燃えるごみです。"
"401307","gomi00000530","本立（金属製）","燃えないごみ",""
"401307","gomi00000531","本立（木製・プラスチック製）","燃えるごみ",""
"401307","gomi00000532","本棚","粗大ごみ",""
"401307","gomi00000533","ポンプ（電動式）","燃えないごみ","50cm以下のもののみ。それ以上の大きさのものは販売店にご相談ください。"
"401307","gomi00000534","ポンプ（プラスチック製）","燃えるごみ",""
"401307","gomi00000535","マウス","小型家電","区役所やスーパー等に設置している回収ボックスへ。設置場所の一覧はこちら 回収ボックスへ持ち込むことができない場合や，小型家電回収ボックスの投入口（ヨコ25ｃｍ × タテ8.5ｃｍ）に入らない大きさのものは燃えないごみへ。"
"401307","gomi00000536","マスク","燃えるごみ","廃棄する際にはマスクやティッシュのみをビニール袋で密閉するなど、コロナウイルスの感染拡大防止にご協力ください。"
"401307","gomi00000537","マッサージチェアー","粗大ごみ",""
"401307","gomi00000538","マットレス","粗大ごみ","ベッドマットレスのスプリングは、収集や処理の支障となるため、指定袋では収集できません。解体せずに粗大ごみとして出してください。"
"401307","gomi00000539","窓ガラス","燃えないごみ","※割れたもの、割れやすいものは厚い紙で包んで「危険」と表示。"
"401307","gomi00000540","マニキュアのびん","空きびん・ペットボトル","中身を空にして出してください。残った中身は布や紙にしみこませ燃えるごみへ。"
"401307","gomi00000541","マヨネーズの容器（プラスチック製）","燃えるごみ",""
"401307","gomi00000542","ミシン","粗大ごみ","袋に入って口が結べる大きさで，重さで袋が破けないものは燃えないごみで出すことができます。"
"401307","gomi00000543","ミニコンポ","小型家電","区役所やスーパー等に設置している回収ボックスへ。設置場所の一覧はこちら 回収ボックスへ持ち込むことができない場合や，小型家電回収ボックスの投入口（ヨコ25ｃｍ × タテ8.5ｃｍ）に入らない大きさのものは燃えないごみへ。"
"401307","gomi00000544","みりんのペットボトル","空きびん・ペットボトル","キャップとラベルをはずし，中を軽くすすいで横につぶして出してください。 キャップとラベルは燃えるごみです。"
"401307","gomi00000545","名刺","古紙","小さいサイズのものは紙袋に入れて集め，紙袋ごとひもで十字にしばって地域集団回収や資源物回収拠点へ出してください。 資源物回収拠点の検索は資源物回収拠点検索をご覧ください。 汚れた紙，においがついた紙などリサイクルできない紙は燃えるごみです。"
"401307","gomi00000546","メガネ","燃えないごみ","フレームがプラスチックの場合は燃えるごみ、金属の場合は燃えないごみとしてお出しください。"
"401307","gomi00000547","メモ紙","古紙","小さいサイズのものは紙袋に入れて集め，紙袋ごとひもで十字にしばって地域集団回収や資源物回収拠点へ出してください。 資源物回収拠点の検索は資源物回収拠点検索をご覧ください。 汚れた紙，においがついた紙などリサイクルできない紙は燃えるごみです。"
"401307","gomi00000548","メモリーカード・ＵＳＢメモリ（USB）","小型家電","区役所やスーパー等に設置している回収ボックスへ。設置場所の一覧はこちら 回収ボックスへ持ち込むことができない場合や，小型家電回収ボックスの投入口（ヨコ25ｃｍ × タテ8.5ｃｍ）に入らない大きさのものは燃えないごみへ。"
"401307","gomi00000549","めんつゆのびん","空きびん・ペットボトル","ふたをはずし，中を軽くすすいで出してください。 金属製のふたは燃えないごみ，プラスチック製のふたは燃えるごみです。"
"401307","gomi00000550","めんつゆのペットボトル","空きびん・ペットボトル","キャップとラベルをはずし，中を軽くすすいで横につぶして出してください。 キャップとラベルは燃えるごみです。"
"401307","gomi00000551","モーター","燃えないごみ","50cm以下のもののみ。それ以上の大きさのものは販売店にご相談ください。"
"401307","gomi00000552","毛布","燃えるごみ","燃えるごみの袋に入れて口が結べない大きさのもの，重さで袋が破けるものは粗大ごみです。"
"401307","gomi00000553","木材","燃えるごみ","燃えるごみの袋に入れて口が結べない大きさのもの，重さで袋が破けるものは粗大ごみです。"
"401307","gomi00000554","モップ（金属製）","燃えないごみ",""
"401307","gomi00000555","モップ（木製・プラスチック製）","燃えるごみ",""
"401307","gomi00000556","物干し竿（金属製）","燃えないごみ","袋からはみ出してもかまいませんが，1メートル以上は粗大ごみとなります。"
"401307","gomi00000557","物干し竿（樹脂製・プラスチック製）","燃えるごみ","袋からはみ出してもかまいませんが，1メートル以上は粗大ごみとなります。"
"401307","gomi00000558","モバイルバッテリー","市で収集しないごみ","火災事故の原因となりますので、ごみ袋では出さないでください。
回収ボックスが設置してある公共施設や電器店などへ。詳細はこちら(http://kateigomi-bunbetsu.city.fukuoka.lg.jp/rule/collect)。"
"401307","gomi00000559","やかん","燃えないごみ",""
"401307","gomi00000560","野球ボール","燃えるごみ",""
"401307","gomi00000561","薬品（劇物，劇薬）","市で収集しないごみ","販売店へご相談ください。"
"401307","gomi00000562","薬品のびん（体に有害なものが入っていたびん）","燃えないごみ","※割れたもの、割れやすいものは厚い紙で包んで「危険」と表示。"
"401307","gomi00000563","薬品類","市で収集しないごみ","販売店へご相談ください。"
"401307","gomi00000564","薬味のチューブ容器（わさび・からし・しょうが）","燃えるごみ",""
"401307","gomi00000565","USBメモリ","小型家電","区役所やスーパー等に設置している回収ボックスへ。設置場所の一覧はこちら 回収ボックスへ持ち込むことができない場合や，小型家電回収ボックスの投入口（ヨコ25ｃｍ × タテ8.5ｃｍ）に入らない大きさのものは燃えないごみへ。"
"401307","gomi00000566","湯沸かし器","燃えないごみ",""
"401307","gomi00000567","洋服","燃えるごみ","地域集団回収やリサイクルボックスで「布」として回収している場合があります。 資源物回収拠点の検索は【資源物回収拠点検索】をご覧ください。"
"401307","gomi00000568","汚れた紙","燃えるごみ",""
"401307","gomi00000569","よしず","粗大ごみ","袋に入って口が結べる大きさで，重さで袋が破けないものは燃えるごみで出すことができます。"
"401307","gomi00000570","ラジオ","燃えないごみ","区役所やスーパー等に設置している回収ボックスへ。設置場所の一覧はこちら 回収ボックスへ持ち込むことができない場合や，小型家電回収ボックスの投入口（ヨコ25ｃｍ × タテ8.5ｃｍ）に入らない大きさのものは燃えないごみへ。対象"
"401307","gomi00000571","ラジカセ","燃えないごみ",""
"401307","gomi00000572","ラジカセ","燃えないごみ",""
"401307","gomi00000573","ラップの芯","古紙","小さいサイズのものは紙袋に入れて集め，紙袋ごとひもで十字にしばって地域集団回収や資源物回収拠点へ出してください。 資源物回収拠点の検索は資源物回収拠点検索をご覧ください。 汚れた紙，においがついた紙などリサイクルできない紙は燃えるごみです。"
"401307","gomi00000574","ランドセル","燃えるごみ","燃えるごみの袋に入れて口が結べない大きさのもの，重さで袋が破けるものは粗大ごみです。"
"401307","gomi00000575","ランニングマシーン","粗大ごみ",""
"401307","gomi00000576","リール","燃えないごみ",""
"401307","gomi00000577","リコーダー","燃えるごみ",""
"401307","gomi00000578","リチウムイオン電池（充電式）","市で収集しないごみ","火災事故の原因となりますので、ごみ袋では出さないでください。
回収ボックスが設置してある公共施設や電器店などへ。詳細はこちら(http://kateigomi-bunbetsu.city.fukuoka.lg.jp/rule/collect)。"
"401307","gomi00000579","リチウム一次電池","燃えないごみ","型式ＣＲ、ＢＲから始まるもの"
"401307","gomi00000580","リモコン","小型家電","区役所やスーパー等に設置している回収ボックスへ。設置場所の一覧はこちら 回収ボックスへ持ち込むことができない場合や，小型家電回収ボックスの投入口（ヨコ25ｃｍ × タテ8.5ｃｍ）に入らない大きさのものは燃えないごみへ。"
"401307","gomi00000581","リヤカー","粗大ごみ",""
"401307","gomi00000582","レーザーディスク","燃えるごみ",""
"401307","gomi00000583","冷温水器","燃えないごみ",""
"401307","gomi00000584","冷蔵庫","家電リサイクル法対象品","次のいずれかの方法で処分してください。 ①買い替えるときに引き取ってもらう ②購入した小売店に連絡して引き取ってもらう ③①，②に該当しない場合は，市内のヤマダデンキの各店舗で引き取りの予約をする。 ※引き取りには料金がかかります。引き取り先にご確認ください。"
"401307","gomi00000585","冷凍庫","家電リサイクル法対象品","次のいずれかの方法で処分してください。 ①買い替えるときに引き取ってもらう ②購入した小売店に連絡して引き取ってもらう ③①，②に該当しない場合は，市内のヤマダデンキの各店舗で引き取りの予約をする。 ※引き取りには料金がかかります。引き取り先にご確認ください。"
"401307","gomi00000586","レコード盤","燃えるごみ",""
"401307","gomi00000587","レコードプレーヤー","燃えないごみ",""
"401307","gomi00000588","レシート","燃えるごみ",""
"401307","gomi00000589","レンガ","燃えないごみ","量が多い場合は，袋の口が結べて，重さで袋が破けない程度に分けて出してください。"
"401307","gomi00000590","レンジ","粗大ごみ","袋に入って口が結べる大きさで，重さで袋が破けないものは燃えないごみで出すことができます。"
"401307","gomi00000591","レンジ台","粗大ごみ",""
"401307","gomi00000592","ろうそく・ろう","燃えるごみ",""
"401307","gomi00000593","ロッカー","粗大ごみ",""
"401307","gomi00000594","ワープロ","燃えないごみ","バッテリーは取り外し，販売店へご相談ください。"
"401307","gomi00000595","ワイシャツ","燃えるごみ","地域集団回収やリサイクルボックスで「布」として回収している場合があります。 資源物回収拠点の検索は【資源物回収拠点検索】をご覧ください。"
"401307","gomi00000596","Wi-Fiルーター","小型家電","区役所やスーパー等に設置している回収ボックスへ。設置場所の一覧はこちら 回収ボックスへ持ち込むことができない場合や，小型家電回収ボックスの投入口（ヨコ25ｃｍ × タテ8.5ｃｍ）に入らない大きさのものは燃えないごみへ。"
"401307","gomi00000597","ワインのびん","空きびん・ペットボトル","ふたをはずし，中を軽くすすいで出してください。 金属製のふたは燃えないごみ，プラスチック製のふたは燃えるごみです。"
"401307","gomi00000598","ワインのペットボトル","空きびん・ペットボトル","キャップとラベルをはずし，中を軽くすすいで横につぶして出してください。 キャップとラベルは燃えるごみです。"
"401307","gomi00000599","ワゴン","粗大ごみ",""
"401307","gomi00000600","わら","燃えるごみ",""
"401307","gomi00000601","割れたびん","燃えないごみ","厚い紙で包んで「危険」と大きく書いてください。"
