ゴミの分別方法_全国地方公共団体コード,ゴミの分別方法_ID,ゴミの分別方法_品目,ゴミの分別方法_分別区分,ゴミの分別方法_注意点,ゴミの分別方法_料金種別,ゴミの分別方法_料金,ゴミの分別方法_料金備考,ゴミの分別方法_備考
272272,,アイスクリーム・バターメーカー,不燃の小物（もえない小物）,業務用は収集できません。,,,,
272272,,アイスピック,不燃の小物（もえない小物）,危険につき、紙等に包んで、「危険」と記載してください。,,,,
272272,,アイスまくら,家庭ごみ(もえる物),,,,,
272272,,アイロン,不燃の小物（もえない小物）,,,,,
272272,,アイロン台,家庭ごみ(もえる物),一辺が30ｃｍ以上のものは原則として大型ごみですが、45ℓのごみ袋に入り、口を縛ることができ、袋が破れない場合は、家庭ごみ（燃える物）で排出可能です。,,,,
272272,,アクセサリー,不燃の小物（もえない小物）,プラスチック製のものは家庭ごみ（もえる物）で排出してください。,,,,
272272,,アコーディオンカーテン,大型ごみ,,,,,
272272,,アタッシュケース,不燃の小物（もえない小物）,一辺が30ｃｍ以上のものは原則として大型ごみですが、45ℓのごみ袋に入り、口を縛ることができ、袋が破れない場合は、不燃の小物として排出可能です。,,,,
272272,,アダプター,小型家電回収ボックス,不燃の小物（もえない小物）でも排出可能です。,,,,
272272,,圧力鍋,不燃の小物（もえない小物）,,,,,
272272,,油の容器(プラスチック),プラスチック製容器包装,汚れが落ちなければ家庭ごみ（もえる物）で排出してください。,,,,
272272,,油類(食用油),回収協力店,"回収スポットにて回収し、リサイクルしています。
詳しくはこちら
https://www.city.higashiosaka.lg.jp/0000035605.html

回収スポットに持ち込めない場合は、紙や布に染み込ませて出すか、市販の凝固剤で固めて、家庭ごみの日に出してください。",,,,
272272,,油類(食用油以外),不可,販売店等に相談してください。,,,,
272272,,雨具(カッパ),家庭ごみ(もえる物),,,,,
272272,,網戸,大型ごみ,,,,,
272272,,編み針(木・プラスチック製),家庭ごみ(もえる物),,,,,
272272,,編み針(金属製),不燃の小物（もえない小物）,危険につき、紙等に包んで、「危険」と記載してください。,,,,
272272,,アルバム,家庭ごみ(もえる物),,,,,
272272,,アルミサッシ,不可,業者に引取りを依頼してください。,,,,
272272,,アルミの鍋,不燃の小物（もえない小物）,,,,,
272272,,アルミホイール,不可,販売店等に相談してください。,,,,
272272,,アルミホイル(食品用),家庭ごみ(もえる物),,,,,
272272,,安全靴,家庭ごみ(もえる物),,,,,
272272,,安全ピン,不燃の小物（もえない小物）,危険につき、紙等に包んで、「危険」と記載してください。,,,,
272272,,アンテナ,大型ごみ,,,,,
272272,,アンプ,小型家電回収ボックス,不燃の小物（もえない小物）で排出可能です。３０ｃｍ以上のものは大型ごみで排出してください。,,,,
272272,,あんま機(椅子型マッサージ機),大型ごみ,,,,,
272272,,石・岩,不可,販売店等に相談してください。,,,,
272272,,石うす,不可,販売店等に相談してください。,,,,
272272,,衣装箱(衣装ケース),大型ごみ,,,,,
272272,,椅子,大型ごみ,,,,,
272272,,板,大型ごみ,片手で持てる１くくりの大きさ（大きさ１ｍ×０．５ｍ、厚み１０ｃｍまで）で排出してください。,,,,
272272,,板ガラス,大型ごみ,危険につき、紙等で包むか、テープなどで固定して排出してください。,,,,
272272,,一斗缶,不燃の小物（もえない小物）,,,,,
272272,,一輪車(運搬用),大型ごみ,リヤカーは収集できません。,,,,
272272,,一輪車(スポーツ用),大型ごみ,,,,,
272272,,一升瓶,あきかん・あきびん,※一部の地域では集団回収を行っています。詳細は循環社会推進課（06-4309-3199）へお問い合わせください。,,,,
272272,,犬、猫のトイレ用砂(紙・木製),家庭ごみ(もえる物),パッケージに「可燃性」と書かれているものに限ります。,,,,
272272,,犬、猫のフン,家庭ごみ(もえる物),臭気がもれないように袋の口をしっかり結んで排出してください。,,,,
272272,,犬小屋,大型ごみ,,,,,
272272,,鋳物製置物,大型ごみ,重さ5ｋｇを超えるもの、大きすぎるものは収集できません。,,,,
272272,,イヤホン,小型家電回収ボックス,不燃の小物（もえない小物）でも排出することができます。,,,,
272272,,医療系廃棄物(注射器、注射針以外の物),在宅医療廃棄物収集,北部環境事業所（06-6789-1851）へ相談してください。,,,,
272272,,医療系廃棄物(注射器、注射針など),不可,医療機関に返却してください。,,,,
272272,,衣類,地域の集団回収へ,少量であれば家庭ごみ（もえる物）で排出することもできます。,,,,
272272,,衣類乾燥機,不可,"家電リサイクル法の対象品目です。販売店に相談または、ご自身で処理してください。方法は以下のURLよりアクセスしてください。
https://www.city.higashiosaka.lg.jp/0000000044.html",,,,
272272,,衣類乾燥機台,大型ごみ,,,,,
272272,,入れ歯,不燃の小物（もえない小物）,,,,,
272272,,色鉛筆,家庭ごみ(もえる物),,,,,
272272,,印鑑,不燃の小物（もえない小物）,石製は不燃の小物（もえない小物）で排出する。,,,,
272272,,インターホン,不燃の小物（もえない小物）,,,,,
272272,,インテリアライト,大型ごみ,,,,,
272272,,インラインスケート,家庭ごみ(もえる物),,,,,
272272,,ウィッグ,家庭ごみ(もえる物),事業活動に伴って出たものは収集できません。,,,,
272272,,ウインド型エアコン(室外機なし),不可,家電リサイクル法の対象品目です。販売店に相談または、ご自身で処理してください（方法はこちら(https://www.city.higashiosaka.lg.jp/0000000044.html））。,,,,
272272,,ウインドサーフィン,不可,販売店等に相談してください。,,,,
272272,,ウインドファン(クーラー機能なし),大型ごみ,クーラー機能のあるものは家電リサイクルの対象になるので収集できません。,,,,
272272,,植木台,大型ごみ,,,,,
272272,,植木ばさみ,不燃の小物（もえない小物）,,,,,
272272,,植木鉢(陶器製),不燃の小物（もえない小物）,,,,,
272272,,植木鉢(プラスチック製),家庭ごみ(もえる物),,,,,
272272,,植木用支柱,大型ごみ,,,,,
272272,,上敷き(ござ),大型ごみ,丸めるか畳んで、縛って排出してください。,,,,
272272,,ウェットティッシュ,家庭ごみ(もえる物),,,,,
272272,,ウォータークーラー,不可,家庭用の小型のものは大型ごみで排出できます。,,,,
272272,,ウォーターベッド,不可,,,,,
272272,,ウォーターベッド（ビニール製）,大型ごみ,水を抜いてください。,,,,
272272,,ウォールラック（壁掛けの金あみ）,不燃の小物（もえない小物）,一辺が30ｃｍ以上のものは原則として大型ごみですが、45ℓのごみ袋に入り、口を縛ることができ、袋が破れない場合は、不燃の小物として排出可能です。,,,,
272272,,ウォシュレット,大型ごみ,４５ℓの袋に入れ、くくることができれば不燃の小物でご排出できます。,,,,
272272,,浮き輪,家庭ごみ(もえる物),,,,,
272272,,うちわ,家庭ごみ(もえる物),,,,,
272272,,ウッドカーペット,大型ごみ,,,,,
272272,,腕時計,小型家電回収ボックス,不燃の小物（もえない小物）でも排出することができます。,,,,
272272,,運動器具,大型ごみ,,,,,
272272,,運動靴,家庭ごみ(もえる物),,,,,
272272,,エアーポンプ(水槽用),不燃の小物（もえない小物）,一辺が30ｃｍ以上のものは原則として大型ごみですが、45ℓのごみ袋に入り、口を縛ることができ、袋が破れない場合は、不燃の小物として排出可能です。,,,,
272272,,エアコン,不可,"家電リサイクル法の対象品目です。販売店に相談または、ご自身で処理してください。方法は以下のURLよりアクセスしてください。
https://www.city.higashiosaka.lg.jp/0000000044.html",,,,
272272,,エアロバイク,大型ごみ,,,,,
272272,,液晶ディスプレイ,不可,リサイクルする必要があります。メーカーの窓口に相談してください。,,,,
272272,,液晶テレビ,不可,"家電リサイクル法の対象品目です。販売店に相談または、ご自身で処理してください。方法は以下のURLよりアクセスしてください。
https://www.city.higashiosaka.lg.jp/0000000044.html",,,,
272272,,枝(庭木),大型ごみ,,,,,
272272,,柄つきタワシ,家庭ごみ(もえる物),,,,,
272272,,絵の具のチューブ,家庭ごみ(もえる物),,,,,
272272,,MD,不燃の小物（もえない小物）,,,,,
272272,,MOドライブ,不燃の小物（もえない小物）,パソコンの周辺機器,,,,
272272,,絵筆,家庭ごみ(もえる物),,,,,
272272,,エレキギター,大型ごみ,,,,,
272272,,エレクトーン,大型ごみ,,,,,
272272,,エンジン・モーター付機械類,不可,販売店等に相談してください。,,,,
272272,,エンジンオイル,不可,販売店等に相談してください。,,,,
272272,,延長コード,小型家電回収ボックス,不燃の小物（もえない小物）でも排出することができます。,,,,
272272,,鉛筆削り器,不燃の小物（もえない小物）,,,,,
272272,,オイル(車・機械等),不可,販売店等に相談してください。,,,,
272272,,オイル缶(空の状態),大型ごみ,,,,,
272272,,オイルヒーター,大型ごみ,,,,,
272272,,応接セット(応接ソファー),大型ごみ,,,,,
272272,,オーディオラック,大型ごみ,,,,,
272272,,オートバイ,不可,指定引取窓口・廃棄二輪車取扱店または、二輪車リサイクルコールセンター（050-3000-0727）へ相談してください。,,,,
272272,,オーブントースター,不燃の小物（もえない小物）,一辺が30ｃｍ以上のものは原則として大型ごみですが、45ℓのごみ袋に入り、口を縛ることができ、袋が破れない場合は、不燃の小物として排出可能です。,,,,
272272,,置時計,不燃の小物（もえない小物）,,,,,
272272,,桶,家庭ごみ(もえる物),,,,,
272272,,押し入れ収納ラック,大型ごみ,,,,,
272272,,落ち葉(2袋まで),家庭ごみ(もえる物),週の後半の収集日(木曜日か金曜日)に排出してください。※２袋まで。,,,,
272272,,大人用三輪車,大型ごみ,,,,,
272272,,おひつ,家庭ごみ(もえる物),一辺が30ｃｍ以上のものは原則として大型ごみですが、45ℓのごみ袋に入り、口を縛ることができ、袋が破れない場合は、家庭ごみ（燃える物）で排出可能です。,,,,
272272,,おまる,大型ごみ,４５ℓの袋に入れば家庭ごみで排出できます。,,,,
272272,,おむつ,家庭ごみ(もえる物),汚物はトイレに流してください。,,,,
272272,,おむつカバー,家庭ごみ(もえる物),,,,,
272272,,おもちゃ箱,大型ごみ,４５ℓの袋に入れば家庭ごみで排出できます。,,,,
272272,,おもちゃ類,家庭ごみ(もえる物),金属製のものは不燃の小物（もえない小物）で排出してください。　一辺が30ｃｍ以上のものは大型ごみで排出してください。,,,,
272272,,おもり(釣り具),不燃の小物（もえない小物）,,,,,
272272,,オルガン(電子オルガン含む),大型ごみ,,,,,
272272,,温冷蔵庫,不可,家電リサイクルの対象になるか、家電リサイクル券センターにお問合せください。,,,,
272272,,カーキャリー,大型ごみ,,,,,
272272,,カーステレオ,小型家電回収ボックス,不燃の小物（もえない小物）でも排出することができます。,,,,
272272,,カーテン,大型ごみ,,,,,
272272,,カーテンレール,大型ごみ,,,,,
272272,,カートリッジ,家庭ごみ(もえる物),その他金属製のカートリッジ（炭酸ガスなど）は不燃の小物（もえない小物）で排出してください。,,,,
272272,,カード類(磁気カード等),家庭ごみ(もえる物),,,,,
272272,,カーナビゲーション,小型家電回収ボックス,不燃の小物（もえない小物）でも排出することができます。,,,,
272272,,カーペット,大型ごみ,,,,,
272272,,カーボン紙,家庭ごみ(もえる物),,,,,
272272,,カーラー,家庭ごみ(もえる物),ホットカーラーは不燃小物（もえない小物）で排出してください。,,,,
272272,,貝殻,家庭ごみ(もえる物),,,,,
272272,,介護用ベッド,不可,販売店等に相談してください。,,,,
272272,,懐中電灯,小型家電回収ボックス,不燃の小物（もえない小物）でも出すことができます。電池は抜いてください。,,,,
272272,,回転いす,大型ごみ,,,,,
272272,,かいろ(使い捨て),家庭ごみ(もえる物),,,,,
272272,,かいろ(金属製),不燃の小物（もえない小物）,,,,,
272272,,鏡（手鏡など）,不燃の小物（もえない小物）,一辺が30ｃｍ以上のものは原則として大型ごみですが、45ℓのごみ袋に入り、口を縛ることができ、袋が破れない場合は、不燃の小物として排出可能です。,,,,
272272,,鏡台(ドレッサー),大型ごみ,,,,,
272272,,かき氷機(家庭用),不燃の小物（もえない小物）,一辺が30ｃｍ以上のものは原則として大型ごみですが、45ℓのごみ袋に入り、口を縛ることができ、袋が破れない場合は、不燃の小物として排出可能です。,,,,
272272,,学習机,大型ごみ,,,,,
272272,,額縁,大型ごみ,,,,,
272272,,掛け時計,大型ごみ,30cm以下は小型家電回収ボックス・不燃小物に排出可,,,,
272272,,傘,不燃の小物（もえない小物）,「不燃の小物」と貼り紙をして排出してください。　１０本以上は大型ごみで排出してください。,,,,
272272,,傘たて,大型ごみ,,,,,
272272,,菓子缶,あきかん・あきびん,,,,,
272272,,加湿器,不燃の小物（もえない小物）,一辺が30ｃｍ以上のものは原則として大型ごみですが、45ℓのごみ袋に入り、口を縛ることができ、袋が破れない場合は、不燃の小物として排出可能です。,,,,
272272,,ガスオーブンレンジ,大型ごみ,,,,,
272272,,ガスコンロ,大型ごみ,電池は抜いてください。,,,,
272272,,ガスコンロ付テーブル,大型ごみ,,,,,
272272,,ガスストーブ,大型ごみ,電池が入っている場合は、抜いてください。４５ℓの袋に入れてくくることができれば不燃の小物で排出できます。,,,,
272272,,ガスファンヒーター,大型ごみ,,,,,
272272,,ガスボンベ（LPガス等）,不可,LPガスボンベ業者へ,,,,
272272,,ガス湯沸かし器,大型ごみ,電池は抜いてください。　。業者が取り外したものは業者へ引き取りを依頼して下さい。,,,,
272272,,カセットコンロ,不燃の小物（もえない小物）,,,,,
272272,,カセットテープ,家庭ごみ(もえる物),,,,,
272272,,カセットデッキ,不燃の小物（もえない小物）,,,,,
272272,,カセットボンベ,あきかん・あきびん,必ず使い切って穴を空けて排出してください。,,,,
272272,,ガソリン,不可,販売店等に相談してください。,,,,
272272,,カッターナイフ,不燃の小物（もえない小物）,,,,,
272272,,カッターの刃,不燃の小物（もえない小物）,危険につき、紙等に包んで、「危険」と記載してください。,,,,
272272,,かっぱ(レインコート),家庭ごみ(もえる物),,,,,
272272,,かつら,家庭ごみ(もえる物),,,,,
272272,,家庭用サウナ,不可,業者に引取りを依頼してください。　テント式の折りたたみできる物のみ大型ごみで排出できます。,,,,
272272,,蚊取りマット,不燃の小物（もえない小物）,,,,,
272272,,かなづち,不燃の小物（もえない小物）,,,,,
272272,,かばん,家庭ごみ(もえる物),,,,,
272272,,花瓶,不燃の小物（もえない小物）,,,,,
272272,,壁紙,家庭ごみ(もえる物),自分で取り替えたものは排出できます。その際、小分けにして排出してください。多量だと大型ごみでご排出ください。業者が取り替えた場合は業者に依頼してください。,,,,
272272,,釜,不燃の小物（もえない小物）,,,,,
272272,,鎌,不燃の小物（もえない小物）,危険につき、紙等に包んで、「危険」と記載してください。,,,,
272272,,紙おむつ,家庭ごみ(もえる物),汚物はトイレに流してください。,,,,
272272,,かみそり,不燃の小物（もえない小物）,危険につき、紙等に包んで、「危険」と記載してください。,,,,
272272,,神棚,大型ごみ,原型がわからないように解体してください。解体できない場合宗派の寺院、神社、仏壇店へ相談してください。,,,,
272272,,紙パック,家庭ごみ(もえる物),裏にアルミのないものはできるだけスーパー等の拠点回収（Hp）か、集団回収への排出をお願いします。,,,,
272272,,カメラ,小型家電回収ボックス,不燃の小物（もえない小物）でも出すことができます。,,,,
272272,,火薬類,不可,専門業者に処理を依頼してください。,,,,
272272,,カラーボックス,大型ごみ,,,,,
272272,,カラオケ機器,大型ごみ,業務用は収集できません。,,,,
272272,,ガラスくず(破片),不燃の小物（もえない小物）,紙に包んで安全措置をして、「危険」と記載してください。,,,,
272272,,ガラスコップ,不燃の小物（もえない小物）,,,,,
272272,,ガラス戸,大型ごみ,金属製は収集できません。,,,,
272272,,がれき類,不可,専門業者に処理を依頼してください。,,,,
272272,,革靴,家庭ごみ(もえる物),,,,,
272272,,瓦,不可,業者に引取りを依頼してください。,,,,
272272,,缶,あきかん・あきびん,飲料用・缶詰・ヘアースプレー・ミルク缶など,,,,
272272,,缶(一斗缶),不燃の小物（もえない小物）,,,,,
272272,,換気扇(家庭用),不燃の小物（もえない小物）,４５ℓの袋に入らないものは大型ごみで申し込んでください。,,,,
272272,,缶切り,不燃の小物（もえない小物）,,,,,
272272,,乾燥剤,家庭ごみ(もえる物),,,,,
272272,,カンテキ（七輪）,不燃の小物（もえない小物）,,,,,
272272,,乾電池,回収協力店,回収協力店か、回収ボックスがある市の施設へご排出ください。（本庁、行政サービスセンター等にあるごみの分け方・出し方をご参照ください。）,,,,
272272,,かんな,不燃の小物（もえない小物）,,,,,
272272,,キーボード(楽器),大型ごみ,,,,,
272272,,キーホルダー,不燃の小物（もえない小物）,,,,,
272272,,木切れ・木くず,大型ごみ,４５ℓの袋に入れば家庭ごみで排出できます。,,,,
272272,,ギター,大型ごみ,,,,,
272272,,キックボード,大型ごみ,電動の物はバッテリーを外せば排出できます。,,,,
272272,,木づち,家庭ごみ(もえる物),４５ℓの袋に入らないものは大型ごみで申し込んでください。,,,,
272272,,キッチンスケール(秤),不燃の小物（もえない小物）,,,,,
272272,,キッチンストッカー,大型ごみ,,,,,
272272,,キッチンワゴン,大型ごみ,,,,,
272272,,木箱,家庭ごみ(もえる物),４５ℓの袋に入らないものは大型ごみで申し込んでください。,,,,
272272,,脚立・梯子,大型ごみ,スチール製1.5m以上、アルミ製2m以上は収集できません。(販売店へ),,,,
272272,,キャップ(金属製),あきかん・あきびん,,,,,
272272,,キャップ(プラスチック),プラスチック製容器包装,,,,,
272272,,キャビネット(小物等をいれる家具),大型ごみ,,,,,
272272,,キャリア(車両装備品),大型ごみ,,,,,
272272,,キャリーケース,大型ごみ,,,,,
272272,,きゅうす,不燃の小物（もえない小物）,,,,,
272272,,給湯器(小型、室内用),大型ごみ,,,,,
272272,,金管楽器,不燃の小物（もえない小物）,一辺が30ｃｍ以上のものは原則として大型ごみですが、45ℓのごみ袋に入り、口を縛ることができ、袋が破れない場合は、不燃の小物として排出可能です。,,,,
272272,,金魚運動器,不燃の小物（燃えないごみ）,,,,,
272272,,金魚鉢,不燃の小物（もえない小物）,,,,,
272272,,金庫(耐火),不可,販売店等に相談してください。,,,,
272272,,金庫(手さげ),不燃の小物（もえない小物）,,,,,
272272,,金属たわし,不燃の小物（もえない小物）,,,,,
272272,,金属バット,大型ごみ,,,,,
272272,,空気入れ,大型ごみ,小型の物は材質により、家庭ごみ又は不燃の小物で排出できます。,,,,
272272,,空気清浄機,不燃の小物（もえない小物）,４５ℓの袋に入らないものは大型ごみで申し込んでください。,,,,
272272,,クーハン(赤ちゃんを揺らすかご),大型ごみ,,,,,
272272,,クーラー(エアコン),不可,"家電リサイクル法の対象品目です。販売店に相談または、ご自身で処理してください。方法は以下のURLよりアクセスしてください。
https://www.city.higashiosaka.lg.jp/0000000044.html",,,,
272272,,クーラーボックス,大型ごみ,,,,,
272272,,くぎ,不燃の小物（もえない小物）,紙に包んで安全措置をして、「危険」と記載してください。,,,,
272272,,草,家庭ごみ(もえる物),週の後半の収集日(木曜日か金曜日)に排出してください。※２袋まで。,,,,
272272,,草刈り機,大型ごみ,モーターを外してください。モーター付は販売店へ相談,,,,
272272,,鎖,不燃の小物（もえない小物）,,,,,
272272,,くし,家庭ごみ(もえる物),金属製のものは不燃の小物（もえない小物）でご排出ください。,,,,
272272,,薬の錠剤シート,プラスチック製容器包装,,,,,
272272,,薬のびん,かんびん,,,,,
272272,,果物保護用ネット,プラスチック製容器包装,,,,,
272272,,口紅,家庭ごみ(もえる物),,,,,
272272,,靴,家庭ごみ(もえる物),,,,,
272272,,靴(スキー靴),家庭ごみ(もえる物),,,,,
272272,,靴下,家庭ごみ(もえる物),衣類として集団回収へ排出してください。,,,,
272272,,クッション,大型ごみ,４５ℓの袋に入れくくることができれば家庭ごみ（もえる物）で排出できます。,,,,
272272,,くまで,大型ごみ,,,,,
272272,,組み立てラック,大型ごみ,,,,,
272272,,クリーニング袋,家庭ごみ(もえる物),,,,,
272272,,クリスマスツリー,大型ごみ,４５ℓの袋に入れくくることができれば家庭ごみ（もえる物）で排出できます。,,,,
272272,,車、及びその部品,不可,販売店等に相談してください。,,,,
272272,,車椅子,大型ごみ,電動車椅子は収集できません。(販売店へ相談してください。),,,,
272272,,車椅子(電動),不可,販売店等に相談してください。,,,,
272272,,グレーチング,大型ごみ,自分で取り替えたものは排出できます。　業者が取り替えた場合は業者に依頼してください。,,,,
272272,,クローゼットのドア,大型ごみ,,,,,
272272,,グローブ,家庭ごみ(もえる物),,,,,
272272,,グローランプ,不燃の小物（もえない小物）,,,,,
272272,,くわ,不燃の小物（もえない小物）,一辺が30ｃｍ以上のものは原則として大型ごみですが、45ℓのごみ袋に入り、口を縛ることができ、袋が破れない場合は、不燃の小物として排出可能です。,,,,
272272,,軍手,家庭ごみ(もえる物),,,,,
272272,,蛍光灯,回収協力店,割れている物は不燃の小物,,,,
272272,,蛍光灯器具,大型ごみ,,,,,
272272,,珪藻土マット,家庭ごみ(もえるもの）,４５リットルのごみ袋に入らない（封が縛れないもの）は、大型ごみ（有料）です。,,,,
272272,,携帯電話,小型家電回収ボックス,"電池が取り外せる場合は、取り外した電池の種類ごとに回収ボックスへ排出してください。

それぞれの回収ボックスの場所など、詳しくはこちらをご覧いただくか、お問合せください。

小型家電について
https://www.city.higashiosaka.lg.jp/0000012601.html

電池について
https://www.city.higashiosaka.lg.jp/0000000386.html

循環社会推進課 06-4309-3199",,,,
272272,,計量はかり,小型家電回収ボックス,不燃の小物（もえない小物）でも排出できます。一辺が30cmを超えるものは大型ごみでご排出ください。,,,,
272272,,ゲーム機(家庭用小型),小型家電回収ボックス,不燃の小物（もえない小物）でも排出することができます。,,,,
272272,,消しゴム,家庭ごみ(もえる物),,,,,
272272,,化粧品の容器(ビン),かんびん,,,,,
272272,,化粧品の容器(プラスチック),家庭ごみ(もえる物),プラマークがついているか確認して下さい。プラマークがあればプラスチック製容器包装でご排出ください。,,,,
272272,,下駄箱,大型ごみ,,,,,
272272,,ケトル,不燃の小物（もえない小物）,,,,,
272272,,弦楽器,大型ごみ,,,,,
272272,,玄関マット,大型ごみ,金属製は不燃、それ以外で大きくないものは家庭ごみで排出可,,,,
272272,,健康器具,大型ごみ,,,,,
272272,,剣山,不燃の小物（もえない小物）,危険につき、紙等に包んで、「危険」と記載してください。,,,,
272272,,建築廃材,不可,業者に引取りを依頼してください。,,,,
272272,,原動機付自転車(単車),不可,指定引取窓口・廃棄二輪車取扱店または、二輪車リサイクルコールセンター（050-3000-0727）へ相談してください。,,,,
272272,,碁石(貝製、プラスチック製),家庭ごみ(もえる物),,,,,
272272,,碁石(天然石製),不可,,,,,
272272,,工具類(ペンチ、スパナ等),不燃の小物（もえない小物）,多量の場合は大型ごみで排出してください。,,,,
272272,,香水のビン,かんびん,,,,,
272272,,コードリール(延長コード),大型ごみ,,,,,
272272,,コーヒーメーカー,不燃の小物（もえない小物）,,,,,
272272,,氷枕,家庭ごみ(もえる物),,,,,
272272,,ござ,大型ごみ,丸めるか畳んで、縛って排出してください。,,,,
272272,,こたつ(ホームこたつ),大型ごみ,,,,,
272272,,こたつ布団,大型ごみ,,,,,
272272,,コップ(紙製・プラスチック製),家庭ごみ(もえる物),,,,,
272272,,コップ(ガラス製・金属製),不燃の小物（もえない小物）,,,,,
272272,,子供用乗用車(乗用玩具),大型ごみ,バッテリーをはずして本体のみ排出できます。　バッテリーは販売店へ,,,,
272272,,粉ミルクのかん,あきかん・あきびん,,,,,
272272,,碁盤,大型ごみ,,,,,
272272,,ごみ箱,大型ごみ,４５ℓの袋に入れば家庭ごみで排出できます。,,,,
272272,,ゴム手袋,家庭ごみ(もえる物),,,,,
272272,,ゴムホース,大型ごみ,４５ℓの袋に入れば家庭ごみで排出できます。,,,,
272272,,ゴムボート,大型ごみ,30cm角に切るかたためば可　たためないものは販売店へ,,,,
272272,,ゴムマット,大型ごみ,４５ℓの袋に入れば家庭ごみで排出できます。,,,,
272272,,米びつ(家庭用),大型ごみ,,,,,
272272,,ゴルフクラブ,大型ごみ,１０本で１点として換算されます。,,,,
272272,,ゴルフバッグ,大型ごみ,,,,,
272272,,ゴルフボール,家庭ごみ(もえる物),,,,,
272272,,ゴルフマット,大型ごみ,丸めるか畳んで、縛って排出してください。,,,,
272272,,コンクリートブロック,不可,販売店等に相談してください。,,,,
272272,,コンテナ,大型ごみ,,,,,
272272,,コンパネ(ベニア板を重ねたもの),大型ごみ,大きさ１ｍ未満のみ排出できます。,,,,
272272,,コンポスト容器(生ごみ処理器),大型ごみ,,,,,
272272,,サーキュレーター,大型ごみ,扇風機のようなもの,,,,
272272,,サーフボード,大型ごみ,,,,,
272272,,サイクリングマシン,大型ごみ,,,,,
272272,,座椅子,大型ごみ,,,,,
272272,,サイドボード,大型ごみ,,,,,
272272,,酒のケース,大型ごみ,販売店に返却してください。,,,,
272272,,サッカーボール,家庭ごみ(もえる物),多量の場合は大型ごみで排出してください。,,,,
272272,,雑誌,地域の集団回収へ,,,,,
272272,,殺虫剤,不可,販売店等に相談してください。,,,,
272272,,座布団,家庭ごみ(もえる物),多量の場合は大型ごみで排出してください。,,,,
272272,,皿(ガラス、陶器),不燃の小物（もえない小物）,,,,,
272272,,皿(プラスチック),家庭ごみ(もえる物),,,,,
272272,,ざる類(金属製),不燃の小物（もえない小物）,,,,,
272272,,ざる類(竹製・プラスチック製),家庭ごみ(もえる物),,,,,
272272,,三脚,大型ごみ,４５ℓの袋に入れくくることができれば不燃の小物（もえない小物）で排出できます。,,,,
272272,,サングラス,家庭ごみ(もえる物),,,,,
272272,,サンダル,家庭ごみ(もえる物),,,,,
272272,,三面鏡,大型ごみ,,,,,
272272,,CRTディスプレイ,不可,"リサイクルしてください。
メーカーの「PCリサイクル窓口」に連絡するか、またはリネットジャパンリサイクル株式会社のホームページから回収の申し込みをしてください。",,,,
272272,,シーツ,家庭ごみ(もえる物),多量の場合は大型ごみで排出してください。,,,,
272272,,CD,家庭ごみ(もえる物),,,,,
272272,,CDプレーヤー,小型家電回収ボックス,不燃の小物（もえない小物）でも排出することができます。,,,,
272272,,磁気マットレス,大型ごみ,,,,,
272272,,事業所ごみ,不可,東大阪清掃事業協同組合へ問合せしてください。,,,,
272272,,磁石,不燃の小物（もえない小物）,,,,,
272272,,下着類,地域の集団回収へ,家庭ごみ（もえる物）でも排出できます。,,,,
272272,,下敷き,家庭ごみ(もえる物),,,,,
272272,,七輪（カンテキ）,不燃の小物（もえない小物）,,,,,
272272,,室内アンテナ,小型家電回収ボックス,不燃の小物でも排出できます。一辺30cm以上のものは大型ごみでご排出ください。,,,,
272272,,室内用物干し,大型ごみ,,,,,
272272,,自転車(三輪自転車を含む),大型ごみ,,,,,
272272,,自転車用子供イス,大型ごみ,,,,,
272272,,自動車及びその部品,不可,販売店等に相談してください。,,,,
272272,,自動車用マット,大型ごみ,,,,,
272272,,自動二輪車,不可,指定引取窓口・廃棄二輪車取扱店または、二輪車リサイクルコールセンター（050-3000-0727）へ相談してください。,,,,
272272,,芝刈り機(エンジン・モーター付除く),大型ごみ,エンジン付きは不可,,,,
272272,,シャープペンシル,家庭ごみ(もえる物),,,,,
272272,,写真,家庭ごみ(もえる物),,,,,
272272,,ジャッキ,不可,販売店等に相談してください。,,,,
272272,,シャッター,不可,業者に引取りを依頼してください。,,,,
272272,,しゃもじ,家庭ごみ(もえる物),,,,,
272272,,シャンプー・リンスの容器,プラスチック製容器包装,,,,,
272272,,ジューサーミキサー,不燃の小物（もえない小物）,,,,,
272272,,ジュース缶・びん,あきかん・あきびん,,,,,
272272,,じゅうたん(カーペット),大型ごみ,折りたたんで排出、６帖以上は要裁断,,,,
272272,,充電電池,JBRCの回収協力店の回収ＢＯＸへ,販売店等に相談してください。詳しくは当市のホームページをご参照ください。,,,,
272272,,収納ケース,大型ごみ,,,,,
272272,,ジュニアシート,大型ごみ,,,,,
272272,,朱肉,家庭ごみ(もえる物),,,,,
272272,,瞬間湯沸し器,大型ごみ,電池は抜いてください。,,,,
272272,,消火器,不可,メーカー・販売店等または、消火器リサイクル推進センター（03-5829-6773）へ相談してください。,,,,
272272,,消火器(スプレー缶式),あきかん・あきびん,"必ず使い切ってから排出してください。
小型の物のみ排出できます。",,,,
272272,,定規(金属製),不燃の小物（もえない小物）,,,,,
272272,,定規(金属製以外),家庭ごみ(もえる物),,,,,
272272,,将棋盤,家庭ごみ(もえる物),４５ℓの袋に入らないものは大型ごみで排出してください。,,,,
272272,,障子,大型ごみ,,,,,
272272,,消臭剤,家庭ごみ(もえる物),,,,,
272272,,消臭スプレー缶,あきかん・あきびん,必ず中身を使い切ってから排出してください。無理であればお近くの事業所に相談してください。,,,,
272272,,浄水器,家庭ごみ(もえる物),金属製のものは不燃の小物（もえない小物）で排出してください。,,,,
272272,,浄水器カートリッジ,家庭ごみ(もえる物),,,,,
272272,,照明器具,大型ごみ,30cm以下は不燃小物に排出可,,,,
272272,,ジョウロ,家庭ごみ(もえる物),金属製は不燃の小物（もえない小物）で排出してください。,,,,
272272,,食用油,回収協力店,"回収スポットにて回収し、リサイクルしています。
詳しくはこちら
https://www.city.higashiosaka.lg.jp/0000035605.html

回収スポットに持ち込めない場合は、紙や布に染み込ませて出すか、市販の凝固剤で固めて、家庭ごみの日に出してください。",,,,
272272,,除湿機,大型ごみ,,,,,
272272,,除湿剤,不燃の小物（もえない小物）,,,,,
272272,,除湿冷風機,大型ごみ,,,,,
272272,,食器(陶器製・金属製),不燃の小物（もえない小物）,,,,,
272272,,食器(プラスチック製),家庭ごみ(もえる物),,,,,
272272,,食器洗い乾燥機,大型ごみ,,,,,
272272,,食器乾燥機,大型ごみ,,,,,
272272,,食器棚,大型ごみ,,,,,
272272,,シルバーカー,大型ごみ,,,,,
272272,,人工芝,大型ごみ,少量であれば家庭ごみ（燃えるごみ）で排出可能です。,,,,
272272,,シンセサイザー,大型ごみ,,,,,
272272,,シンナー,不可,販売店等に相談してください。,,,,
272272,,新聞紙,地域の集団回収へ,家庭ごみ（もえる物）でも排出できます。古紙の拠点回収でも排出できます。,,,,
272272,,水銀血圧計,拠点回収,各保健センター、各環境事業所、本庁１５F循環社会推進課窓口へ,,,,
272272,,水銀体温計,拠点回収,各保健センター、各環境事業所、本庁１５F循環社会推進課窓口へ,,,,
272272,,水槽,大型ごみ,ガラスはテープで止めてください。,,,,
272272,,水筒(ステンレス),不燃の小物（もえない小物）,,,,,
272272,,水筒(プラスチック),家庭ごみ(もえる物),,,,,
272272,,炊飯器(炊飯ジャー),不燃の小物（もえない小物）,一辺が30ｃｍ以上のものは原則として大型ごみですが、45ℓのごみ袋に入り、口を縛ることができ、袋が破れない場合は、不燃の小物として排出可能です。,,,,
272272,,スーツケース,大型ごみ,,,,,
272272,,姿見,大型ごみ,,,,,
272272,,スキー板,大型ごみ,,,,,
272272,,スキーウェア,家庭ごみ(もえる物),,,,,
272272,,スキーキャリアー,大型ごみ,,,,,
272272,,スキー靴,家庭ごみ(もえる物),,,,,
272272,,スキーストック,大型ごみ,10本で１点として換算されます。,,,,
272272,,スキャナー,不燃の小物（もえない小物）,一辺が30ｃｍ以上のものは原則として大型ごみですが、45ℓのごみ袋に入り、口を縛ることができ、袋が破れない場合は、不燃の小物として排出可能です。,,,,
272272,,スクーター,不可,販売店か専門業者に処理を依頼してください。,,,,
272272,,スケート靴,不燃の小物（もえない小物）,,,,,
272272,,スケートボード,家庭ごみ(もえる物),,,,,
272272,,スコップ,不燃の小物（もえない小物）,プラスチック製のものは家庭ごみ（もえる物）で排出してください。,,,,
272272,,すずり,不燃の小物（もえない小物）,,,,,
272272,,すだれ,大型ごみ,４５ℓの袋に入れば家庭ごみで排出できます。,,,,
272272,,スタンプ台,家庭ごみ(もえる物),,,,,
272272,,スツール,大型ごみ,,,,,
272272,,スティック類(ゲートボール・ホッケー),大型ごみ,10本で１点として換算されます。,,,,
272272,,ステレオ(一体型のもの・カラオケセット),不燃の小物（もえない小物）,,,,,
272272,,ステレオコンポ(セット),大型ごみ,,,,,
272272,,ストーブ(ガス),大型ごみ,電池が入っている場合は、抜いてください。４５ℓの袋に入れてくくることができれば不燃の小物で排出できます。,,,,
272272,,ストーブ(石油),大型ごみ,灯油は必ず抜いてください。電池が入っている場合は、抜いてください。４５ℓの袋に入れてくくることができれば不燃の小物で排出できます。,,,,
272272,,ストーブ(電気),大型ごみ,電池が入っている場合は、抜いてください。４５ℓの袋に入れてくくることができれば不燃の小物で排出できます。,,,,
272272,,ストッキング,家庭ごみ(もえる物),,,,,
272272,,ストック,大型ごみ,10本で１点として換算されます。,,,,
272272,,砂,不可,専門業者に処理を依頼してください。,,,,
272272,,スノーボード,大型ごみ,,,,,
272272,,すのこ,大型ごみ,,,,,
272272,,スピーカー,不燃の小物（もえない小物）,一辺が30ｃｍ以上のものは原則として大型ごみですが、45ℓのごみ袋に入り、口を縛ることができ、袋が破れない場合は、不燃の小物として排出可能です。,,,,
272272,,スプリング入りマットレス,大型ごみ,,,,,
272272,,スプレー缶,あきかん・あきびん,必ず中身を使い切ってから排出してください。,,,,
272272,,すべり台(子供遊具),大型ごみ,,,,,
272272,,スポンジ,家庭ごみ(もえる物),,,,,
272272,,ズボンプレッサー,大型ごみ,,,,,
272272,,炭,家庭ごみ(もえる物),少量ずつ家庭ごみに混ぜて排出してください。,,,,
272272,,スライド映写機,大型ごみ,,,,,
272272,,スリッパ,家庭ごみ(もえる物),,,,,
272272,,スレート,不可,販売店か専門業者に処理を依頼してください。,,,,
272272,,生花,家庭ごみ(もえる物),,,,,
272272,,製氷機,大型ごみ,業務用は収集できません。,,,,
272272,,精米機,大型ごみ,業務用大型は不可、保冷精米機は要確認,,,,
272272,,整理棚(スチール・木製),大型ごみ,,,,,
272272,,整理ダンス,大型ごみ,,,,,
272272,,石油,不可,販売店等に相談してください。,,,,
272272,,石油ファンヒーター,大型ごみ,電池、灯油を抜いてください。,,,,
272272,,石油ポンプ,家庭ごみ(もえる物),,,,,
272272,,石鹸,家庭ごみ(もえる物),,,,,
272272,,せともの,不燃の小物（もえない小物）,,,,,
272272,,セメント,不可,販売店等に相談してください。,,,,
272272,,セロハンテープ,家庭ごみ(もえる物),,,,,
272272,,洗濯機,不可,"家電リサイクル法の対象品目です。販売店に相談または、ご自身で処理してください。方法は以下のURLよりアクセスしてください。
https://www.city.higashiosaka.lg.jp/0000000044.html",,,,
272272,,洗濯ばさみ,家庭ごみ(もえる物),金属製は不燃の小物に排出してください。,,,,
272272,,洗濯かご,大型ごみ,,,,,
272272,,剪定ごみ(枝),大型ごみ,直径10cm以下、長さ50cm以下に切ってください。,,,,
272272,,剪定ごみ(刈り葉、落ち葉),家庭ごみ(もえる物),週の後半の収集日(木曜日か金曜日)に排出してください。※２袋まで。,,,,
272272,,扇風機,大型ごみ,４５ℓの袋に入れば不燃の小物（もえない小物）で排出できます。,,,,
272272,,洗面器,家庭ごみ(もえる物),,,,,
272272,,洗面台,不可,業者が取り替えたものは業者へ引取りを依頼してください。,,,,
272272,,洗面ボール,不可,販売店等に相談してください。,,,,
272272,,双眼鏡,家庭ごみ(もえる物),,,,,
272272,,掃除機,大型ごみ,４５ℓの袋に入れば不燃の小物で排出できます。,,,,
272272,,草履,家庭ごみ(もえる物),,,,,
272272,,ソーラー給湯器,不可,販売店等に相談してください。,,,,
272272,,ソーラーシステム屋根,不可,販売店等に相談してください。,,,,
272272,,足温器,大型ごみ,,,,,
272272,,ソファー,大型ごみ,,,,,
272272,,ソファーベッド,大型ごみ,,,,,
272272,,そり(玩具),大型ごみ,４５ℓの袋に入れくくることができれば家庭ごみ（もえる物）で排出できます。,,,,
272272,,そろばん,家庭ごみ(もえる物),,,,,
272272,,台車,大型ごみ,家庭用のみ排出できます。,,,,
272272,,体重計,不燃の小物（もえない小物）,一辺が30ｃｍ以上のものは原則として大型ごみですが、45ℓのごみ袋に入り、口を縛ることができ、袋が破れない場合は、不燃の小物として排出可能です。,,,,
272272,,ダイニングボード,大型ごみ,,,,,
272272,,耐熱ガラス,不燃の小物（もえない小物）,,,,,
272272,,タイヤ,不可,廃タイヤ取扱い協力指定店へ,,,,
272272,,タイヤチェーン,不可,販売店等に相談してください。,,,,
272272,,タイヤホイール,不可,販売店等に相談してください。,,,,
272272,,太陽熱温水器,不可,業者に引取りを依頼してください。,,,,
272272,,大理石の置物,不可,販売店等に相談してください。,,,,
272272,,タイル,不可,"販売店等に相談してください。
家具の装飾であれば１０枚程度であれば家庭ごみで排出可",,,,
272272,,タオル,家庭ごみ(もえる物),,,,,
272272,,タオルケット,家庭ごみ(もえる物),,,,,
272272,,高枝切りバサミ,大型ごみ,４５ℓの袋に入れば不燃の小物で排出できます。,,,,
272272,,打楽器,大型ごみ,４５ℓの袋に入れくくることができれば家庭ごみで排出できます。,,,,
272272,,竹製の敷物,大型ごみ,,,,,
272272,,畳,大型ごみ,1回の受付で2枚まで(2枚で１点),,,,
272272,,卓球台,大型ごみ,,,,,
272272,,脱臭剤,家庭ごみ(もえる物),,,,,
272272,,ダッチオーブン,大型ごみ,４５ℓの袋に入れくくることができれば不燃の小物（もえない小物）で排出できます。,,,,
272272,,タッパー（保存容器）,家庭ごみ(もえる物),,,,,
272272,,建具(障子・ふすま・木製ドア),大型ごみ,,,,,
272272,,たばこの吸殻,家庭ごみ(もえる物),しっかり水につけて排出してください。,,,,
272272,,タブレット,不可,販売店へご相談してください。,,,,
272272,,卵のケース(紙製),家庭ごみ(もえる物),,,,,
272272,,卵のケース(プラスチック製),プラスチック製容器包装,,,,,
272272,,玉じゃくし,不燃の小物（もえない小物）,プラスチック製のものは家庭ごみ（もえる物）でご排出ください。,,,,
272272,,タライ,大型ごみ,,,,,
272272,,たわし,家庭ごみ(もえる物),金属たわし製のものは不燃の小物（もえない小物）で排出ください。,,,,
272272,,段差解消板(コンクリート製、金属製),不可,販売店等に相談してください。,,,,
272272,,段差解消板(プラスチック製),大型ごみ,,,,,
272272,,単車,不可,指定引取窓口・廃棄二輪車取扱店または、二輪車リサイクルコールセンター（050-3000-0727）へ相談してください。,,,,
272272,,たんす,大型ごみ,,,,,
272272,,ダンベル,不可,販売店等に相談してください。,,,,
272272,,ダンボール,地域の集団回収へ,家庭ごみ（もえる物）でも排出できます。,,,,
272272,,チェーン(タイヤチェーン),不可,販売店等に相談してください。,,,,
272272,,チェーンソー,不可,販売店等に相談してください。家庭用電源使用分は排出できます。,,,,
272272,,チェスト,大型ごみ,,,,,
272272,,地球儀,家庭ごみ(もえる物),４５ℓの袋に入らないものは大型ごみで申し込んでください。,,,,
272272,,チャイルドシート,大型ごみ,,,,,
272272,,茶器,不燃の小物（もえない小物）,,,,,
272272,,茶碗,不燃の小物（もえない小物）,,,,,
272272,,注射器・注射針,不可,医療機関に返却してください。,,,,
272272,,チューナー,不燃の小物（もえない小物）,,,,,
272272,,チューブ(自転車用),家庭ごみ(もえる物),,,,,
272272,,調味料のビン,あきかん・あきびん,,,,,
272272,,調理台,大型ごみ,業者が取り替えたものは業者へ引取りを依頼してください。,,,,
272272,,チラシ,地域の集団回収へ,古紙の拠点回収でも排出可能です。詳細は循環社会推進課へお問い合わせください。,,,,
272272,,ちりとり,家庭ごみ(もえる物),金属製のものは不燃の小物（もえない小物）、　一辺30cm以上のものは大型ごみでご排出ください。,,,,
272272,,ついたて,大型ごみ,,,,,
272272,,杖(金属製・木製),大型ごみ,10本で束ねて１点と換算されます。,,,,
272272,,机,大型ごみ,,,,,
272272,,漬物石,不可,,,,,
272272,,漬け物タル,大型ごみ,４５ℓの袋に入れくくることができれば家庭ごみ（もえる物）で排出できます。漬物を購入した際の容器たるであれば、プラスチック製容器包装でご排出ください。,,,,
272272,,土,不可,販売店等に相談してください。,,,,
272272,,突っ張り棒,大型ごみ,10本で１点として換算されます。,,,,
272272,,壷,大型ごみ,４５ℓの袋に入れくくることができれば不燃の小物（もえない小物）で排出できます。,,,,
272272,,爪切り,不燃の小物（もえない小物）,,,,,
272272,,釣り糸,家庭ごみ(もえる物),,,,,
272272,,釣り竿,大型ごみ,10本で１点として換算されます。,,,,
272272,,釣り針,不燃の小物（もえない小物）,,,,,
272272,,つるはし,大型ごみ,,,,,
272272,,ディスプレイ(液晶式),不可,PCリサイクルのためメーカーの窓口へ相談してください。,,,,
272272,,ディスプレイ(ブラウン管式),不可,PCリサイクルのためメーカーの窓口へ相談してください。,,,,
272272,,DVDデッキ(プレイヤー),小型家電回収ボックス,不燃の小物（もえない小物）でも出すことができます。,,,,
272272,,ティッシュペーパーの箱,家庭ごみ(もえる物),,,,,
272272,,テープデッキ,大型ごみ,,,,,
272272,,テーブル,大型ごみ,,,,,
272272,,テーブルクロス,家庭ごみ(もえる物),,,,,
272272,,手鏡,不燃の小物（もえない小物）,,,,,
272272,,デジタルカメラ,小型家電回収ボックス,不燃の小物（もえない小物）でも出すことができます。,,,,
272272,,デスクマット,大型ごみ,４５ℓの袋に入れくくることができれば家庭ごみ（もえる物）で排出できます。,,,,
272272,,鉄アレイ,不可,販売店等に相談してください。,,,,
272272,,鉄板,不可,販売店等に相談してください。,,,,
272272,,テニスボール,家庭ごみ(もえる物),,,,,
272272,,手袋,家庭ごみ(もえる物),,,,,
272272,,テレビ(液晶式・プラズマ・ブラウン管),不可,"家電リサイクル法の対象品目です。販売店に相談または、ご自身で処理してください。方法は以下のURLよりアクセスしてください。
https://www.city.higashiosaka.lg.jp/0000000044.html",,,,
272272,,テレビアンテナ,大型ごみ,,,,,
272272,,テレビゲーム機,小型家電回収ボックス,不燃の小物（もえない小物）でも出すことができます。,,,,
272272,,テレビゲームソフト,不燃の小物（もえない小物）,,,,,
272272,,テレビ台,大型ごみ,,,,,
272272,,電気あんか,小型家電回収ボックス,不燃の小物（もえない小物）でも出すことができます。,,,,
272272,,電気カーペット,大型ごみ,,,,,
272272,,電気蚊取り器(殺虫剤),小型家電回収ボックス,不燃の小物（もえない小物）でも出すことができます。,,,,
272272,,電気かみそり,小型家電回収ボックス,不燃の小物（もえない小物）でも出すことができます。,,,,
272272,,電気コード,小型家電回収ボックス,不燃の小物（もえない小物）でも出すことができます。,,,,
272272,,電気コンロ(電熱),大型ごみ,,,,,
272272,,電気スタンド,小型家電回収ボックス,A4サイズ回収ボックスの口に入らない物は大型ごみ,,,,
272272,,電気ストーブ,大型ごみ,電池が入っている場合は、抜いてください。４５ℓの袋に入れてくくることができれば不燃の小物で排出できます。,,,,
272272,,電気なべ,不燃の小物（もえない小物）,一辺が30ｃｍ以上のものは原則として大型ごみですが、45ℓのごみ袋に入り、口を縛ることができ、袋が破れない場合は、不燃の小物として排出可能です。,,,,
272272,,電気バリカン,小型家電回収ボックス,不燃の小物（もえない小物）でも出すことができます。,,,,
272272,,電気ポット,不燃の小物（もえない小物）,,,,,
272272,,電気毛布,大型ごみ,,,,,
272272,,電気餅つき器,大型ごみ,４５ℓの袋に入れくくることができれば不燃の小物で排出できます。,,,,
272272,,電球,不燃の小物（もえない小物）,,,,,
272272,,電撃殺虫器,大型ごみ,紫の光で殺虫するもの,,,,
272272,,電子オルガン,大型ごみ,,,,,
272272,,電子血圧計,小型家電回収ボックス,不燃の小物（もえない小物）でも排出できます。,,,,
272272,,電子辞書,小型家電回収ボックス,不燃の小物（もえない小物）でも出すことができます。,,,,
272272,,電子体温計,小型家電回収ボックス,不燃の小物（もえない小物）でも出すことができます。,,,,
272272,,電子ピアノ,大型ごみ,,,,,
272272,,電子レンジ(電子オーブンレンジ含む),大型ごみ,,,,,
272272,,天体望遠鏡,大型ごみ,,,,,
272272,,電卓,小型家電回収ボックス,不燃の小物（もえない小物）でも出すことができます。,,,,
272272,,電池(乾電池),回収協力店,回収協力店か、回収ボックスがある市の施設へご排出ください。（本庁、行政サービスセンター等にあるごみの分け方・出し方をご参照ください。）,,,,
272272,,電池(充電式電池),JBRCの回収協力店の回収ＢＯＸへ,販売店等に相談してください。,,,,
272272,,電池(ボタン型),電池工業会の回収ＢＯＸへ,販売店等に相談してください。,,,,
272272,,テント一式,大型ごみ,自治会テントなどの大型のものは収集できません。,,,,
272272,,電動折りたたみベッド,大型ごみ,介護用ではないもの,,,,
272272,,電動キックボード,大型ごみ,バッテリーは外してください。　バッテリーは販売店へ相談してください。,,,,
272272,,電動車椅子,不可,販売店等に相談してください。,,,,
272272,,電動工具類(小型家庭用),不燃の小物（もえない小物）,,,,,
272272,,電動自転車,大型ごみ,バッテリーは外してください。　バッテリーは販売店へ相談してください。,,,,
272272,,電動自動車(子供用),大型ごみ,バッテリーは外してください。　バッテリーは販売店へ相談してください。,,,,
272272,,電動のこぎり,大型ごみ,業務用は収集できません。,,,,
272272,,電動歯ブラシ,小型家電回収ボックス,不燃の小物（もえない小物）でも排出すことができます。,,,,
272272,,てんぷら油,回収協力店,"回収スポットにて回収し、リサイクルしています。
詳しくはこちら
https://www.city.higashiosaka.lg.jp/0000035605.html

回収スポットに持ち込めない場合は、紙や布に染み込ませて出すか、市販の凝固剤で固めて、家庭ごみの日に出してください。",,,,
272272,,電話機,小型家電回収ボックス,不燃の小物（もえない小物）でも出すことができます。,,,,
272272,,電話台,大型ごみ,,,,,
272272,,ドア(金属製),不可,建築廃材　業者に引き取ってもらってください。,,,,
272272,,ドア(木製),不可,建築廃材　業者に引き取ってもらってください。,,,,
272272,,砥石,不可,市で処理できないごみです。購入先、専門業者などへご相談ください。,,,,
272272,,トイレシート(ペット用),家庭ごみ(もえる物),,,,,
272272,,トイレットペーパーの芯,家庭ごみ(もえる物),,,,,
272272,,トイレブラシ,家庭ごみ(もえる物),,,,,
272272,,陶磁器類,不燃の小物（もえない小物）,,,,,
272272,,動物の排泄物,家庭ごみ(もえる物),臭気がもれないように袋の口をしっかり結んで排出してください,,,,
272272,,豆腐の容器,プラスチック製容器包装,,,,,
272272,,灯油,不可,ガソリンスタンドなどの販売店へ相談,,,,
272272,,灯油缶(18L),大型ごみ,,,,,
272272,,灯油ポンプ,家庭ごみ(もえる物),,,,,
272272,,トースター,不燃の小物（もえない小物）,,,,,
272272,,戸棚,大型ごみ,,,,,
272272,,トタン,大型ごみ,自分で取り替えたものは排出できます。　業者が取り替えた場合は業者に依頼してください。,,,,
272272,,ドッジボール,家庭ごみ(もえる物),,,,,
272272,,土鍋,不燃の小物（もえない小物）,,,,,
272272,,とゆ,大型ごみ,自分で取り替えたものは排出できます。　業者が取り替えた場合は業者に依頼してください。,,,,
272272,,ドライバー,不燃の小物（もえない小物）,,,,,
272272,,ドライヤー(家庭用),小型家電回収ボックス,不燃の小物（もえない小物）でも出すことができます。,,,,
272272,,ドラフター（製図用机）,大型ごみ,業務用は収集できません。,,,,
272272,,ドラム,大型ごみ,,,,,
272272,,ドラム缶,不可,販売店等に相談してください。,,,,
272272,,鳥かご,大型ごみ,４５ℓの袋に入れくくることができれば不燃の小物で排出できます。,,,,
272272,,塗料,不可,販売店等に相談してください。,,,,
272272,,塗料缶(空の状態),不燃の小物（もえない小物）,,,,,
272272,,塗料スプレー缶,不燃の小物（もえない小物）,必ず使い切って穴を空けて排出してください。,,,,
272272,,ドリンク剤のビン,あきかん・あきびん,,,,,
272272,,トレー(食品トレー),プラスチック製容器包装,,,,,
272272,,トレーニングマシーン,大型ごみ,,,,,
272272,,ドレッサー,大型ごみ,,,,,
272272,,トロフィー,不燃の小物（もえない小物）,,,,,
272272,,ナイフ,不燃の小物（もえない小物）,紙に包んで安全措置をして、「危険」と記載してください。,,,,
272272,,苗木ポット,プラスチック製容器包装,軽く汚れを落としてご排出ください。,,,,
272272,,長靴,家庭ごみ(もえる物),,,,,
272272,,流し台,不可,業者が取り替えたものは業者へ引取りを依頼してください。,,,,
272272,,なた,不燃の小物（もえない小物）,紙に包んで安全措置をして、「危険」と記載してください。,,,,
272272,,鍋,不燃の小物（もえない小物）,,,,,
272272,,鍋焼きうどんの容器(アルミ),家庭ごみ(もえる物),,,,,
272272,,生ごみ(調理くず・食べ残し等),家庭ごみ(もえる物),水切りをしてからご排出ください。,,,,
272272,,生ごみ処理器,大型ごみ,,,,,
272272,,波板,大型ごみ,業者が取り替えたものは業者へ引取りを依頼してください。,,,,
272272,,ニカド電池,JBRCの回収協力店の回収ＢＯＸへ,購入先に相談してください。,,,,
272272,,24時間風呂,大型ごみ,浴室内に置く後付けのもののみ排出できます。,,,,
272272,,二段ベッド,大型ごみ,解体して排出してください。,,,,
272272,,荷造りひも,家庭ごみ(もえる物),,,,,
272272,,庭木,大型ごみ,,,,,
272272,,人形,家庭ごみ(もえる物),,,,,
272272,,人形ケース,大型ごみ,,,,,
272272,,ぬいぐるみ,家庭ごみ(もえる物),４５ℓの袋に入らないものは大型ごみで申し込んでください。,,,,
272272,,ぬか床,家庭ごみ(もえる物),乾燥させて排出してください,,,,
272272,,布,地域の集団回収へ,,,,,
272272,,ネガフィルム,家庭ごみ(もえる物),,,,,
272272,,ネクタイ,家庭ごみ(もえる物),,,,,
272272,,ネジ,不燃の小物（もえない小物）,,,,,
272272,,ネックレス,不燃の小物（もえない小物）,,,,,
272272,,寝袋（シュラフ）,大型ごみ,,,,,
272272,,粘土,不可,家庭用、工作用少量ならば家庭ごみに混ぜて,,,,
272272,,農薬,不可,販売店等に相談してください。,,,,
272272,,ノート,家庭ごみ(もえる物),地域の集団回収でもご排出ください。,,,,
272272,,ノートパソコン,小型家電回収ボックス,"電池が取り外せる場合は、取り外した電池の種類ごとに回収ボックスへ排出してください。

それぞれの回収ボックスの場所など、詳しくはこちらをご覧いただくか、お問合せください。

小型家電について
https://www.city.higashiosaka.lg.jp/0000012601.html

電池について
https://www.city.higashiosaka.lg.jp/0000000386.html

循環社会推進課 06-4309-3199",,,,
272272,,のこぎり,不燃の小物（もえない小物）,紙に包んで安全措置をして、「危険」と記載してください。,,,,
272272,,海苔の缶・ビン,あきかん・あきびん,,,,,
272272,,パーテーション(仕切り板),大型ごみ,,,,,
272272,,バーベキューコンロ,大型ごみ,４５ℓの袋に入れくくることができれば不燃の小物でご排出できます。,,,,
272272,,バーベル,不可,販売店等に相談してください。,,,,
272272,,ハーモニカ(プラスチック製・金属製),不燃の小物（もえない小物）,,,,,
272272,,バイク,不可,指定引取窓口・廃棄二輪車取扱店または、二輪車リサイクルコールセンター（050-3000-0727）へ相談してください。,,,,
272272,,灰皿,不燃の小物（もえない小物）,,,,,
272272,,パイプ椅子,大型ごみ,,,,,
272272,,パイプハンガー,大型ごみ,,,,,
272272,,パイプベット,大型ごみ,解体すること　マットレスは別に1点,,,,
272272,,バウンサー,大型ごみ,,,,,
272272,,はかり(家庭用),家庭ごみ(もえる物),,,,,
272272,,はくせい,不可,販売店等に相談してください。,,,,
272272,,バケツ,大型ごみ,４５ℓの袋に入れくくることができれば、プラスチック製であれば家庭ごみ、金属製であれば不燃の小物でご排出できます。,,,,
272272,,バケツ型洗濯機,大型ごみ,高さ30cm程度の小型のもの,,,,
272272,,はさみ,不燃の小物（もえない小物）,紙に包んで安全措置をして、「危険」と記載してください。,,,,
272272,,はしご,大型ごみ,スチール製1.5m以上、アルミ製2m以上は収集できません。(販売店へ),,,,
272272,,パソコンディスプレイ(ブラウン管式),不可,リサイクルする必要があります。リネットジャパンとWEB検索し、処理手続きを行ってください。,,,,
272272,,パソコン本体,不可,リサイクルする必要があります。リネットジャパンとWEB検索し、処理手続きを行ってください。,,,,
272272,,発炎筒,不可,販売店等に相談してください。,,,,
272272,,バッテリー,不可,販売店等に相談してください。,,,,
272272,,発電機(充電器),不可,販売店等に相談してください。,,,,
272272,,バット,大型ごみ,45ℓの袋に入れてくくることができれば不燃の小物（もえない小物)でご排出できます。大型ごみの場合は10本まで束ねて１点として排出できます。,,,,
272272,,発泡スチロール,プラスチック製容器包装,プラマークが付いていない物は家庭ごみで排出してください。,,,,
272272,,バドミントン用ラケット,大型ごみ,10本まで束ねて１点としてご排出できます。,,,,
272272,,花火,家庭ごみ(もえる物),しっかり水につけて、少量ずつ排出してください。,,,,
272272,,パネルカーペット,大型ごみ,片手で持てる量、紐でくくってご排出ください。,,,,
272272,,パネルヒーター,大型ごみ,,,,,
272272,,バブルバス機,大型ごみ,浴槽内に置く小型のもののみ排出できます。,,,,
272272,,歯磨きチューブ(金属製),不燃の小物（もえない小物）,,,,,
272272,,歯磨きチューブ(プラスチック製),プラスチック製容器包装,汚れが落ちないものは家庭ごみでご排出ください。,,,,
272272,,刃物(はさみ・包丁等),不燃の小物（もえない小物）,紙に包んで安全措置をして、「危険」と記載してください。,,,,
272272,,パラボラアンテナ,大型ごみ,,,,,
272272,,針,不燃の小物（もえない小物）,紙に包んで安全措置をして、「危険」と記載してください。,,,,
272272,,針金,不燃の小物（もえない小物）,,,,,
272272,,ハロゲンヒーター,大型ごみ,,,,,
272272,,ハンガー(針金),不燃の小物（もえない小物）,,,,,
272272,,ハンガー(プラスチック),家庭ごみ(もえる物),,,,,
272272,,ハンガーラック,大型ごみ,,,,,
272272,,ハンディファン,小型家電回収ボックス,"電池が取り外せる場合は、取り外した電池の種類ごとに回収ボックスへ排出してください。

それぞれの回収ボックスの場所など、詳しくはこちらをご覧いただくか、お問合せください。
小型家電について　https://www.city.higashiosaka.lg.jp/0000012601.html
電池について　https://www.city.higashiosaka.lg.jp/0000000386.html
循環社会推進課 06-4309-3199",,,,
272272,,ハンディクリーナー,不燃の小物（もえない小物）,,,,,
272272,,ハンドミキサー,不燃の小物（もえない小物）,,,,,
272272,,ハンマー,不燃の小物（もえない小物）,,,,,
272272,,ピアノ,不可,販売店等に相談してください。,,,,
272272,,ビーズクッション,大型ごみ,"４５リットルのごみ袋に入れて、くくることができる場合は、家庭ごみで排出できます。
その際は、ビーズクッションだけを袋にいれて「ビーズクッションが入っています」と張り紙をしてください。
破裂しないように収集するためにご協力をお願いします。",,,,
272272,,ビー玉,不燃の小物（もえない小物）,,,,,
272272,,ビーチパラソル,大型ごみ,,,,,
272272,,ビール缶,あきかん・あきびん,,,,,
272272,,ビールケース,大型ごみ,できるだけ販売店へ返却してください。,,,,
272272,,ビールサーバー,大型ごみ,家庭用のみ排出できます。,,,,
272272,,ビール瓶,あきかん・あきびん,販売店に返却してください。,,,,
272272,,ビール瓶のふた,不燃の小物（もえない小物）,,,,,
272272,,髭剃り(かみそり),不燃の小物（もえない小物）,紙に包んで安全措置をして、「危険」と記載してください。,,,,
272272,,髭剃り(電気シェーバー),小型家電回収ボックス,不燃の小物（もえない小物）でも出すことができます。,,,,
272272,,ビデオカメラ,小型家電回収ボックス,業務用は収集できません。不燃の小物（もえない小物）でもご排出できます。,,,,
272272,,ビデオテープ,家庭ごみ(もえる物),,,,,
272272,,ビデオデッキ,小型家電回収ボックス,不燃の小物（もえない小物）でも出すことができます。,,,,
272272,,ひな壇,大型ごみ,,,,,
272272,,ビニール傘,不燃の小物（もえない小物）,,,,,
272272,,ビニールカッパ,家庭ごみ(もえる物),,,,,
272272,,ビニールシート(家庭用),家庭ごみ(もえる物),,,,,
272272,,ビニール袋,プラスチック製容器包装,商品の包装として使われていたものはプラ、商品として購入したものは家庭ごみでご排出ください。,,,,
272272,,火バサミ,不燃の小物（もえない小物）,,,,,
272272,,火鉢,不燃の小物（もえない小物）,一辺が30ｃｍ以上のものは原則として大型ごみですが、45ℓのごみ袋に入り、口を縛ることができ、袋が破れない場合は、不燃の小物として排出可能です。,,,,
272272,,百科事典,地域の集団回収へ,,,,,
272272,,ビン(飲料・調味料),あきかん・あきびん,,,,,
272272,,ビン(化粧ビン等その他のビン),あきかん・あきびん,,,,,
272272,,ビンディング,大型ごみ,スキー・スノーボードの止め金具,,,,
272272,,ピンポン玉,家庭ごみ(もえる物),,,,,
272272,,ファイル,家庭ごみ(もえる物),,,,,
272272,,ファックス(電話一体型含む),不燃の小物（もえない小物）,,,,,
272272,,ファンヒーター,大型ごみ,,,,,
272272,,フィルター(浄水器),不燃の小物（もえない小物）,,,,,
272272,,封筒,家庭ごみ(もえる物),,,,,
272272,,フードプロセッサー,不燃の小物（もえない小物）,,,,,
272272,,フェンス(アルミ製・スチール・鋳物製),不可,建築廃材　業者に引き取ってもらってください。,,,,
272272,,フェンス(木製・竹垣),大型ごみ,解体して排出してください。,,,,
272272,,フォーク（金属製）,不燃の小物（もえない小物）,木製のものは家庭ごみ(もえる物)でご排出ください。,,,,
272272,,腹筋台,大型ごみ,,,,,
272272,,仏壇,大型ごみ,原型がわからないように解体してください。解体できない場合宗派の寺院、神社、仏壇店へ相談してください。,,,,
272272,,布団,大型ごみ,５枚までで１点（４００円）となります。,,,,
272272,,布団乾燥機,大型ごみ,,,,,
272272,,布団たたき(プラスチック製),家庭ごみ(もえる物),,,,,
272272,,布団たたき(木製),家庭ごみ(もえる物),,,,,
272272,,布団干し,大型ごみ,,,,,
272272,,フライパン,不燃の小物（もえない小物）,,,,,
272272,,ブラインド,大型ごみ,,,,,
272272,,ぶら下がり健康器,大型ごみ,,,,,
272272,,ブラシ,家庭ごみ(もえる物),木製･プラスチック製は家庭ごみ（もえる物）、金属製は不燃の小物（もえない小物）でご排出ください。,,,,
272272,,プラモデル,家庭ごみ(もえる物),,,,,
272272,,フラワースタンド,大型ごみ,４５ℓの袋に入れくくることができれば金属製であれば不燃の小物（もえない小物）、木製･プラスチック製であれば家庭ごみ（もえる物）で排出できます。,,,,
272272,,ブランコ(子供用遊具),大型ごみ,コンクリートつきはコンクリートをはずしてください。,,,,
272272,,プランター,家庭ごみ(もえる物),４５ℓの袋に入らないものは大型ごみで申し込んでください。,,,,
272272,,プリンター,大型ごみ,業務用は収集できません。,,,,
272272,,ブルーシート(家庭用),家庭ごみ(もえる物),,,,,
272272,,風呂イス,家庭ごみ(もえる物),,,,,
272272,,風呂釜,不可,販売店等に相談してください。,,,,
272272,,プロジェクションテレビ,大型ごみ,,,,,
272272,,ブロック(子ども用おもちゃ),家庭ごみ(もえる物),,,,,
272272,,ブロック(コンクリート),不可,販売店等に相談してください。業者が取り替えた物は業者に引き取ってもらう,,,,
272272,,フロッピーディスク,家庭ごみ(もえる物),,,,,
272272,,風呂ふた,大型ごみ,45ℓの袋に入れてくくることができれば家庭ごみ（もえる物）でご排出できます。,,,,
272272,,風呂マット,家庭ごみ(もえる物),,,,,
272272,,文房具,家庭ごみ(もえる物),,,,,
272272,,ヘアースプレー缶,あきかん・あきびん,中身を使い切ってご排出ください。,,,,
272272,,ヘアケア・スタイリング剤チューブ,プラスチック製容器包装,汚れが落ちないものは家庭ごみでご排出ください。,,,,
272272,,ヘアドライヤー,小型家電回収ボックス,不燃の小物（もえない小物）でも出すことができます。,,,,
272272,,ベッド,大型ごみ,,,,,
272272,,ペット(犬・猫等の死骸),電話申込・持ち込み,各環境事業所又は東大阪都市清掃施設組合へ,,,,
272272,,ペットウォーマー,大型ごみ,,,,,
272272,,ペット小屋,大型ごみ,,,,,
272272,,ペットの缶詰,あきかん・あきびん,中をゆすいで排出してください,,,,
272272,,ペットの糞,家庭ごみ(もえる物),臭気がもれないように袋の口をしっかり結んで排出してください,,,,
272272,,ベッドのマットレス,大型ごみ,,,,,
272272,,ペットボトル(油・調味料),ペットボトル,,,,,
272272,,ヘッドホン,小型家電回収ボックス,不燃の小物（もえない小物）でも出すことができます。,,,,
272272,,ベッド用スプリングマット,大型ごみ,,,,,
272272,,ベニヤ板,大型ごみ,長さ１ｍ未満,,,,
272272,,ベビー椅子,大型ごみ,,,,,
272272,,ベビーカー,大型ごみ,,,,,
272272,,ベビーダンス,大型ごみ,,,,,
272272,,ベビーバス,大型ごみ,,,,,
272272,,ベビーベッド,大型ごみ,,,,,
272272,,ベビーラック,大型ごみ,,,,,
272272,,ヘルスメーター,不燃の小物（もえない小物）,,,,,
272272,,ベルト,家庭ごみ(もえる物),,,,,
272272,,ヘルメット,家庭ごみ(もえる物),金属製のもの、フルフェイスのものは不燃の小物（もえない小物）でご排出ください。,,,,
272272,,ペン,家庭ごみ(もえる物),,,,,
272272,,便器,不可,販売店等に相談してください。業者が取り替えた物は業者に引き取ってもらう,,,,
272272,,ペンキ,不可,販売店等に相談してください。,,,,
272272,,ペンキ容器,不燃の小物（もえない小物）,ペンキを空にして出す,,,,
272272,,便座,大型ごみ,,,,,
272272,,便漕,不可,販売店等に相談してください。,,,,
272272,,ベンチ(家庭用),大型ごみ,,,,,
272272,,弁当・惣菜の容器,プラスチック製容器包装,,,,,
272272,,弁当箱(金属・保温タイプ),不燃の小物（もえない小物）,,,,,
272272,,弁当箱(プラスチック),家庭ごみ(もえる物),,,,,
272272,,ホイール(普通乗用車用),不可,販売店等に相談してください。,,,,
272272,,ホイールキャップ・カバー,大型ごみ,,,,,
272272,,ボイラー,不可,販売店等に相談してください。,,,,
272272,,望遠鏡,大型ごみ,,,,,
272272,,ほうき,大型ごみ,１０本まで束ねて１点と換算されます。,,,,
272272,,芳香剤,家庭ごみ(もえる物),,,,,
272272,,帽子,家庭ごみ(もえる物),,,,,
272272,,包装紙,家庭ごみ(もえる物),地域の集団回収でも「雑誌類」としてご排出できます。,,,,
272272,,包丁,不燃の小物（もえない小物）,危険につき、紙等に包んで、「危険」と記載してください。,,,,
272272,,包丁研ぎ器,不燃の小物（もえない小物）,砥石は収集できません。,,,,
272272,,ボウリングの球,不可,,,,,
272272,,ボウル(台所用),不燃の小物（もえない小物）,プラスチック製のものは家庭ごみ（もえる物）で排出してください。,,,,
272272,,ホースリール(ホース含む),大型ごみ,,,,,
272272,,ポータブルトイレ,大型ごみ,,,,,
272272,,ホームベーカリー(家庭用パン作り器),不燃の小物（もえない小物）,,,,,
272272,,ボール(ボーリング以外),家庭ごみ(もえる物),,,,,
272272,,ポールハンガー,大型ごみ,,,,,
272272,,ボールペン,家庭ごみ(もえる物),,,,,
272272,,ホーロー製品,不燃の小物（もえない小物）,調理器具に限ります。,,,,
272272,,保温ジャー,大型ごみ,,,,,
272272,,歩行器(大人用),大型ごみ,,,,,
272272,,歩行器(子供用),大型ごみ,,,,,
272272,,ボタン,家庭ごみ(もえる物),,,,,
272272,,ボタン型電池,電池工業会の回収ＢＯＸへ,販売店等に相談してください。,,,,
272272,,補聴器,家庭ごみ(もえる物),,,,,
272272,,ホッチキス,不燃の小物（もえない小物）,,,,,
272272,,ポット,不燃の小物（もえない小物）,,,,,
272272,,ホットカーペット,大型ごみ,,,,,
272272,,ホットカーラー,不燃の小物（もえない小物）,,,,,
272272,,ホットプレート,大型ごみ,,,,,
272272,,ボディー(マネキン),大型ごみ,マネキンのこと。  業務用は収集できません。,,,,
272272,,ボディーボード,大型ごみ,,,,,
272272,,哺乳びん(ガラス),不燃の小物（もえない小物）,,,,,
272272,,哺乳びん(プラスチック),家庭ごみ(もえる物),,,,,
272272,,ポリタンク,家庭ごみ(もえる物),一辺が30ｃｍ以上のものは原則として大型ごみですが、45ℓのごみ袋に入り、口を縛ることができ、袋が破れない場合は、家庭ごみ（燃える物）で排出可能です。,,,,
272272,,ポリバケツ,家庭ごみ(もえる物),一辺が3０ｃｍ以上のものは大型ごみでご排出ください。,,,,
272272,,保冷剤,家庭ごみ(もえる物),,,,,
272272,,本,地域の集団回収へ,大型ごみでもご排出できます。,,,,
272272,,盆,家庭ごみ(もえる物),金属製のものは不燃の小物（もえない小物）でご排出ください。,,,,
272272,,本棚,大型ごみ,,,,,
272272,,ボンボンベット（サマーベッド）,大型ごみ,,,,,
272272,,マージャン台,大型ごみ,,,,,
272272,,マージャン牌,家庭ごみ(もえる物),,,,,
272272,,マイク,不燃の小物（もえない小物）,,,,,
272272,,マウス,不燃の小物（もえない小物）,お近くの小型家電回収ボックスにご排出することもできます。,,,,
272272,,マグネット,不燃の小物（もえない小物）,,,,,
272272,,まくら,家庭ごみ(もえる物),,,,,
272272,,マジックペン,家庭ごみ(もえる物),,,,,
272272,,マッサージ機(椅子型あんま機),大型ごみ,,,,,
272272,,マッサージ器(ハンドタイプ),小型家電回収ボックス,,,,,
272272,,マッチ,家庭ごみ(もえる物),しっかり水につけて、少量ずつ排出してください。,,,,
272272,,マットレス(スポンジ・ウレタンのみ),大型ごみ,,,,,
272272,,窓ガラス(割れたもの),不燃の小物（もえない小物）,危険につき、紙等に包んで、「危険」と記載してください。,,,,
272272,,窓用クーラー,不可,"家電リサイクル法の対象品目です。販売店に相談または、ご自身で処理してください。方法は以下のURLよりアクセスしてください。
https://www.city.higashiosaka.lg.jp/0000000044.html",,,,
272272,,まな板,家庭ごみ(もえる物),,,,,
272272,,魔法瓶,不燃の小物（もえない小物）,,,,,
272272,,豆電球,不燃の小物（もえない小物）,,,,,
272272,,マヨネーズ容器,プラスチック製容器包装,中身を使い切り軽くゆすいでください。,,,,
272272,,万年筆,家庭ごみ(もえる物),,,,,
272272,,ミキサー,不燃の小物（もえない小物）,,,,,
272272,,ミシン(ロックミシン・足ふみミシン含む),不燃の小物（もえない小物）,工業用・電動は不可(販売店へ相談してください。)一辺が30ｃm以上のものは大型ごみでご排出ください。,,,,
272272,,溝掃除で出た土,不可,土木公営所に問合せ,,,,
272272,,ミニカー,不燃の小物（もえない小物）,,,,,
272272,,ミニコンポ(ミニコンポセット),大型ごみ,,,,,
272272,,ミニバイク,不可,指定引取窓口・廃棄二輪車取扱店または、二輪車リサイクルコールセンター（050-3000-0727）へ相談してください。,,,,
272272,,ミラースタンド,大型ごみ,,,,,
272272,,ミルク缶,あきかん・あきびん,,,,,
272272,,ムース缶,あきかん・あきびん,必ず中身を使い切ってからご排出してください。,,,,
272272,,虫かご,家庭ごみ(もえる物),,,,,
272272,,蒸し器,不燃の小物（もえない小物）,,,,,
272272,,虫眼鏡,不燃の小物（もえない小物）,,,,,
272272,,無線機(家庭用),不燃の小物（もえない小物）,,,,,
272272,,めがね,不燃の小物（もえない小物）,,,,,
272272,,メジャー（巻尺）,家庭ごみ(もえる物),金属製のものは不燃の小物（もえない小物）でご排出ください。,,,,
272272,,毛布,大型ごみ,４５ℓの袋に入れば家庭ごみで排出できます。,,,,
272272,,木材,大型ごみ,50cm以下のもののみ排出できます。,,,,
272272,,木炭,家庭ごみ(もえる物),,,,,
272272,,餅つき器,不燃の小物（もえない小物）,一辺が30ｃｍ以上のものは原則として大型ごみですが、45ℓのごみ袋に入り、口を縛ることができ、袋が破れない場合は、不燃の小物として排出可能です。,,,,
272272,,餅箱,大型ごみ,,,,,
272272,,モップ,大型ごみ,,,,,
272272,,モデム,不燃の小物（もえない小物）,パソコンの周辺機器,,,,
272272,,モデルガン,大型ごみ,,,,,
272272,,モニター,大型ごみ,"PCリサイクルのマークがついているものは、大型ごみとして受付できません。
メーカーの「PCリサイクル窓口」に連絡するか、リネットジャパンリサイクル株式会社のホームページから回収の申込みをしてください。",,,,
272272,,物置(家庭用組み立て式のもの),大型ごみ,床がたたみ1畳まで　解体すること,,,,
272272,,物干し竿(ポール),大型ごみ,,,,,
272272,,物干し台,大型ごみ,コンクリートの土台は収集できません。,,,,
272272,,モルタル,不可,販売店等に相談してください。,,,,
272272,,門扉,不可,業者に引取りを依頼してください。,,,,
272272,,やかん,不燃の小物（もえない小物）,,,,,
272272,,焼肉用たれの容器(びん),あきかん・あきびん,,,,,
272272,,焼肉用たれの容器(プラスチック製),プラスチック製容器包装,中をきれいにゆすいでください,,,,
272272,,野球ボール,家庭ごみ(もえる物),,,,,
272272,,薬品類(農薬・劇薬等),不可,販売店か専門業者に処理を依頼してください。,,,,
272272,,油圧ジャッキ,不可,販売店等に相談してください。,,,,
272272,,有刺鉄線,不可,販売店等に相談してください。,,,,
272272,,U字ロック,不燃の小物（もえない小物）,バイクの鍵,,,,
272272,,湯たんぽ（鉄製）,不燃の小物（もえない小物）,湯たんぽ（プラスチック製）は家庭ごみでご排出ください。,,,,
272272,,湯のみ茶碗,不燃の小物（もえない小物）,,,,,
272272,,湯沸かし器(台所用),大型ごみ,電池は抜いてください。,,,,
272272,,湯沸しポット,不燃の小物（もえない小物）,一辺が30ｃｍ以上のものは原則として大型ごみですが、45ℓのごみ袋に入り、口を縛ることができ、袋が破れない場合は、不燃の小物として排出可能です。,,,,
272272,,洋酒ビン,あきかん・あきびん,,,,,
272272,,幼児用三輪車,大型ごみ,,,,,
272272,,洋服ダンス,大型ごみ,,,,,
272272,,浴槽,不可,販売店等に相談してください。業者が取り替えた物は業者に引き取ってもらう,,,,
272272,,よしず,大型ごみ,,,,,
272272,,ライター,不燃の小物（もえない小物）,必ず使い切ってから排出してください。,,,,
272272,,ラケット,大型ごみ,,,,,
272272,,ラジオ,小型家電回収ボックス,不燃の小物（もえない小物）でも出すことができます。一辺が30ｃｍ以上のものは大型ごみでご排出ください。,,,,
272272,,ラジカセ,小型家電回収ボックス,不燃の小物（もえない小物）でも出すことができます。一辺が30ｃｍ以上のものは大型ごみでご排出ください。,,,,
272272,,ラック,大型ごみ,４５ℓのごみ袋に入れくくることができれば、木製の場合は可燃ごみ（もえる物）、金属製のものは不燃の小物（もえない小物）で排出してください。,,,,
272272,,ラップ,家庭ごみ(もえる物),,,,,
272272,,ラップケースの刃,不燃の小物（もえない小物）,,,,,
272272,,ラティス,大型ごみ,,,,,
272272,,ランチジャー,不燃の小物（もえない小物）,,,,,
272272,,ランドセル,家庭ごみ(もえる物),,,,,
272272,,ランドリーボックス,大型ごみ,,,,,
272272,,ランニングマシン,大型ごみ,,,,,
272272,,リール(釣具),不燃の小物（もえない小物）,,,,,
272272,,リコーダー,家庭ごみ(もえる物),,,,,
272272,,リチウムイオン電池,拠点回収,"回収ボックスへ排出してください。

回収ボックスの場所など、詳しくはこちらをご覧いただくか、お問合せください。

リチウムイオン電池について
https://www.city.higashiosaka.lg.jp/0000027022.html

循環社会推進課 06-4309-3199",,,,
272272,,リモコン,小型家電回収ボックス,不燃の小物（もえない小物）でも出すことができます。,,,,
272272,,リヤカー,不可,販売店等に相談してください。,,,,
272272,,リュックサック,家庭ごみ(もえる物),,,,,
272272,,ルーター,不燃の小物（もえない小物）,小型家電でもご排出できます。,,,,
272272,,ルームランナー,大型ごみ,,,,,
272272,,冷蔵庫,不可,"家電リサイクル法の対象品目です。販売店に相談または、ご自身で処理してください。方法は以下のURLよりアクセスしてください。
https://www.city.higashiosaka.lg.jp/0000000044.html",,,,
272272,,冷凍庫,不可,"家電リサイクル法の対象品目です。販売店に相談または、ご自身で処理してください。方法は以下のURLよりアクセスしてください。
https://www.city.higashiosaka.lg.jp/0000000044.html",,,,
272272,,冷風機(冷風扇),大型ごみ,,,,,
272272,,レインコート,家庭ごみ(もえる物),,,,,
272272,,レコード,家庭ごみ(もえる物),,,,,
272272,,レコードプレーヤー,不燃の小物（もえない小物）,４５ℓの袋に入らないものは大型ごみで申し込んでください。,,,,
272272,,レジ袋,プラスチック製容器包装,,,,,
272272,,レトルト食品の袋,プラスチック製容器包装,中をよくすすいで,,,,
272272,,れんが,不可,販売店等に相談してください。,,,,
272272,,レンジ台,大型ごみ,,,,,
272272,,レンズ,不燃の小物（もえない小物）,,,,,
272272,,練炭,家庭ごみ(もえる物),,,,,
272272,,ロースター,大型ごみ,４５ℓの袋に入れくくることができれば不燃の小物でご排出できます。,,,,
272272,,ローソク,家庭ごみ(もえる物),,,,,
272272,,ロープ,家庭ごみ(もえる物),,,,,
272272,,ローボード,大型ごみ,,,,,
272272,,ローラースケート,家庭ごみ(もえる物),,,,,
272272,,ローラーブレード,家庭ごみ(もえる物),,,,,
272272,,ロッカー（家庭用）,大型ごみ,180㎝×90㎝×50㎝以上のものは不可,,,,
272272,,ロッキングチェア(籐製を含む),大型ごみ,,,,,
272272,,ロックミシン,不燃の小物（もえない小物）,一辺が30ｃｍ以上のものは原則として大型ごみですが、45ℓのごみ袋に入り、口を縛ることができ、袋が破れない場合は、不燃の小物として排出可能です。,,,,
272272,,ワープロ,不燃の小物（もえない小物）,,,,,
272272,,ワイシャツ,地域の集団回収へ,,,,,
272272,,ワイヤーロープ,不可,販売店等に相談してください。,,,,
272272,,ワインキャビネット,大型ごみ,,,,,
272272,,ワインクーラー,不可,"家電リサイクル法の対象品目です。販売店に相談または、ご自身で処理してください。方法は以下のURLよりアクセスしてください。
https://www.city.higashiosaka.lg.jp/0000000044.html",,,,
272272,,ワインのビン,あきかん・あきびん,,,,,
272272,,ワインラック,大型ごみ,,,,,
272272,,輪ゴム,家庭ごみ(もえる物),,,,,
272272,,ワゴン,大型ごみ,,,,,
272272,,綿,家庭ごみ(もえる物),,,,,
272272,,割り箸,家庭ごみ(もえる物),,,,,
272272,,割り箸などの袋,家庭ごみ(もえる物),プラスチック製のものはプラスチック製容器包装でご排出ください。,,,,
272272,,割れた飲料用のビン,不燃の小物（もえない小物）,危険につき、紙等に包んで、「危険」と記載してください。,,,,
