ごみの分別方法_全国地方公共団体コード,ごみの分別方法_ID,ごみの分別方法_品目,ごみの分別方法_分別区分,ごみの分別方法_注意点,ごみの分別方法_料金種別,ごみの分別方法_料金,ごみの分別方法_料金備考,ごみの分別方法_備考
142034,ff0000000001,IHクッキングヒーター,粗大ごみ,50cm以内は不燃ごみへ。　持ち込む場合は粗大ごみ破砕処理場へ。,-,-,-,-
142034,ff0000000002,ICﾚｺｰﾀﾞ,小型家電,地区公民館及び中央公民館、市役所本館・別館、環境事業センター、リサイクルプラザ、資源回収センターに設置してある小型家電回収ボックスに投入してください。,-,-,-,-
142034,ff0000000003,ｱｲｽｸﾘｰﾑｶｯﾌﾟ（紙製）,古紙類（資源再生物）,,-,-,-,-
142034,ff0000000004,ｱｲｽｸﾘｰﾑｶｯﾌﾟ（ﾌﾟﾗｽﾁｯｸ製）,容器包装ﾌﾟﾗｽﾁｯｸ,,-,-,-,-
142034,ff0000000005,ｱｲｽﾍﾟｰﾙ（金属製）,金属（資源再生物）,,-,-,-,-
142034,ff0000000006,ｱｲｽﾍﾟｰﾙ（ﾌﾟﾗｽﾁｯｸ製）,不燃ごみ,,-,-,-,-
142034,ff0000000007,ｱｲｽｸﾘｰﾑﾒｰｶｰ,不燃ごみ,,-,-,-,-
142034,ff0000000008,ｱｲﾛﾝ（電気型）,小型家電,地区公民館及び中央公民館、市役所本館・別館、環境事業センター、リサイクルプラザ、資源回収センターに設置してある小型家電回収ボックスに投入してください。,-,-,-,-
142034,ff0000000009,ｱｲﾛﾝ台,不燃ごみ,,-,-,-,-
142034,ff0000000010,空き缶,空き缶類（資源再生物）,,-,-,-,-
142034,ff0000000011,ｱｺｰﾃﾞｵﾝｶｰﾃﾝ,粗大ごみ,持ち込む場合は粗大ごみ破砕処理場へ。,-,-,-,-
142034,ff0000000012,脚付きﾏｯﾄﾚｽ,粗大ごみ,持ち込む場合は粗大ごみ破砕処理場へ。,-,-,-,-
142034,ff0000000013,ｱﾀｯｼｭｹｰｽ（金属製）,金属（資源再生物）,,-,-,-,-
142034,ff0000000014,ｱﾀｯｼｭｹｰｽ（プラスチック製）,不燃ごみ,,-,-,-,-
142034,ff0000000015,厚紙,古紙類（資源再生物）,,-,-,-,-
142034,ff0000000016,穴あけﾊﾟﾝﾁ（金属製）,金属（資源再生物）,,-,-,-,-
142034,ff0000000017,穴あけﾊﾟﾝﾁ（ﾌﾟﾗｽﾁｯｸ製）,不燃ごみ,,-,-,-,-
142034,ff0000000018,油（食用以外）,処理困難物,販売店などの専門業者へご相談ください。,-,-,-,-
142034,ff0000000019,油（天ぷら油等）,廃食用油（資源再生物）,,-,-,-,-
142034,ff0000000020,油とり紙,可燃ごみ,,-,-,-,-
142034,ff0000000021,雨合羽,可燃ごみ,30cm以内に裁断してください。,-,-,-,-
142034,ff0000000022,雨戸,粗大ごみ,持ち込む場合は粗大ごみ破砕処理場へ。,-,-,-,-
142034,ff0000000023,編み機,粗大ごみ,50cm以内は不燃ごみへ。　持ち込む場合は粗大ごみ破砕処理場へ。,-,-,-,-
142034,ff0000000024,網戸,粗大ごみ,50cm以内は不燃ごみへ。　持ち込む場合は粗大ごみ破砕処理場へ。,-,-,-,-
142034,ff0000000025,網戸の網（金属製）,金属（資源再生物）,,-,-,-,-
142034,ff0000000026,網戸の網（ﾌﾟﾗｽﾁｯｸ製）,可燃ごみ,30cm以内に裁断してください。,-,-,-,-
142034,ff0000000027,網戸の外枠,粗大ごみ,50cm以内は不燃ごみへ。　持ち込む場合は粗大ごみ破砕処理場へ。,-,-,-,-
142034,ff0000000028,ｱﾙﾊﾞﾑ,可燃ごみ,金属は外してください。外せない場合は不燃ごみへ。,-,-,-,-
142034,ff0000000029,ｱﾙﾐ缶,空き缶類（資源再生物）,,-,-,-,-
142034,ff0000000030,ｱﾙﾐ箔,可燃ごみ,,-,-,-,-
142034,ff0000000031,泡立てﾈｯﾄ,可燃ごみ,,-,-,-,-
142034,ff0000000032,ｱﾝﾃﾅ,不燃ごみ,1m超は粗大ごみへ。　持ち込む場合は粗大ごみ破砕処理場へ。,-,-,-,-
142034,ff0000000033,ｱﾝﾌﾟ,不燃ごみ,50cm超は粗大ごみへ。　持ち込む場合は粗大ごみ破砕処理場へ。,-,-,-,-
142034,ff0000000034,ETC車載ﾕﾆｯﾄ,小型家電,地区公民館及び中央公民館、市役所本館・別館、環境事業センター、リサイクルプラザ、資源回収センターに設置してある小型家電回収ボックスに投入してください。,-,-,-,-
142034,ff0000000035,石,処理困難物,販売店などの専門業者へご相談ください。,-,-,-,-
142034,ff0000000036,衣装ｹｰｽ,不燃ごみ,50cm超は粗大ごみへ。　持ち込む場合は粗大ごみ破砕処理場へ。,-,-,-,-
142034,ff0000000037,いす,粗大ごみ,50cm以内は不燃ごみへ。　持ち込む場合は粗大ごみ破砕処理場へ。,-,-,-,-
142034,ff0000000038,板,不燃ごみ,長さ1m以内、厚さ5cm以内,-,-,-,-
142034,ff0000000039,板ｶﾞﾗｽ,不燃ごみ,長さ1m以内、厚さ5cm以内,-,-,-,-
142034,ff0000000040,板くず,可燃ごみ,長さ30cm以内,-,-,-,-
142034,ff0000000041,一輪車（運搬用）※事業系を除く,粗大ごみ,持ち込む場合は粗大ごみ破砕処理場へ。,-,-,-,-
142034,ff0000000042,一輪車（遊具）,不燃ごみ,50cm超は粗大ごみへ。　持ち込む場合は粗大ごみ破砕処理場へ。,-,-,-,-
142034,ff0000000043,一升瓶,ビン（資源再生物）,販売店などに返却できる場合は、返却してください。,-,-,-,-
142034,ff0000000044,一升瓶（割れているもの）,不燃ごみ,,-,-,-,-
142034,ff0000000045,犬小屋,粗大ごみ,持ち込む場合は粗大ごみ破砕処理場へ。,-,-,-,-
142034,ff0000000046,ｲﾒｰｼﾞｽｷｬﾅ,小型家電,地区公民館及び中央公民館、市役所本館・別館、環境事業センター、リサイクルプラザ、資源回収センターに設置してある小型家電回収ボックスに投入してください。30cm超は不燃ごみへ。,-,-,-,-
142034,ff0000000047,医薬品（家庭用）,可燃ごみ,,-,-,-,-
142034,ff0000000048,医薬品（業務用）,処理困難物,販売店などの専門業者へご相談ください。,-,-,-,-
142034,ff0000000049,ｲﾔﾎﾝ,小型家電,地区公民館及び中央公民館、市役所本館・別館、環境事業センター、リサイクルプラザ、資源回収センターに設置してある小型家電回収ボックスに投入してください。,-,-,-,-
142034,ff0000000050,医療系廃棄物,処理困難物,販売店などの専門業者へご相談ください。,-,-,-,-
142034,ff0000000051,衣類,布類（資源再生物）,雨の日には出さないでください。（濡れると資源になりません。）汚れがひどい場合は30cm以内に裁断して可燃ごみへ。,-,-,-,-
142034,ff0000000052,衣類乾燥機,家電ﾘｻｲｸﾙ,家電ﾘｻｲｸﾙ法の対象です。,-,-,-,-
142034,ff0000000053,入れ歯,不燃ごみ,,-,-,-,-
142034,ff0000000054,ｲﾝｸｶｰﾄﾘｯｼﾞ,ﾘｻｲｸﾙ,回収協力店へお持込みください。http://www.city.hiratsuka.kanagawa.jp/kankyo/page-c_02510.html,-,-,-,-
142034,ff0000000055,ｲﾝｽﾘﾝ注射器、ｲﾝｽﾘﾝ注射針,処理困難物,販売店などの専門業者へご相談ください,-,-,-,-
142034,ff0000000056,ｲﾝﾀｰﾎﾝ,小型家電,地区公民館及び中央公民館、市役所本館・別館、環境事業センター、リサイクルプラザ、資源回収センターに設置してある小型家電回収ボックスに投入してください。,-,-,-,-
142034,ff0000000057,ｲﾝﾅｰｳｪｱ,布類（資源再生物）,汚れがひどい場合は30cm以内に裁断して可燃ごみへ。,-,-,-,-
142034,ff0000000058,飲料缶,空き缶類（資源再生物）,,-,-,-,-
142034,ff0000000059,飲料水のﾋﾞﾝ,ビン（資源再生物）,,-,-,-,-
142034,ff0000000060,飲料用紙ﾊﾟｯｸ,古紙類（資源再生物）,,-,-,-,-
142034,ff0000000061,植木鉢,不燃ごみ,50cm超は粗大ごみへ。　持ち込む場合は粗大ごみ破砕処理場へ。,-,-,-,-
142034,ff0000000062,ｳｴｯﾄｽｰﾂ,可燃ごみ,30cm以内に裁断してください。,-,-,-,-
142034,ff0000000063,ｳｴｽﾄﾎﾟｰﾁ,不燃ごみ,,-,-,-,-
142034,ff0000000064,ｳｫｰﾀｰｼﾞｬｸﾞ（金属製）,金属（資源再生物）,50cm超は粗大ごみへ。　持ち込む場合は粗大ごみ破砕処理場へ。,-,-,-,-
142034,ff0000000065,ｳｫｰﾀｰｼﾞｬｸﾞ（ﾌﾟﾗｽﾁｯｸ製）,不燃ごみ,50cm超は粗大ごみへ。　持ち込む場合は粗大ごみ破砕処理場へ。,-,-,-,-
142034,ff0000000066,浮き輪,可燃ごみ,30cm以内に裁断してください。,-,-,-,-
142034,ff0000000067,臼,処理困難物,販売店などの専門業者へご相談ください。,-,-,-,-
142034,ff0000000068,うちわ,可燃ごみ,,-,-,-,-
142034,ff0000000069,ｳｯﾄﾞｶｰﾍﾟｯﾄ,粗大ごみ,持ち込む場合は粗大ごみ破砕処理場へ。,-,-,-,-
142034,ff0000000070,腕時計,小型家電,地区公民館及び中央公民館、市役所本館・別館、環境事業センター、リサイクルプラザ、資源回収センターに設置してある小型家電回収ボックスに投入してください。,-,-,-,-
142034,ff0000000071,運動靴,可燃ごみ,,-,-,-,-
142034,ff0000000072,ｴｱｺﾝ,家電ﾘｻｲｸﾙ,家電ﾘｻｲｸﾙ法の対象です。,-,-,-,-
142034,ff0000000073,ｴｱﾛﾊﾞｲｸ,粗大ごみ,持ち込む場合は粗大ごみ破砕処理場へ。,-,-,-,-
142034,ff0000000074,ACｱﾀﾞﾌﾟﾀ,小型家電,地区公民館及び中央公民館、市役所本館・別館、環境事業センター、リサイクルプラザ、資源回収センターに設置してある小型家電回収ボックスに投入してください。,-,-,-,-
142034,ff0000000075,枝,剪定枝,戸別収集しますので電話でお申込みください。,-,-,-,-
142034,ff0000000076,絵具,可燃ごみ,,-,-,-,-
142034,ff0000000077,ｴﾌﾟﾛﾝ（布製）,布類（資源再生物）,汚れがひどい場合は30cm以内に裁断して可燃ごみへ。,-,-,-,-
142034,ff0000000078,ｴﾌﾟﾛﾝ（布製以外）,可燃ごみ,30cm以内に裁断してください。,-,-,-,-
142034,ff0000000079,MD（ケースを含む）,不燃ごみ,,-,-,-,-
142034,ff0000000080,MDﾚｺｰﾀﾞ/ﾌﾟﾚｰﾔ,小型家電,地区公民館及び中央公民館、市役所本館・別館、環境事業センター、リサイクルプラザ、資源回収センターに設置してある小型家電回収ボックスに投入してください。,-,-,-,-
142034,ff0000000081,LED電球,不燃ごみ,,-,-,-,-
142034,ff0000000082,ｴﾚｸﾄｰﾝ,粗大ごみ,持ち込む場合は粗大ごみ破砕処理場へ。,-,-,-,-
142034,ff0000000083,園芸用支柱,不燃ごみ,1m以内に裁断してください。裁断できない場合は粗大ごみへ。持ち込む場合は粗大ごみ破砕処理場へ。,-,-,-,-
142034,ff0000000084,園芸用ﾈｯﾄ,可燃ごみ,30cm以内に裁断してください。,-,-,-,-
142034,ff0000000085,ｴﾝｼﾞﾝｵｲﾙ,処理困難物,販売店などの専門業者へご相談ください。,-,-,-,-
142034,ff0000000086,延長ｺｰﾄﾞ,小型家電,地区公民館及び中央公民館、市役所本館・別館、環境事業センター、リサイクルプラザ、資源回収センターに設置してある小型家電回収ボックスに投入してください。,-,-,-,-
142034,ff0000000087,ｵｲﾙﾋｰﾀｰ,粗大ごみ,持ち込む場合は粗大ごみ破砕処理場へ。,-,-,-,-
142034,ff0000000088,応接ｾｯﾄ,粗大ごみ,持ち込む場合は粗大ごみ破砕処理場へ。,-,-,-,-
142034,ff0000000089,ｵｰﾄﾊﾞｲ･ｽｸｰﾀｰ,処理困難物,販売店などの専門業者へご相談ください。,-,-,-,-
142034,ff0000000090,ｵｰﾌﾞﾝﾄｰｽﾀｰ,金属（資源再生物）,,-,-,-,-
142034,ff0000000091,ｵｰﾌﾞﾝﾚﾝｼﾞ,金属（資源再生物）,,-,-,-,-
142034,ff0000000092,置時計,小型家電,地区公民館及び中央公民館、市役所本館・別館、環境事業センター、リサイクルプラザ、資源回収センターに設置してある小型家電回収ボックスに投入してください。,-,-,-,-
142034,ff0000000093,お香,可燃ごみ,,-,-,-,-
142034,ff0000000094,落ち葉,可燃ごみ,,-,-,-,-
142034,ff0000000095,お弁当箱（金属製）,金属（資源再生物）,,-,-,-,-
142034,ff0000000096,お弁当箱（ﾌﾟﾗｽﾁｯｸ製）,不燃ごみ,,-,-,-,-
142034,ff0000000097,お盆,不燃ごみ,金属製は金属（資源再生物）,-,-,-,-
142034,ff0000000098,おまる,不燃ごみ,,-,-,-,-
142034,ff0000000099,おもちゃ,不燃ごみ,50cm超は粗大ごみへ。　持ち込む場合は粗大ごみ破砕処理場へ。,-,-,-,-
142034,ff0000000100,折りたたみいす,不燃ごみ,50cm超は粗大ごみへ。　持ち込む場合は粗大ごみ破砕処理場へ。,-,-,-,-
142034,ff0000000101,折りたたみﾍﾞｯﾄﾞ,粗大ごみ,持ち込む場合は粗大ごみ破砕処理場へ。,-,-,-,-
142034,ff0000000102,ｵﾙｶﾞﾝ,粗大ごみ,持ち込む場合は粗大ごみ破砕処理場へ。,-,-,-,-
142034,ff0000000103,ｵﾙｺﾞｰﾙ,不燃ごみ,,-,-,-,-
142034,ff0000000104,温水洗浄便座,不燃ごみ,ご自身で交換した場合に限ります。,-,-,-,-
142034,ff0000000105,温度計,不燃ごみ,水銀使用は有害ごみへ。乾電池ボックスに入れてください。　※不燃ごみと同じ収集日です。,-,-,-,-
142034,ff0000000106,温度計（電子型）,小型家電,地区公民館及び中央公民館、市役所本館・別館、環境事業センター、リサイクルプラザ、資源回収センターに設置してある小型家電回収ボックスに投入してください。,-,-,-,-
142034,ff0000000107,ｶﾞｰｾﾞ,可燃ごみ,,-,-,-,-
142034,ff0000000108,ｶｰﾃﾞｨｶﾞﾝ,布類（資源再生物）,汚れがひどい場合は30cm以内に裁断して可燃ごみへ。,-,-,-,-
142034,ff0000000109,ｶｰﾃﾝ,布類（資源再生物）,雨の日には出さないでください。（濡れると資源になりません。）汚れがひどい場合は30cm以内に裁断して可燃ごみへ。,-,-,-,-
142034,ff0000000110,ｶｰﾃﾝﾚｰﾙ,粗大ごみ,持ち込む場合は粗大ごみ破砕処理場へ。,-,-,-,-
142034,ff0000000111,ｶ-ﾅﾋﾞｹﾞ-ｼｮﾝ,小型家電,地区公民館及び中央公民館、市役所本館・別館、環境事業センター、リサイクルプラザ、資源回収センターに設置してある小型家電回収ボックスに投入してください。,-,-,-,-
142034,ff0000000112,ｶｰﾍﾟｯﾄ,粗大ごみ,持ち込む場合は環境事業センターへ。,-,-,-,-
142034,ff0000000113,ｶｰﾎﾞﾝ紙,可燃ごみ,,-,-,-,-
142034,ff0000000114,貝殻,可燃ごみ,,-,-,-,-
142034,ff0000000115,懐中電灯,小型家電,地区公民館及び中央公民館、市役所本館・別館、環境事業センター、リサイクルプラザ、資源回収センターに設置してある小型家電回収ボックスに投入してください。,-,-,-,-
142034,ff0000000116,ｶｲﾛ（使い捨て）,可燃ごみ,,-,-,-,-
142034,ff0000000117,鏡,不燃ごみ,1m超は粗大ごみへ。　持ち込む場合は粗大ごみ破砕処理場へ。,-,-,-,-
142034,ff0000000118,かき氷機,不燃ごみ,50cm超は粗大ごみへ。　持ち込む場合は粗大ごみ破砕処理場へ。,-,-,-,-
142034,ff0000000119,額,不燃ごみ,1m超は粗大ごみへ。　持ち込む場合は粗大ごみ破砕処理場へ。,-,-,-,-
142034,ff0000000120,学習机,粗大ごみ,持ち込む場合は粗大ごみ破砕処理場へ。,-,-,-,-
142034,ff0000000121,傘,不燃ごみ,,-,-,-,-
142034,ff0000000122,傘たて,不燃ごみ,金属製は金属（資源再生物）、1m超は粗大ごみへ。　持ち込む場合は粗大ごみ破砕処理場へ。,-,-,-,-
142034,ff0000000123,加湿器,不燃ごみ,,-,-,-,-
142034,ff0000000124,菓子の箱（紙製）,古紙類（資源再生物）,,-,-,-,-
142034,ff0000000125,菓子の箱（金属製）,金属（資源再生物）,,-,-,-,-
142034,ff0000000126,菓子袋（紙製）,古紙類（資源再生物）,,-,-,-,-
142034,ff0000000127,菓子袋（ﾌﾟﾗｽﾁｯｸ製）,容器包装ﾌﾟﾗｽﾁｯｸ,,-,-,-,-
142034,ff0000000128,ｶﾞｽｽﾄｰﾌﾞ,金属（資源再生物）,,-,-,-,-
142034,ff0000000129,ｶﾞｽﾋｰﾀｰ,金属（資源再生物）,,-,-,-,-
142034,ff0000000130,ｶﾞｽﾎﾞﾝﾍﾞ,処理困難物,販売店などの専門業者へご相談ください。,-,-,-,-
142034,ff0000000131,ｶﾞｽﾚﾝｼﾞ,金属（資源再生物）,,-,-,-,-
142034,ff0000000132,ｶｾｯﾄｺﾝﾛ,金属（資源再生物）,,-,-,-,-
142034,ff0000000133,ｶｾｯﾄﾃｰﾌﾟ,可燃ごみ,,-,-,-,-
142034,ff0000000134,ｶｾｯﾄﾃｰﾌﾟｹｰｽ,不燃ごみ,,-,-,-,-
142034,ff0000000135,ｶｾｯﾄﾃﾞｯｷ,不燃ごみ,,-,-,-,-
142034,ff0000000136,ｶｾｯﾄﾎﾞﾝﾍﾞ,空き缶類（資源再生物）,使い切ってください。お困りの際は収集業務課へお持込みください。,-,-,-,-
142034,ff0000000137,ｶﾞｿﾘﾝ,処理困難物,販売店などの専門業者へご相談ください。,-,-,-,-
142034,ff0000000138,ｶｯﾀｰ(金属製),金属（資源再生物）,,-,-,-,-
142034,ff0000000139,ｶｯﾀｰ(金属製以外),不燃ごみ,,-,-,-,-
142034,ff0000000140,ｶｯﾀｰ刃,金属（資源再生物）,缶に入れてください。,-,-,-,-
142034,ff0000000141,ｶｯﾌﾟﾗｰﾒﾝ容器,容器包装ﾌﾟﾗｽﾁｯｸ,紙製は古紙類（資源再生物）,-,-,-,-
142034,ff0000000142,蚊取り線香,可燃ごみ,,-,-,-,-
142034,ff0000000143,蚊取り線香（金属製）,金属（資源再生物）,,-,-,-,-
142034,ff0000000144,蚊取り線香（金属製以外）,不燃ごみ,,-,-,-,-
142034,ff0000000145,かなづち（金属）,金属（資源再生物）,,-,-,-,-
142034,ff0000000146,かなづち（金属製以外）,不燃ごみ,,-,-,-,-
142034,ff0000000147,加熱式たばこ,処理困難物,販売店などの専門業者へご相談ください。,-,-,-,-
142034,ff0000000148,かばん,可燃ごみ,金属を外し、30㎝以内に裁断して可燃ごみへ。,-,-,-,-
142034,ff0000000149,画鋲,金属（資源再生物）,金属以外は不燃ごみへ。　缶に入れてください。,-,-,-,-
142034,ff0000000150,花瓶,不燃ごみ,,-,-,-,-
142034,ff0000000151,釜,金属（資源再生物）,,-,-,-,-
142034,ff0000000152,紙おむつ,可燃ごみ,,-,-,-,-
142034,ff0000000153,かみそり,不燃ごみ,,-,-,-,-
142034,ff0000000154,かみそりの刃,金属（資源再生物）,缶に入れてください。,-,-,-,-
142034,ff0000000155,神棚,不燃ごみ,50cm超は粗大ごみへ。　持ち込む場合は粗大ごみ破砕処理場へ。,-,-,-,-
142034,ff0000000156,紙ねんど,可燃ごみ,,-,-,-,-
142034,ff0000000157,紙箱,古紙類（資源再生物）,,-,-,-,-
142034,ff0000000158,紙ﾊﾟｯｸ,古紙類（資源再生物）,,-,-,-,-
142034,ff0000000159,紙袋,古紙類（資源再生物）,,-,-,-,-
142034,ff0000000160,ｶﾞﾑﾃｰﾌﾟ,可燃ごみ,,-,-,-,-
142034,ff0000000161,ｶﾒﾗ,小型家電,地区公民館及び中央公民館、市役所本館・別館、環境事業センター、リサイクルプラザ、資源回収センターに設置してある小型家電回収ボックスに投入してください。,-,-,-,-
142034,ff0000000162,ｶﾒﾗ（使い捨て）,不燃ごみ,,-,-,-,-
142034,ff0000000163,火薬類,処理困難物,販売店などの専門業者へご相談ください。,-,-,-,-
142034,ff0000000164,画用紙,古紙類（資源再生物）,,-,-,-,-
142034,ff0000000165,ｶﾗｰｺｰﾝ(事業用を除く),不燃ごみ,「不燃ごみ」と表示した貼り紙などを貼ってください。,-,-,-,-
142034,ff0000000166,ｶﾗｰﾎﾞｯｸｽ,不燃ごみ,50cm超は粗大ごみへ。　持ち込む場合は粗大ごみ破砕処理場へ。,-,-,-,-
142034,ff0000000167,ｶﾞﾗｽ（板）,不燃ごみ,1m超は粗大ごみへ。　持ち込む場合は粗大ごみ破砕処理場へ。,-,-,-,-
142034,ff0000000168,ｶﾞﾗｽ製品,不燃ごみ,,-,-,-,-
142034,ff0000000169,枯葉,可燃ごみ,1回で出せる量は、45L袋で3袋までです。,-,-,-,-
142034,ff0000000170,ｶﾚﾝﾀﾞｰ,古紙類（資源再生物）,,-,-,-,-
142034,ff0000000171,革靴,可燃ごみ,,-,-,-,-
142034,ff0000000172,革ｼﾞｬｹｯﾄ,可燃ごみ,30cm以内に裁断してください。,-,-,-,-
142034,ff0000000173,革ｼﾞｬﾝ,可燃ごみ,30cm以内に裁断してください。,-,-,-,-
142034,ff0000000174,皮製ｺｰﾄ,可燃ごみ,30cm以内に裁断してください。,-,-,-,-
142034,ff0000000175,革製品（小物）,可燃ごみ,,-,-,-,-
142034,ff0000000176,瓦,処理困難物,販売店などの専門業者へご相談ください。,-,-,-,-
142034,ff0000000177,換気扇,不燃ごみ,,-,-,-,-
142034,ff0000000178,換気扇ｶﾊﾞｰ（紙・ﾌﾟﾗｽﾁｯｸ）,可燃ごみ,,-,-,-,-
142034,ff0000000179,緩衝材,容器包装ﾌﾟﾗｽﾁｯｸ,プラマークがない場合は不燃ごみへ。,-,-,-,-
142034,ff0000000180,乾燥剤,可燃ごみ,,-,-,-,-
142034,ff0000000181,缶詰の缶,空き缶類（資源再生物）,,-,-,-,-
142034,ff0000000182,乾電池（ｱﾙｶﾘ乾電池･ｱﾙｶﾘﾏﾝｶﾞﾝ乾電池）,有害ごみ,乾電池ボックスに入れてください。　※不燃ごみと同じ収集日です。,-,-,-,-
142034,ff0000000183,鉋（かんな）,不燃ごみ,,-,-,-,-
142034,ff0000000184,感熱紙,可燃ごみ,,-,-,-,-
142034,ff0000000185,缶バッジ,金属（資源再生物）,缶に入れてください。,-,-,-,-
142034,ff0000000186,ｷﾞﾀｰ,不燃ごみ,,-,-,-,-
142034,ff0000000187,ｷｯｸﾊﾞｲｸ（幼児用2輪遊具）,金属（資源再生物）,「資源」と書いた紙をキックバイクに貼ってください。,-,-,-,-
142034,ff0000000188,ｷｯｸﾎﾞｰﾄﾞ,不燃ごみ,,-,-,-,-
142034,ff0000000189,ｷｯﾁﾝﾍﾟｰﾊﾟｰ,可燃ごみ,,-,-,-,-
142034,ff0000000190,ｷｯﾁﾝﾏｯﾄ,可燃ごみ,30㎝以内に切断してください。,-,-,-,-
142034,ff0000000191,木箱,不燃ごみ,50cm超は粗大ごみへ。　持ち込む場合は粗大ごみ破砕処理場へ。,-,-,-,-
142034,ff0000000192,着物,布類（資源再生物）,汚れがひどい場合は30cｍ以内に裁断して可燃ごみへ。,-,-,-,-
142034,ff0000000193,脚立,粗大ごみ,持ち込む場合は粗大ごみ破砕処理場へ。,-,-,-,-
142034,ff0000000194,ｷｬｯﾌﾟ（金属製）,金属（資源再生物）,,-,-,-,-
142034,ff0000000195,ｷｬｯﾌﾟ（ﾌﾟﾗｽﾁｯｸ製）,容器包装ﾌﾟﾗｽﾁｯｸ,,-,-,-,-
142034,ff0000000196,ｷｬﾘｱ（車）,不燃ごみ,1m超は粗大ごみへ。　持ち込む場合は粗大ごみ破砕処理場へ。,-,-,-,-
142034,ff0000000197,ｷｬﾘｰｶｰﾄ,不燃ごみ,1m超は粗大ごみへ。　持ち込む場合は粗大ごみ破砕処理場へ。,-,-,-,-
142034,ff0000000198,ｷｬﾝﾊﾞｽ,不燃ごみ,１ｍ超は粗大ごみへ。　持ち込む場合は粗大ごみ破砕処理場へ。,-,-,-,-
142034,ff0000000199,ｷｬﾝﾌﾟﾃﾝﾄ（幕部分）,可燃ごみ,30㎝以内に裁断してください。,-,-,-,-
142034,ff0000000200,ｷｬﾝﾌﾟﾃﾝﾄ（骨組み部分）,不燃ごみ,,-,-,-,-
142034,ff0000000201,きゅうす（金属）,金属（資源再生物）,,-,-,-,-
142034,ff0000000202,きゅうす（金属以外）,不燃ごみ,,-,-,-,-
142034,ff0000000203,牛乳ﾊﾟｯｸ,古紙類（資源再生物）,,-,-,-,-
142034,ff0000000204,救命胴衣,不燃ごみ,,-,-,-,-
142034,ff0000000205,教科書,古紙類（資源再生物）,,-,-,-,-
142034,ff0000000206,鏡台,粗大ごみ,持ち込む場合は粗大ごみ破砕処理場へ。,-,-,-,-
142034,ff0000000207,銀紙,可燃ごみ,,-,-,-,-
142034,ff0000000208,金庫（大型）,処理困難物,販売店などの専門業者へご相談ください。,-,-,-,-
142034,ff0000000209,杭,金属（資源再生物）,缶に入れてください。,-,-,-,-
142034,ff0000000210,空気入れ,不燃ごみ,,-,-,-,-
142034,ff0000000211,空気清浄器,不燃ごみ,50cm超は粗大ごみへ。　持ち込む場合は粗大ごみ破砕処理場へ。,-,-,-,-
142034,ff0000000212,ｸｰﾗｰﾎﾞｯｸｽ,不燃ごみ,持ち込む場合は粗大ごみ破砕処理場へ。,-,-,-,-
142034,ff0000000213,釘,金属（資源再生物）,缶に入れてください。,-,-,-,-
142034,ff0000000214,釘抜き（金属製）,金属（資源再生物）,,-,-,-,-
142034,ff0000000215,釘抜き（金属製以外）,不燃ごみ,,-,-,-,-
142034,ff0000000216,草,可燃ごみ,1回で出せる量は、45L袋で3袋までです。,-,-,-,-
142034,ff0000000217,薬（錠剤・ｶﾌﾟｾﾙ・粉末）,可燃ごみ,,-,-,-,-
142034,ff0000000218,薬包装ｼｰﾄ,可燃ごみ,,-,-,-,-
142034,ff0000000219,薬容器（ﾋﾞﾝ）,ビン（資源再生物）,,-,-,-,-
142034,ff0000000220,薬容器（ﾌﾟﾗｽﾁｯｸ）,容器包装ﾌﾟﾗｽﾁｯｸ,,-,-,-,-
142034,ff0000000221,靴,可燃ごみ,,-,-,-,-
142034,ff0000000222,靴下,可燃ごみ,,-,-,-,-
142034,ff0000000223,ｸｯｼｮﾝ,可燃ごみ,,-,-,-,-
142034,ff0000000224,ｸﾞﾗｽ,不燃ごみ,,-,-,-,-
142034,ff0000000225,ｸﾞﾗｽｳｰﾙ,処理困難物,販売店などの専門業者へご相談ください。,-,-,-,-
142034,ff0000000226,ｸﾘｱﾌｧｲﾙ,可燃ごみ,30cm以内に裁断してください。,-,-,-,-
142034,ff0000000227,ｸﾘｽﾏｽﾂﾘｰ,粗大ごみ,50cm以内は不燃ごみへ。　持ち込む場合は粗大ごみ破砕処理場へ。,-,-,-,-
142034,ff0000000228,ｸﾘｯﾌﾟ,金属（資源再生物）,缶に入れてください。,-,-,-,-
142034,ff0000000229,車いす,不燃ごみ,,-,-,-,-
142034,ff0000000230,車ｼｰﾄｶﾊﾞｰ,可燃ごみ,30cm以内に裁断してください。,-,-,-,-
142034,ff0000000231,車本体部品,処理困難物,販売店などの専門業者へご相談ください。,-,-,-,-
142034,ff0000000232,ｸﾞﾛｰﾌﾞ,可燃ごみ,,-,-,-,-
142034,ff0000000233,ｸﾞﾛｰﾗﾝﾌﾟ,不燃ごみ,,-,-,-,-
142034,ff0000000234,軍手,可燃ごみ,,-,-,-,-
142034,ff0000000235,蛍光管（割れていないもの）,不燃ごみ,割れないように袋や箱に入れてください。,-,-,-,-
142034,ff0000000236,蛍光管（割れているもの）,不燃ごみ,袋に入れて他の不燃ごみと一緒に出してください。,-,-,-,-
142034,ff0000000237,蛍光ﾍﾟﾝ,不燃ごみ,,-,-,-,-
142034,ff0000000238,珪藻土ﾏｯﾄ（※石綿（アスベスト）を含まないもの）,不燃ごみ,,-,-,-,-
142034,ff0000000239,珪藻土ﾏｯﾄ（※石綿（アスベスト）を含んでいるもの）,処理困難物,販売店、メーカーにお問い合わせください。,-,-,-,-
142034,ff0000000240,携帯型ｹﾞｰﾑ機,小型家電,地区公民館及び中央公民館、市役所本館・別館、環境事業センター、リサイクルプラザ、資源回収センターに設置してある小型家電回収ボックスに投入してください。,-,-,-,-
142034,ff0000000241,携帯電話端末（講習用PHS端末、ｽﾏｰﾄﾌｫﾝを含む）,小型家電,地区公民館及び中央公民館、市役所本館・別館、環境事業センター、リサイクルプラザ、資源回収センターに設置してある小型家電回収ボックスに投入してください。,-,-,-,-
142034,ff0000000242,携帯用音楽ﾌﾟﾚｲﾔｰ,小型家電,地区公民館及び中央公民館、市役所本館・別館、環境事業センター、リサイクルプラザ、資源回収センターに設置してある小型家電回収ボックスに投入してください。,-,-,-,-
142034,ff0000000243,毛糸玉,可燃ごみ,,-,-,-,-
142034,ff0000000244,軽油,処理困難物,販売店などの専門業者へご相談ください。,-,-,-,-
142034,ff0000000245,ｹｰﾌﾞﾙ,小型家電,地区公民館及び中央公民館、市役所本館・別館、環境事業センター、リサイクルプラザ、資源回収センターに設置してある小型家電回収ボックスに投入してください。,-,-,-,-
142034,ff0000000246,ｹﾞｰﾑｿﾌﾄ,小型家電,地区公民館及び中央公民館、市役所本館・別館、環境事業センター、リサイクルプラザ、資源回収センターに設置してある小型家電回収ボックスに投入してください。,-,-,-,-
142034,ff0000000247,ｹﾞｰﾑ用ｺﾝﾄﾛｰﾗ,小型家電,地区公民館及び中央公民館、市役所本館・別館、環境事業センター、リサイクルプラザ、資源回収センターに設置してある小型家電回収ボックスに投入してください。,-,-,-,-
142034,ff0000000248,消しｺﾞﾑ,可燃ごみ,,-,-,-,-
142034,ff0000000249,化粧品容器（透明なもの）,ビン（資源再生物）,,-,-,-,-
142034,ff0000000250,化粧品容器（不透明なもの）,不燃ごみ,,-,-,-,-
142034,ff0000000251,化粧品容器（ﾌﾟﾗｽﾁｯｸ）,容器包装ﾌﾟﾗｽﾁｯｸ,,-,-,-,-
142034,ff0000000252,化粧用品（ｺｯﾄﾝ）,可燃ごみ,,-,-,-,-
142034,ff0000000253,化粧用品（ｺﾝﾊﾟｸﾄ）,不燃ごみ,,-,-,-,-
142034,ff0000000254,下駄箱,粗大ごみ,持ち込む場合は粗大ごみ破砕処理場へ。,-,-,-,-
142034,ff0000000255,結束バンド,可燃ごみ,30cm以内に裁断してください。,-,-,-,-
142034,ff0000000256,ｹﾐｶﾙﾗｲﾄ,可燃ごみ,,-,-,-,-
142034,ff0000000257,玄関ﾏｯﾄ外用（金属製）,金属（資源再生物）,,-,-,-,-
142034,ff0000000258,玄関ﾏｯﾄ外用（ｺﾞﾑ製）,可燃ごみ,30cm以内に裁断してください。,-,-,-,-
142034,ff0000000259,玄関ﾏｯﾄ外用（ﾌﾟﾗｽﾁｯｸ製）,不燃ごみ,,-,-,-,-
142034,ff0000000260,健康器具,粗大ごみ,50cm以内は不燃ごみへ。　持ち込む場合は粗大ごみ破砕処理場へ。,-,-,-,-
142034,ff0000000261,ｺｲﾝ型電池（形式記号CRまたはBR）,有害ごみ,乾電池ボックスに入れてください。　※不燃ごみと同じ収集日です。,-,-,-,-
142034,ff0000000262,高圧洗浄機,粗大ごみ,50cm以内は不燃ごみへ。　持ち込む場合は粗大ごみ破砕処理場へ。,-,-,-,-
142034,ff0000000263,工具箱（金属製）,金属（資源再生物）,,-,-,-,-
142034,ff0000000264,工具箱（ﾌﾟﾗｽﾁｯｸ製）,不燃ごみ,,-,-,-,-
142034,ff0000000265,広告紙,古紙類（資源再生物）,,-,-,-,-
142034,ff0000000266,硬質ﾌﾟﾗｽﾁｯｸ製品,不燃ごみ,50cm超は粗大ごみへ。　持ち込む場合は粗大ごみ破砕処理場へ。,-,-,-,-
142034,ff0000000267,ｺﾞｰｸﾞﾙ,不燃ごみ,,-,-,-,-
142034,ff0000000268,ｺｰﾄ,布類（資源再生物）,汚れがひどい場合は30cｍ以内に裁断して可燃ごみへ。,-,-,-,-
142034,ff0000000269,ｺｰﾄﾞﾘｰﾙ,不燃ごみ,,-,-,-,-
142034,ff0000000270,ｺｰﾋｰﾒｰｶｰ,不燃ごみ,,-,-,-,-
142034,ff0000000271,ござ,粗大ごみ,持ち込む場合は環境事業センターへ。,-,-,-,-
142034,ff0000000272,こたつ（1m×1m以内）,不燃ごみ,,-,-,-,-
142034,ff0000000273,こたつ（1m×1m超）,粗大ごみ,持ち込む場合は粗大ごみ破砕処理場へ。,-,-,-,-
142034,ff0000000274,ｺｯﾌﾟ,不燃ごみ,,-,-,-,-
142034,ff0000000275,ｺﾋﾟｰ機（家庭用）,不燃ごみ,,-,-,-,-
142034,ff0000000276,ｺﾋﾟｰ用紙,古紙類（資源再生物）,,-,-,-,-
142034,ff0000000277,ごみﾈｯﾄ,可燃ごみ,30㎝以内に裁断してください。,-,-,-,-
142034,ff0000000278,ごみ箱（金属製）,金属（資源再生物）,,-,-,-,-
142034,ff0000000279,ごみ箱（金属製以外）,不燃ごみ,,-,-,-,-
142034,ff0000000280,ｺﾞﾑ手袋,可燃ごみ,,-,-,-,-
142034,ff0000000281,米びつ,粗大ごみ,50cm以内は不燃ごみへ。　持ち込む場合は粗大ごみ破砕処理場へ。,-,-,-,-
142034,ff0000000282,ｺﾙｸﾎﾞｰﾄﾞ,不燃ごみ,1m超は粗大ごみへ。　持ち込む場合は粗大ごみ破砕処理場へ。,-,-,-,-
142034,ff0000000283,ｺﾞﾙﾌｸﾗﾌﾞ,不燃ごみ,,-,-,-,-
142034,ff0000000284,ｺﾞﾙﾌﾊﾞｯｸﾞ,不燃ごみ,,-,-,-,-
142034,ff0000000285,ｺﾞﾙﾌﾎﾞｰﾙ,可燃ごみ,,-,-,-,-
142034,ff0000000286,ｺﾝｸﾘｰﾄﾌﾞﾛｯｸ,処理困難物,販売店などの専門業者へご相談ください。,-,-,-,-
142034,ff0000000287,ｻｰｷｭﾚｰﾀ,小型家電,地区公民館及び中央公民館、市役所本館・別館、環境事業センター、リサイクルプラザ、資源回収センターに設置してある小型家電回収ボックスに投入してください。30cm超は不燃ごみへ。,-,-,-,-
142034,ff0000000288,ｻｰﾌﾎﾞｰﾄﾞ,処理困難物,販売店などの専門業者へご相談ください。,-,-,-,-
142034,ff0000000289,座いす,不燃ごみ,50cm超は粗大ごみへ。　持ち込む場合は粗大ごみ破砕処理場へ。,-,-,-,-
142034,ff0000000290,在宅医療廃棄物,可燃ごみ,ﾊﾞｯｸﾞ類、ﾁｭｰﾌﾞ類、ｶﾃｰﾃﾙ類のみ。注射針等の鋭利なものは病院等へ返却してください。,-,-,-,-
142034,ff0000000291,ｻｲﾄﾞﾎﾞｰﾄﾞ,粗大ごみ,持ち込む場合は粗大ごみ破砕処理場へ。,-,-,-,-
142034,ff0000000292,ｻｲﾝﾍﾟﾝ,不燃ごみ,,-,-,-,-
142034,ff0000000293,作業服,布類（資源再生物）,汚れがひどい場合は30cm以内に裁断して可燃ごみへ。,-,-,-,-
142034,ff0000000294,酒ﾊﾟｯｸ（紙）,古紙類（資源再生物）,,-,-,-,-
142034,ff0000000295,酒類のﾋﾞﾝ,ビン（資源再生物）,,-,-,-,-
142034,ff0000000296,酒類のﾍﾟｯﾄﾎﾞﾄﾙ,ﾍﾟｯﾄﾎﾞﾄﾙ,,-,-,-,-
142034,ff0000000297,笹,可燃ごみ,長さ30cm以内、太さ5cm以内,-,-,-,-
142034,ff0000000298,座卓（1m×1m以内）,不燃ごみ,折り畳んでください。,-,-,-,-
142034,ff0000000299,座卓（1m×1m超）,粗大ごみ,持ち込む場合は粗大ごみ破砕処理場へ。,-,-,-,-
142034,ff0000000300,雑紙,古紙類（資源再生物）,,-,-,-,-
142034,ff0000000301,ｻｯｼ（業者が入らないもの）,粗大ごみ,持ち込む場合は粗大ごみ破砕処理場へ。,-,-,-,-
142034,ff0000000302,雑誌,古紙類（資源再生物）,,-,-,-,-
142034,ff0000000303,殺虫剤（粉状・液状）,可燃ごみ,,-,-,-,-
142034,ff0000000304,殺虫剤の缶,空き缶類（資源再生物）,使い切ってください。お困りの際は収集業務課へお持込みください。,-,-,-,-
142034,ff0000000305,座布団,可燃ごみ,長座布団は粗大ごみへ。持ち込む場合は環境事業センターへ。,-,-,-,-
142034,ff0000000306,皿（金属製）,金属（資源再生物）,,-,-,-,-
142034,ff0000000307,皿（ﾌﾟﾗｽﾁｯｸ、陶磁器）,不燃ごみ,,-,-,-,-
142034,ff0000000308,三角ｺｰﾅｰ（金属製）,金属（資源再生物）,,-,-,-,-
142034,ff0000000309,三角ｺｰﾅｰ（ﾌﾟﾗｽﾁｯｸ製）,不燃ごみ,,-,-,-,-
142034,ff0000000310,ｻﾝｸﾞﾗｽ,不燃ごみ,,-,-,-,-
142034,ff0000000311,ｻﾝﾀﾞﾙ,可燃ごみ,,-,-,-,-
142034,ff0000000312,残土,処理困難物,販売店などの専門業者へご相談ください。,-,-,-,-
142034,ff0000000313,三輪車,不燃ごみ,,-,-,-,-
142034,ff0000000314,ｼｰﾂ,布類（資源再生物）,汚れがひどい場合は30cm以内に裁断して可燃ごみへ。,-,-,-,-
142034,ff0000000315,CD(ｹｰｽを含む ),不燃ごみ,,-,-,-,-
142034,ff0000000316,CDﾌﾟﾚｰﾔ,小型家電,地区公民館及び中央公民館、市役所本館・別館、環境事業センター、リサイクルプラザ、資源回収センターに設置してある小型家電回収ボックスに投入してください。30cm超は不燃ごみへ。,-,-,-,-
142034,ff0000000317,敷ﾊﾟｯﾄﾞ（中綿などが含まれているもの）,可燃ごみ,30㎝以内に裁断してください。,-,-,-,-
142034,ff0000000318,磁石,不燃ごみ,,-,-,-,-
142034,ff0000000319,湿布剤,可燃ごみ,,-,-,-,-
142034,ff0000000320,辞典,古紙類（資源再生物）,,-,-,-,-
142034,ff0000000321,自転車,金属（資源再生物）,「資源」と書いた紙を自転車に貼ってください。,-,-,-,-
142034,ff0000000322,自転車（電動）,金属（資源再生物）,「資源」と書いた紙を自転車に貼ってください。,-,-,-,-
142034,ff0000000323,自動製ﾊﾟﾝ機,不燃ごみ,,-,-,-,-
142034,ff0000000324,芝刈機,粗大ごみ,持ち込む場合は粗大ごみ破砕処理場へ。,-,-,-,-
142034,ff0000000325,ｼｬｰﾌﾟﾍﾟﾝ,不燃ごみ,,-,-,-,-
142034,ff0000000326,写真,可燃ごみ,,-,-,-,-
142034,ff0000000327,写真立て（金属製）,金属（資源再生物）,,-,-,-,-
142034,ff0000000328,写真立て（ﾌﾟﾗｽﾁｯｸ製）,不燃ごみ,,-,-,-,-
142034,ff0000000329,ｼｬﾍﾞﾙ（金属製）,金属（資源再生物）,,-,-,-,-
142034,ff0000000330,ｼｬﾍﾞﾙ（金属製以外）,不燃ごみ,50cm超は粗大ごみへ。　持ち込む場合は粗大ごみ破砕処理場へ。,-,-,-,-
142034,ff0000000331,しゃもじ,不燃ごみ,,-,-,-,-
142034,ff0000000332,ｼｬﾜｰﾍｯﾄﾞ,不燃ごみ,,-,-,-,-
142034,ff0000000333,ｼﾞｬﾝｸﾞﾙｼﾞﾑ（ﾌﾟﾗｽﾁｯｸ製）,粗大ごみ,持ち込む場合は粗大ごみ破砕処理場へ。,-,-,-,-
142034,ff0000000334,ｼﾞｬﾝﾊﾟｰ,布類（資源再生物）,汚れがひどい場合は30cm以内に裁断して可燃ごみへ。,-,-,-,-
142034,ff0000000335,ｼｬﾝﾌﾟｰ容器,容器包装ﾌﾟﾗｽﾁｯｸ,,-,-,-,-
142034,ff0000000336,ｼﾞｭｰｻｰ,小型家電,地区公民館及び中央公民館、市役所本館・別館、環境事業センター、リサイクルプラザ、資源回収センターに設置してある小型家電回収ボックスに投入してください。30cm超は不燃ごみへ。,-,-,-,-
142034,ff0000000337,ｼﾞｭｰｽの紙ﾊﾟｯｸ,古紙類（資源再生物）,,-,-,-,-
142034,ff0000000338,ｼﾞｭｰｽの缶,空き缶類（資源再生物）,,-,-,-,-
142034,ff0000000339,じゅうたん,粗大ごみ,持ち込む場合は環境事業センターへ。,-,-,-,-
142034,ff0000000340,充電器（健康機器、美容機器、ｶﾒﾗ等の充電器）,小型家電,地区公民館及び中央公民館、市役所本館・別館、環境事業センター、リサイクルプラザ、資源回収センターに設置してある小型家電回収ボックスに投入してください。30cm超は不燃ごみへ。,-,-,-,-
142034,ff0000000341,充電式電池（ニカド電池・ニッケル水素電池・リチウムイオン電池など）,ﾘｻｲｸﾙ,"回収協力店へお持込みください。
平塚市役所本館1F・5F、別館2Fでもお出しいただけます。
https://www.jbrc.com/general/recycle_kensaku/",-,-,-,-
142034,ff0000000342,ｼｭﾉｰｹﾙ,不燃ごみ,,-,-,-,-
142034,ff0000000343,収納ｹｰｽ,不燃ごみ,50cm超は粗大ごみへ。　持ち込む場合は粗大ごみ破砕処理場へ。,-,-,-,-
142034,ff0000000344,ｼﾞｭﾗﾙﾐﾝｹｰｽ,金属（資源再生物）,,-,-,-,-
142034,ff0000000345,ｼｭﾚｯﾀﾞ,不燃ごみ,50cm超は粗大ごみへ。　持ち込む場合は粗大ごみ破砕処理場へ。,-,-,-,-
142034,ff0000000346,ｼｭﾚｯﾀｰくず,可燃ごみ,,-,-,-,-
142034,ff0000000347,ｼﾞｮｲﾝﾄﾏｯﾄ,可燃ごみ,30㎝以内に裁断してください。,-,-,-,-
142034,ff0000000348,消火器,処理困難物,販売店などの専門業者へご相談ください。,-,-,-,-
142034,ff0000000349,定規,不燃ごみ,金属製は金属（資源再生物）へ。,-,-,-,-
142034,ff0000000350,障子,粗大ごみ,1m以内は不燃ごみへ。　持ち込む場合は粗大ごみ破砕処理場へ。,-,-,-,-
142034,ff0000000351,浄水器,不燃ごみ,,-,-,-,-
142034,ff0000000352,使用済ﾊﾞｯﾃﾘｰ（鉛蓄電池）※自動車用・二輪車用,処理困難物,販売店などの専門業者へご相談ください。,-,-,-,-
142034,ff0000000353,照明器具,不燃ごみ,,-,-,-,-
142034,ff0000000354,じょうろ（金属製）,金属（資源再生物）,,-,-,-,-
142034,ff0000000355,じょうろ（金属製以外）,不燃ごみ,,-,-,-,-
142034,ff0000000356,食品ﾄﾚｰ,容器包装ﾌﾟﾗｽﾁｯｸ,,-,-,-,-
142034,ff0000000357,食品保存容器,不燃ごみ,,-,-,-,-
142034,ff0000000358,除湿機,不燃ごみ,50cm超は粗大ごみへ。　持ち込む場合は粗大ごみ破砕処理場へ。,-,-,-,-
142034,ff0000000359,除湿剤,可燃ごみ,,-,-,-,-
142034,ff0000000360,除湿剤（ｹｰｽ）,容器包装ﾌﾟﾗｽﾁｯｸ,,-,-,-,-
142034,ff0000000361,食器洗い乾燥機（卓上型）,不燃ごみ,50cm超は粗大ごみへ。　持ち込む場合は粗大ごみ破砕処理場へ。,-,-,-,-
142034,ff0000000362,食器棚,粗大ごみ,持ち込む場合は粗大ごみ破砕処理場へ。,-,-,-,-
142034,ff0000000363,人工芝,可燃ごみ,30cm以内に裁断してください。,-,-,-,-
142034,ff0000000364,新聞紙,古紙類（資源再生物）,,-,-,-,-
142034,ff0000000365,吸い殻,可燃ごみ,,-,-,-,-
142034,ff0000000366,水銀血圧計,有害ごみ,乾電池ボックスに入れてください。　※不燃ごみと同じ収集日です。,-,-,-,-
142034,ff0000000367,水槽,不燃ごみ,50cm超は粗大ごみへ。　持ち込む場合は粗大ごみ破砕処理場へ。,-,-,-,-
142034,ff0000000368,水中ﾒｶﾞﾈ,不燃ごみ,,-,-,-,-
142034,ff0000000369,水筒（金属製）,金属（資源再生物）,,-,-,-,-
142034,ff0000000370,水筒（金属製以外）,不燃ごみ,,-,-,-,-
142034,ff0000000371,炊飯器,不燃ごみ,,-,-,-,-
142034,ff0000000372,ｽｰﾂｹｰｽ,不燃ごみ,,-,-,-,-
142034,ff0000000373,ｽｷｰ板,粗大ごみ,持ち込む場合は粗大ごみ破砕処理場へ。,-,-,-,-
142034,ff0000000374,ｽｷｰ靴,不燃ごみ,,-,-,-,-
142034,ff0000000375,ｽｷｰｽﾄｯｸ,不燃ごみ,,-,-,-,-
142034,ff0000000376,ｽｹｰﾄ靴,不燃ごみ,,-,-,-,-
142034,ff0000000377,ｽｹｰﾄﾎﾞｰﾄﾞ,不燃ごみ,,-,-,-,-
142034,ff0000000378,ｽｺｯﾌﾟ（金属製）,金属（資源再生物）,,-,-,-,-
142034,ff0000000379,ｽｺｯﾌﾟ（金属製以外）,不燃ごみ,50cm超は粗大ごみへ。　持ち込む場合は粗大ごみ破砕処理場へ。,-,-,-,-
142034,ff0000000380,寿司桶,不燃ごみ,,-,-,-,-
142034,ff0000000381,鈴,金属（資源再生物）,缶に入れてください。,-,-,-,-
142034,ff0000000382,すだれ,不燃ごみ,2m超は粗大ごみへ。　持ち込む場合は粗大ごみ破砕処理場へ。,-,-,-,-
142034,ff0000000383,ｽﾃﾚｵ,粗大ごみ,50cm以内は不燃ごみへ。　持ち込む場合は粗大ごみ破砕処理場へ。,-,-,-,-
142034,ff0000000384,ｽﾃﾚｵ（ｱﾝﾌﾟ),不燃ごみ,50cm超は粗大ごみへ。　持ち込む場合は粗大ごみ破砕処理場へ。,-,-,-,-
142034,ff0000000385,ｽﾃﾚｵ（ｽﾋﾟｰｶｰ）,不燃ごみ,50cm超は粗大ごみへ。　持ち込む場合は粗大ごみ破砕処理場へ。,-,-,-,-
142034,ff0000000386,ｽﾃﾚｵｾｯﾄﾐﾆｺﾝﾎﾟ,不燃ごみ,50cm超は粗大ごみへ。　持ち込む場合は粗大ごみ破砕処理場へ。,-,-,-,-
142034,ff0000000387,ｽﾄｰﾌﾞ,金属（資源再生物）,,-,-,-,-
142034,ff0000000388,ｽﾄｯﾌﾟｳｫｯﾁ,小型家電,地区公民館及び中央公民館、市役所本館・別館、環境事業センター、リサイクルプラザ、資源回収センターに設置してある小型家電回収ボックスに投入してください。,-,-,-,-
142034,ff0000000389,ｽﾄﾛｰ,可燃ごみ,,-,-,-,-
142034,ff0000000390,ｽﾉｰﾎﾞｰﾄﾞ,粗大ごみ,持ち込む場合は粗大ごみ破砕処理場へ。,-,-,-,-
142034,ff0000000391,ｽﾊﾟｲｸｼｭｰｽﾞ,可燃ごみ,,-,-,-,-
142034,ff0000000392,ｽﾋﾟｰｶｰ,不燃ごみ,50cm超は粗大ごみへ。　持ち込む場合は粗大ごみ破砕処理場へ。,-,-,-,-
142034,ff0000000393,ｽﾌﾟｰﾝ（金属製）,金属(資源再生物),,-,-,-,-
142034,ff0000000394,ｽﾌﾟｰﾝ（金属製とプラスチック製が混在しているもの）,不燃ごみ,,-,-,-,-
142034,ff0000000395,ｽﾌﾟｰﾝ（使い捨て）,可燃ごみ,,-,-,-,-
142034,ff0000000396,ｽﾌﾟﾚｰ缶,空き缶類（資源再生物）,使い切ってください。穴あけ不要。中身を使い切ることができないなどお困りの際は収集業務課へお持込みください。,-,-,-,-
142034,ff0000000397,ｽﾎﾟﾝｼﾞ,可燃ごみ,,-,-,-,-
142034,ff0000000398,ｽﾞﾎﾞﾝﾌﾟﾚｯｻｰ,不燃ごみ,,-,-,-,-
142034,ff0000000399,ｽﾏｰﾄﾌｫﾝ,小型家電,地区公民館及び中央公民館、市役所本館・別館、環境事業センター、リサイクルプラザ、資源回収センターに設置してある小型家電回収ボックスに投入してください。,-,-,-,-
142034,ff0000000400,炭,可燃ごみ,30ｃｍ以内に裁断してください。,-,-,-,-
142034,ff0000000401,ｽﾘｯﾊﾟ,可燃ごみ,,-,-,-,-
142034,ff0000000402,精米機,不燃ごみ,50cm超は粗大ごみへ。　持ち込む場合は粗大ごみ破砕処理場へ。,-,-,-,-
142034,ff0000000403,石油ｽﾄｰﾌﾞ,金属（資源再生物）,,-,-,-,-
142034,ff0000000404,石こう,処理困難物,販売店などの専門業者へご相談ください。,-,-,-,-
142034,ff0000000405,石膏ﾎﾞｰﾄﾞ,処理困難物,販売店などの専門業者へご相談ください。,-,-,-,-
142034,ff0000000406,瀬戸物,不燃ごみ,,-,-,-,-
142034,ff0000000407,洗剤容器（紙）,古紙類（資源再生物）,,-,-,-,-
142034,ff0000000408,洗剤容器（ﾌﾟﾗｽﾁｯｸ）,容器包装ﾌﾟﾗｽﾁｯｸ,,-,-,-,-
142034,ff0000000409,洗濯板,不燃ごみ,,-,-,-,-
142034,ff0000000410,洗濯機,家電ﾘｻｲｸﾙ,家電ﾘｻｲｸﾙ法の対象です。,-,-,-,-
142034,ff0000000411,洗濯ネット,可燃ごみ,,-,-,-,-
142034,ff0000000412,剪定枝,剪定枝,戸別収集しますので電話でお申込みください。,-,-,-,-
142034,ff0000000413,栓抜き,金属（資源再生物）,缶に入れてください。,-,-,-,-
142034,ff0000000414,扇風機,不燃ごみ,,-,-,-,-
142034,ff0000000415,洗面器（金属製）,金属（資源再生物）,,-,-,-,-
142034,ff0000000416,洗面器（金属製以外）,不燃ごみ,,-,-,-,-
142034,ff0000000417,洗面台（業者が入らないもの）,粗大ごみ,持ち込む場合は粗大ごみ破砕処理場へ。,-,-,-,-
142034,ff0000000418,造花,可燃ごみ,,-,-,-,-
142034,ff0000000419,双眼鏡,不燃ごみ,,-,-,-,-
142034,ff0000000420,ぞうきん,可燃ごみ,,-,-,-,-
142034,ff0000000421,掃除機,不燃ごみ,50cm超は粗大ごみへ。　持ち込む場合は粗大ごみ破砕処理場へ。,-,-,-,-
142034,ff0000000422,ｿﾌｧ,粗大ごみ,持ち込む場合は粗大ごみ破砕処理場へ。,-,-,-,-
142034,ff0000000423,そろばん,不燃ごみ,,-,-,-,-
142034,ff0000000424,体温計（水銀型）,有害ごみ,乾電池ボックスに入れてください。　※不燃ごみと同じ収集日です。,-,-,-,-
142034,ff0000000425,耐火金庫,処理困難物,販売店などの専門業者へご相談ください。,-,-,-,-
142034,ff0000000426,体重計,不燃ごみ,,-,-,-,-
142034,ff0000000427,ﾀｲﾔ,処理困難物,販売店などの専門業者へご相談ください。,-,-,-,-
142034,ff0000000428,ﾀｲﾔ（自転車・一輪車用）,処理困難物,販売店などの専門業者へご相談ください。,-,-,-,-
142034,ff0000000429,ﾀｲﾔﾁｭｰﾌﾞ（自転車・一輪車用）,可燃ごみ,30㎝以内に裁断してください。,-,-,-,-
142034,ff0000000430,ﾀｲﾙ,処理困難物,販売店などの専門業者へご相談ください。,-,-,-,-
142034,ff0000000431,ﾀﾞｳﾝｼﾞｬｹｯﾄ,布類（資源再生物）,,-,-,-,-
142034,ff0000000432,ﾀｵﾙ,布類（資源再生物）,汚れがひどい場合は30cｍ以内に裁断して可燃ごみへ。,-,-,-,-
142034,ff0000000433,ﾀｵﾙｹｯﾄ,布類（資源再生物）,汚れがひどい場合は30cｍ以内に裁断して可燃ごみへ。,-,-,-,-
142034,ff0000000434,卓上ｶﾞｽﾎﾞﾝﾍﾞ,空き缶類（資源再生物）,使い切ってください。お困りの際は収集業務課へお持込みください。,-,-,-,-
142034,ff0000000435,竹（長さ30cm超～50㎝以内、1m超～２m以内）,粗大ごみ,持ち込む場合は粗大ごみ破砕処理場へ（事前にお電話ください。）,-,-,-,-
142034,ff0000000436,竹（長さ30㎝以内）,可燃ごみ,太さ5㎝以内に裁断してください。,-,-,-,-
142034,ff0000000437,竹串,可燃ごみ,先端が袋から飛び出ないようにしてください。,-,-,-,-
142034,ff0000000438,凧,可燃ごみ,30㎝以内に裁断してください。,-,-,-,-
142034,ff0000000439,畳（業者が入らないもの）,粗大ごみ,持ち込む場合は環境事業センターへ。,-,-,-,-
142034,ff0000000440,脱臭剤,可燃ごみ,,-,-,-,-
142034,ff0000000441,脱臭剤のｹｰｽ（ﾌﾟﾗｽﾁｯｸ）,容器包装ﾌﾟﾗｽﾁｯｸ,,-,-,-,-
142034,ff0000000442,脱水機,不燃ごみ,50cm超は粗大ごみへ。　持ち込む場合は粗大ごみ破砕処理場へ。,-,-,-,-
142034,ff0000000443,タッパー,不燃ごみ,,-,-,-,-
142034,ff0000000444,たばこ（内装）,可燃ごみ,,-,-,-,-
142034,ff0000000445,たばこ（ﾊﾟｯｹｰｼﾞ),古紙類（資源再生物）,,-,-,-,-
142034,ff0000000446,たばこ（ﾌﾟﾗｽﾁｯｸ製ﾌｨﾙﾑ）,容器包装ﾌﾟﾗｽﾁｯｸ,,-,-,-,-
142034,ff0000000447,卵の殻,可燃ごみ,,-,-,-,-
142034,ff0000000448,卵ﾊﾟｯｸ（紙製）,古紙類（資源再生物）,,-,-,-,-
142034,ff0000000449,卵ﾊﾟｯｸ（ﾌﾟﾗｽﾁｯｸ製）,容器包装ﾌﾟﾗｽﾁｯｸ,,-,-,-,-
142034,ff0000000450,だるま,不燃ごみ,50cm超は粗大ごみへ。　持ち込む場合は粗大ごみ破砕処理場へ。,-,-,-,-
142034,ff0000000451,たわし（金属製）,不燃ごみ,,-,-,-,-
142034,ff0000000452,たわし（金属製以外）,可燃ごみ,,-,-,-,-
142034,ff0000000453,単行本,古紙類（資源再生物）,,-,-,-,-
142034,ff0000000454,ﾀﾝｽ,粗大ごみ,持ち込む場合は粗大ごみ破砕処理場へ。,-,-,-,-
142034,ff0000000455,断熱材,処理困難物,販売店などの専門業者へご相談ください。,-,-,-,-
142034,ff0000000456,ﾀﾝﾌﾞﾗｰ（金属製）,金属（資源再生物）,,-,-,-,-
142034,ff0000000457,ﾀﾝﾌﾞﾗｰ（ﾌﾟﾗｽﾁｯｸ製）,不燃ごみ,,-,-,-,-
142034,ff0000000458,ﾀﾞﾝﾍﾞﾙ,金属（資源再生物）,,-,-,-,-
142034,ff0000000459,段ﾎﾞｰﾙ,古紙類（資源再生物）,,-,-,-,-
142034,ff0000000460,ﾁｪｰﾝ（金属製）,金属（資源再生物）,,-,-,-,-
142034,ff0000000461,ﾁｪｰﾝ（金属製以外）,不燃ごみ,,-,-,-,-
142034,ff0000000462,ﾁｪｽﾄ,粗大ごみ,持ち込む場合は粗大ごみ破砕処理場へ。,-,-,-,-
142034,ff0000000463,地球儀,不燃ごみ,50cm超は粗大ごみへ。　持ち込む場合は粗大ごみ破砕処理場へ。,-,-,-,-
142034,ff0000000464,ﾁｬｲﾙﾄﾞｼｰﾄ,不燃ごみ,,-,-,-,-
142034,ff0000000465,茶箱,粗大ごみ,持ち込む場合は粗大ごみ破砕処理場へ。,-,-,-,-
142034,ff0000000466,茶碗,不燃ごみ,,-,-,-,-
142034,ff0000000467,注射器、注射針,処理困難物,販売店などの専門業者へご相談ください。,-,-,-,-
142034,ff0000000468,ﾁｭｰﾅ,小型家電,地区公民館及び中央公民館、市役所本館・別館、環境事業センター、リサイクルプラザ、資源回収センターに設置してある小型家電回収ボックスに投入してください。30cm超は不燃ごみへ。,-,-,-,-
142034,ff0000000469,調味料のﾋﾞﾝ,ビン（資源再生物）,,-,-,-,-
142034,ff0000000470,ﾁﾗｼ,古紙類（資源再生物）,,-,-,-,-
142034,ff0000000471,ちりとり（金属製）,金属（資源再生物）,,-,-,-,-
142034,ff0000000472,ちりとり（ﾌﾟﾗｽﾁｯｸ製）,不燃ごみ,,-,-,-,-
142034,ff0000000473,机,粗大ごみ,持ち込む場合は粗大ごみ破砕処理場へ。,-,-,-,-
142034,ff0000000474,漬物石,処理困難物,販売店などの専門業者へご相談ください。,-,-,-,-
142034,ff0000000475,土,処理困難物,販売店などの専門業者へご相談ください。,-,-,-,-
142034,ff0000000476,つっぱり棒（金属製）,金属（資源再生物）,,-,-,-,-
142034,ff0000000477,つっぱり棒（ﾌﾟﾗｽﾁｯｸ製）,不燃ごみ,,-,-,-,-
142034,ff0000000478,積み木,不燃ごみ,,-,-,-,-
142034,ff0000000479,釣り糸,可燃ごみ,30㎝以内に裁断してください。,-,-,-,-
142034,ff0000000480,釣竿,不燃ごみ,,-,-,-,-
142034,ff0000000481,釣り針,金属（資源再生物）,缶に入れてください。,-,-,-,-
142034,ff0000000482,ﾃｨｰｼｬﾂ,布類（資源再生物）,汚れがひどい場合は30cm以内に裁断して可燃ごみへ。,-,-,-,-
142034,ff0000000483,DVD(ケースを含む),不燃ごみ,,-,-,-,-
142034,ff0000000484,DVDﾚｺｰﾀﾞ/ﾌﾟﾚｰﾔ,小型家電,地区公民館及び中央公民館、市役所本館・別館、環境事業センター、リサイクルプラザ、資源回収センターに設置してある小型家電回収ボックスに投入してください。30cm超は不燃ごみへ。,-,-,-,-
142034,ff0000000485,ﾃｰﾌﾞﾙ,粗大ごみ,50cm以内は不燃ごみへ。　持ち込む場合は粗大ごみ破砕処理場へ。,-,-,-,-
142034,ff0000000486,ﾃｰﾌﾞﾙｸﾛｽ（布製）,布類（資源再生物）,,-,-,-,-
142034,ff0000000487,ﾃｰﾌﾞﾙｸﾛｽ（ﾌﾟﾗｽﾁｯｸ製）,可燃ごみ,30㎝以内に裁断してください。,-,-,-,-
142034,ff0000000488,ﾃｰﾌﾟﾚｺｰﾀﾞ,小型家電,地区公民館及び中央公民館、市役所本館・別館、環境事業センター、リサイクルプラザ、資源回収センターに設置してある小型家電回収ボックスに投入してください。30cm超は不燃ごみへ。,-,-,-,-
142034,ff0000000489,ﾃﾞｼﾞﾀﾙｶﾒﾗ,小型家電,地区公民館及び中央公民館、市役所本館・別館、環境事業センター、リサイクルプラザ、資源回収センターに設置してある小型家電回収ボックスに投入してください。30cm超は不燃ごみへ。,-,-,-,-
142034,ff0000000490,ﾃﾞｼﾞﾀﾙﾁｭｰﾅ（地上ﾃﾞｼﾞﾀﾙ/BS/CS）,小型家電,地区公民館及び中央公民館、市役所本館・別館、環境事業センター、リサイクルプラザ、資源回収センターに設置してある小型家電回収ボックスに投入してください。30cm超は不燃ごみへ。,-,-,-,-
142034,ff0000000491,ﾃﾞｼﾞﾀﾙ歩数計,小型家電,地区公民館及び中央公民館、市役所本館・別館、環境事業センター、リサイクルプラザ、資源回収センターに設置してある小型家電回収ボックスに投入してください。30cm超は不燃ごみへ。,-,-,-,-
142034,ff0000000492,鉄くず,金属（資源再生物）,,-,-,-,-
142034,ff0000000493,ﾃｨｯｼｭﾍﾟｰﾊﾟｰ,可燃ごみ,,-,-,-,-
142034,ff0000000494,ﾃｨｯｼｭﾍﾟｰﾊﾟｰ（箱）,古紙類（資源再生物）,,-,-,-,-
142034,ff0000000495,ﾃﾆｽﾎﾞｰﾙ,可燃ごみ,,-,-,-,-
142034,ff0000000496,ﾃﾆｽﾗｹｯﾄ,不燃ごみ,,-,-,-,-
142034,ff0000000497,手ぬぐい,布類（資源再生物）,汚れがひどい場合は30cｍ以内に裁断して可燃ごみへ。,-,-,-,-
142034,ff0000000498,手袋,可燃ごみ,,-,-,-,-
142034,ff0000000499,ﾃﾚﾋﾞ,家電ﾘｻｲｸﾙ,家電ﾘｻｲｸﾙ法の対象です。,-,-,-,-
142034,ff0000000500,ﾃﾚﾋﾞ台,粗大ごみ,持ち込む場合は粗大ごみ破砕処理場へ。,-,-,-,-
142034,ff0000000501,電気ｶｰﾍﾟｯﾄ,粗大ごみ,持ち込む場合は環境事業センターへ。,-,-,-,-
142034,ff0000000502,電気かみそり,小型家電,地区公民館及び中央公民館、市役所本館・別館、環境事業センター、リサイクルプラザ、資源回収センターに設置してある小型家電回収ボックスに投入してください。30cm超は不燃ごみへ。,-,-,-,-
142034,ff0000000503,電気ｺｰﾄﾞ,小型家電,地区公民館及び中央公民館、市役所本館・別館、環境事業センター、リサイクルプラザ、資源回収センターに設置してある小型家電回収ボックスに投入してください。,-,-,-,-
142034,ff0000000504,電気ｺｰﾋｰ沸器,小型家電,地区公民館及び中央公民館、市役所本館・別館、環境事業センター、リサイクルプラザ、資源回収センターに設置してある小型家電回収ボックスに投入してください。30cm超は不燃ごみへ。,-,-,-,-
142034,ff0000000505,電気ｽﾄｰﾌﾞ,金属（資源再生物）,,-,-,-,-
142034,ff0000000506,電気ﾄﾞﾘﾙ（電池式も含む）,不燃ごみ,電池は外してください。,-,-,-,-
142034,ff0000000507,電気のこぎり,不燃ごみ,,-,-,-,-
142034,ff0000000508,電気ﾊﾞﾘｶﾝ,小型家電,地区公民館及び中央公民館、市役所本館・別館、環境事業センター、リサイクルプラザ、資源回収センターに設置してある小型家電回収ボックスに投入してください。30cm超は不燃ごみへ。,-,-,-,-
142034,ff0000000509,電気ﾋｰﾀｰ（金属製）,金属（資源再生物）,,-,-,-,-
142034,ff0000000510,電気ﾋｰﾀｰ（金属製以外）,不燃ごみ,,-,-,-,-
142034,ff0000000511,電気ひざ掛け,粗大ごみ,30㎝以内に裁断した場合は可燃ごみへ。　持ち込む場合は環境事業センターへ。,-,-,-,-
142034,ff0000000512,電気ﾎﾟｯﾄ,小型家電,地区公民館及び中央公民館、市役所本館・別館、環境事業センター、リサイクルプラザ、資源回収センターに設置してある小型家電回収ボックスに投入してください。横30cm×縦15cm×奥行20cm超は不燃ごみへ。,-,-,-,-
142034,ff0000000513,電気毛布,粗大ごみ,30㎝以内に裁断した場合は可燃ごみへ。　持ち込む場合は環境事業センターへ。,-,-,-,-
142034,ff0000000514,電気もちつき機,不燃ごみ,50cm超は粗大ごみへ。　持ち込む場合は粗大ごみ破砕処理場へ。,-,-,-,-
142034,ff0000000515,電球,不燃ごみ,,-,-,-,-
142034,ff0000000516,電子血圧計,小型家電,地区公民館及び中央公民館、市役所本館・別館、環境事業センター、リサイクルプラザ、資源回収センターに設置してある小型家電回収ボックスに投入してください。30cm超は不燃ごみへ。,-,-,-,-
142034,ff0000000517,電子式料理用はかり,小型家電,地区公民館及び中央公民館、市役所本館・別館、環境事業センター、リサイクルプラザ、資源回収センターに設置してある小型家電回収ボックスに投入してください。30cm超は不燃ごみへ。,-,-,-,-
142034,ff0000000518,電子辞書,小型家電,地区公民館及び中央公民館、市役所本館・別館、環境事業センター、リサイクルプラザ、資源回収センターに設置してある小型家電回収ボックスに投入してください。30cm超は不燃ごみへ。,-,-,-,-
142034,ff0000000519,電子体温計,小型家電,地区公民館及び中央公民館、市役所本館・別館、環境事業センター、リサイクルプラザ、資源回収センターに設置してある小型家電回収ボックスに投入してください。30cm超は不燃ごみへ。,-,-,-,-
142034,ff0000000520,電子ﾋﾟｱﾉ,粗大ごみ,持ち込む場合は粗大ごみ破砕処理場へ。,-,-,-,-
142034,ff0000000521,電子ﾚﾝｼﾞ,金属（資源再生物）,,-,-,-,-
142034,ff0000000522,電卓,小型家電,地区公民館及び中央公民館、市役所本館・別館、環境事業センター、リサイクルプラザ、資源回収センターに設置してある小型家電回収ボックスに投入してください。,-,-,-,-
142034,ff0000000523,電動歯ﾌﾞﾗｼ,小型家電,地区公民館及び中央公民館、市役所本館・別館、環境事業センター、リサイクルプラザ、資源回収センターに設置してある小型家電回収ボックスに投入してください。30cm超は不燃ごみへ。,-,-,-,-
142034,ff0000000524,電熱器,不燃ごみ,,-,-,-,-
142034,ff0000000525,天ぷら油,廃食用油（資源再生物）,ペットボトルに入れて出してください。,-,-,-,-
142034,ff0000000526,天ぷらｶﾞｰﾄﾞ,不燃ごみ,,-,-,-,-
142034,ff0000000527,電話機,小型家電,地区公民館及び中央公民館、市役所本館・別館、環境事業センター、リサイクルプラザ、資源回収センターに設置してある小型家電回収ボックスに投入してください。30cm超は不燃ごみへ。,-,-,-,-
142034,ff0000000528,電話帳,古紙類（資源再生物）,,-,-,-,-
142034,ff0000000529,ﾄﾞｱ（業者が入らないもの）,粗大ごみ,持ち込む場合は粗大ごみ破砕処理場へ。,-,-,-,-
142034,ff0000000530,陶器類,不燃ごみ,,-,-,-,-
142034,ff0000000531,灯油,処理困難物,販売店などの専門業者へご相談ください。,-,-,-,-
142034,ff0000000532,ﾄｰｽﾀｰ,金属（資源再生物）,,-,-,-,-
142034,ff0000000533,ﾄｰﾄﾊﾞｯｸ(布製),布類（資源再生物）,,-,-,-,-
142034,ff0000000534,ﾄｰﾄﾊﾞｯｸ(布製以外),可燃ごみ,30㎝以内に裁断してください。,-,-,-,-
142034,ff0000000535,時計,小型家電,地区公民館及び中央公民館、市役所本館・別館、環境事業センター、リサイクルプラザ、資源回収センターに設置してある小型家電回収ボックスに投入してください。30cm超は不燃ごみへ。,-,-,-,-
142034,ff0000000536,ﾄﾀﾝ板,粗大ごみ,1m以内は不燃ごみへ。　持ち込む場合は粗大ごみ破砕処理場へ。,-,-,-,-
142034,ff0000000537,土鍋,不燃ごみ,,-,-,-,-
142034,ff0000000538,ﾄﾞﾗｲﾊﾞｰ（工具）,不燃ごみ,,-,-,-,-
142034,ff0000000539,ﾄﾞﾗｲﾔｰ,小型家電,地区公民館及び中央公民館、市役所本館・別館、環境事業センター、リサイクルプラザ、資源回収センターに設置してある小型家電回収ボックスに投入してください。,-,-,-,-
142034,ff0000000540,ﾄﾗﾝｼｰﾊﾞｰ,小型家電,地区公民館及び中央公民館、市役所本館・別館、環境事業センター、リサイクルプラザ、資源回収センターに設置してある小型家電回収ボックスに投入してください。30cm超は不燃ごみへ。,-,-,-,-
142034,ff0000000541,塗料,処理困難物,販売店などの専門業者へご相談ください。,-,-,-,-
142034,ff0000000542,ﾄﾞﾚｯｻｰ,粗大ごみ,持ち込む場合は粗大ごみ破砕処理場へ。,-,-,-,-
142034,ff0000000543,ﾄﾛﾌｨｰ,不燃ごみ,,-,-,-,-
142034,ff0000000544,ﾅｲﾌ（金属製）,金属（資源再生物）,紙に包んで「刃物（ｷｹﾝ）」と書いてください。,-,-,-,-
142034,ff0000000545,ﾅｲﾌ（金属製以外）,不燃ごみ,,-,-,-,-
142034,ff0000000546,長靴,可燃ごみ,,-,-,-,-
142034,ff0000000547,鍋（金属製）,金属（資源再生物）,,-,-,-,-
142034,ff0000000548,鍋（金属製以外）,不燃ごみ,,-,-,-,-
142034,ff0000000549,人形（ﾌﾟﾗｽﾁｯｸ製）,不燃ごみ,,-,-,-,-
142034,ff0000000550,人形（ﾌﾟﾗｽﾁｯｸ製以外）,可燃ごみ,,-,-,-,-
142034,ff0000000551,ぬいぐるみ,可燃ごみ,,-,-,-,-
142034,ff0000000552,布,布類（資源再生物）,汚れがひどい場合は30cｍ以内に裁断して可燃ごみへ。,-,-,-,-
142034,ff0000000553,寝袋,粗大ごみ,30㎝以内に裁断した場合は可燃ごみへ。　持ち込む場合は環境事業センターへ。,-,-,-,-
142034,ff0000000554,ﾈｸﾀｲ,布類（資源再生物）,,-,-,-,-
142034,ff0000000555,ﾈｼﾞ,金属（資源再生物）,缶に入れてください。,-,-,-,-
142034,ff0000000556,ねんど,可燃ごみ,,-,-,-,-
142034,ff0000000557,農薬,処理困難物,販売店などの専門業者へご相談ください。,-,-,-,-
142034,ff0000000558,ﾉｰﾄ,古紙類（資源再生物）,,-,-,-,-
142034,ff0000000559,HDDﾚｺｰﾀﾞ,小型家電,地区公民館及び中央公民館、市役所本館・別館、環境事業センター、リサイクルプラザ、資源回収センターに設置してある小型家電回収ボックスに投入してください。30cm超は不燃ごみへ。,-,-,-,-
142034,ff0000000560,ﾊﾞｰﾍﾞｷｭｰｸﾞﾘﾙ,金属（資源再生物）,,-,-,-,-
142034,ff0000000561,ﾊｰﾓﾆｶ,不燃ごみ,,-,-,-,-
142034,ff0000000562,灰,可燃ごみ,,-,-,-,-
142034,ff0000000563,ﾊﾞｲｸ,処理困難物,販売店などの専門業者へご相談ください。,-,-,-,-
142034,ff0000000564,灰皿（金属製以外）,不燃ごみ,,-,-,-,-
142034,ff0000000565,灰皿（金属製）,金属（資源再生物）,,-,-,-,-
142034,ff0000000566,剥製,可燃ごみ,,-,-,-,-
142034,ff0000000567,白熱灯,不燃ごみ,,-,-,-,-
142034,ff0000000568,ﾊﾞｹﾂ（金属製）,金属（資源再生物）,,-,-,-,-
142034,ff0000000569,ﾊﾞｹﾂ（金属製以外）,不燃ごみ,,-,-,-,-
142034,ff0000000570,はさみ（金属製）,金属（資源再生物）,,-,-,-,-
142034,ff0000000571,はさみ（金属製以外）,不燃ごみ,,-,-,-,-
142034,ff0000000572,ﾊﾞｽﾏｯﾄ（足拭き用）,可燃ごみ,30㎝以内に裁断してください。,-,-,-,-
142034,ff0000000573,ﾊﾞｽﾏｯﾄ（珪藻土マット）,不燃ごみ又は処理困難物,石綿（アスベスト）を含んでいるものは処理困難物,-,-,-,-
142034,ff0000000574,ﾊﾟｿｺﾝ,ﾘｻｲｸﾙ,認定事業者（リネットジャパンリサイクル㈱）へ回収依頼又は各メーカーへお問い合わせください。,-,-,-,-
142034,ff0000000575,ﾊﾞｯｸﾞ,可燃ごみ,金属を外し、30㎝以内に裁断して可燃ごみへ。,-,-,-,-
142034,ff0000000576,ﾊﾞｯﾄ（金属製）,金属（資源再生物）,,-,-,-,-
142034,ff0000000577,ﾊﾞｯﾄ（金属製以外）,不燃ごみ,,-,-,-,-
142034,ff0000000578,発泡ｽﾁﾛｰﾙ,容器包装ﾌﾟﾗｽﾁｯｸ,,-,-,-,-
142034,ff0000000579,花火,可燃ごみ,水に濡らしてください。,-,-,-,-
142034,ff0000000580,歯ﾌﾞﾗｼ,可燃ごみ,,-,-,-,-
142034,ff0000000581,歯磨きﾁｭｰﾌﾞ（ﾌﾟﾗﾏｰｸあり）,容器包装ﾌﾟﾗｽﾁｯｸ,,-,-,-,-
142034,ff0000000582,歯磨きﾁｭｰﾌﾞ（ﾌﾟﾗﾏｰｸなし）,可燃ごみ,,-,-,-,-
142034,ff0000000583,刃物,金属（資源再生物）,紙に包んで「刃物（ｷｹﾝ）」と書いてください。,-,-,-,-
142034,ff0000000584,針,金属（資源再生物）,缶に入れてください。,-,-,-,-
142034,ff0000000585,針金,金属（資源再生物）,,-,-,-,-
142034,ff0000000586,ﾊﾞﾘｶﾝ,小型家電,地区公民館及び中央公民館、市役所本館・別館、環境事業センター、リサイクルプラザ、資源回収センターに設置してある小型家電回収ボックスに投入してください。,-,-,-,-
142034,ff0000000587,ﾊﾟﾚｯﾄ（絵画用）,不燃ごみ,,-,-,-,-
142034,ff0000000588,ﾊﾝｶﾞｰ（金属製）,金属（資源再生物）,,-,-,-,-
142034,ff0000000589,ﾊﾝｶﾞｰ（金属製以外）,不燃ごみ,,-,-,-,-
142034,ff0000000590,ﾊﾝｶﾞｰﾗｯｸ（金属製）,粗大ごみ,棒状に分けて、1m以内であれば、金属（資源再生物）へ。,-,-,-,-
142034,ff0000000591,ﾊﾝｶﾞｰﾗｯｸ（金属製以外）,粗大ごみ,棒状に分けて、1m以内であれば、不燃ごみへ。,-,-,-,-
142034,ff0000000592,ﾊﾝｶﾁ,布類（資源再生物）,汚れがひどい場合は可燃ごみへ。,-,-,-,-
142034,ff0000000593,ﾊﾝｺ（印）（金属が含まれていないもの）,可燃ごみ,,-,-,-,-
142034,ff0000000594,ﾊﾝｺ（印）（金属が含まれているもの）,不燃ごみ,,-,-,-,-
142034,ff0000000595,ﾊﾟﾝﾌﾚｯﾄ,古紙類（資源再生物）,,-,-,-,-
142034,ff0000000596,ﾋﾟｱﾆｶ,不燃ごみ,,-,-,-,-
142034,ff0000000597,ﾋﾟｱﾉ,処理困難物,販売店などの専門業者へご相談ください。,-,-,-,-
142034,ff0000000598,ﾋﾞｰｽﾞｸｯｼｮﾝ,粗大ごみ,30㎝以内は可燃ごみへ。（「ﾋﾞｰｽﾞ注意」と書いた貼り紙を貼って出してください。ﾋﾞｰｽﾞが飛散しないように注意。）　　持ち込む場合は環境事業センターへ。,-,-,-,-
142034,ff0000000599,ﾋﾞｰ玉,不燃ごみ,,-,-,-,-
142034,ff0000000600,ﾋﾞｰﾁﾊﾟﾗｿﾙ,不燃ごみ,,-,-,-,-
142034,ff0000000601,ﾋﾞｰﾄ板,不燃ごみ,,-,-,-,-
142034,ff0000000602,PPﾊﾞﾝﾄﾞ,可燃ごみ,30㎝以内に裁断してください。,-,-,-,-
142034,ff0000000603,ﾋﾟｰﾗｰ,不燃ごみ,,-,-,-,-
142034,ff0000000604,ﾋﾞｰﾙｹｰｽ,不燃ごみ,レンタル品は除く。,-,-,-,-
142034,ff0000000605,ﾋﾞﾃﾞｵｶﾒﾗ（放送用を除く）,小型家電,地区公民館及び中央公民館、市役所本館・別館、環境事業センター、リサイクルプラザ、資源回収センターに設置してある小型家電回収ボックスに投入してください。30cm超は不燃ごみへ。,-,-,-,-
142034,ff0000000606,ﾋﾞﾃﾞｵﾃｰﾌﾟ,可燃ごみ,,-,-,-,-
142034,ff0000000607,ﾋﾞﾃﾞｵﾃｰﾌﾟのｹｰｽ,不燃ごみ,,-,-,-,-
142034,ff0000000608,ﾋﾞﾃﾞｵﾃｰﾌﾟ保管用ｶﾊﾞｰ,不燃ごみ,,-,-,-,-
142034,ff0000000609,ﾋﾞﾃﾞｵﾃﾞｯｷ,不燃ごみ,,-,-,-,-
142034,ff0000000610,雛人形,可燃ごみ,,-,-,-,-
142034,ff0000000611,雛人形（段飾りの台）,粗大ごみ,50㎝以内は不燃ごみへ。　持ち込む場合は粗大ごみ破砕処理場へ。,-,-,-,-
142034,ff0000000612,ﾋﾞﾆｰﾙ（農業用）,産業廃棄物,産業廃棄物収集運搬許可業者へご相談ください。,-,-,-,-
142034,ff0000000613,ﾋﾞﾆｰﾙｺｰﾃｨﾝｸﾞ紙,可燃ごみ,,-,-,-,-
142034,ff0000000614,ﾋﾞﾆｰﾙﾌﾟｰﾙ,可燃ごみ,30㎝以内に裁断してください。,-,-,-,-
142034,ff0000000615,ﾋﾞﾆｰﾙ袋（食品付着あり）,可燃ごみ,,-,-,-,-
142034,ff0000000616,ﾋﾞﾆｰﾙ袋（食品付着なし）,容器包装ﾌﾟﾗｽﾁｯｸ,,-,-,-,-
142034,ff0000000617,火鉢,不燃ごみ,,-,-,-,-
142034,ff0000000618,ﾋﾞﾝのふた（金属製）,金属（資源再生物）,,-,-,-,-
142034,ff0000000619,ﾋﾞﾝのふた（金属製、ﾌﾟﾗﾏｰｸあり以外）,不燃ごみ,,-,-,-,-
142034,ff0000000620,ﾋﾞﾝのふた（ﾌﾟﾗﾏｰｸあり）,容器包装ﾌﾟﾗｽﾁｯｸ,,-,-,-,-
142034,ff0000000621,ﾌｧｽﾅｰ,可燃ごみ,,-,-,-,-
142034,ff0000000622,ﾌｧｯｸｽ,不燃ごみ,,-,-,-,-
142034,ff0000000623,ﾌｧﾝｼｰｹｰｽ,粗大ごみ,持ち込む場合は粗大ごみ破砕処理場へ。,-,-,-,-
142034,ff0000000624,ﾌｧﾝﾋｰﾀｰ（金属製）,金属（資源再生物）,,-,-,-,-
142034,ff0000000625,ﾌｧﾝﾋｰﾀｰ（金属製以外）,不燃ごみ,,-,-,-,-
142034,ff0000000626,ﾌﾞｰｽﾀｰ、混合器、分配器（業務用を除く）,小型家電,地区公民館及び中央公民館、市役所本館・別館、環境事業センター、リサイクルプラザ、資源回収センターに設置してある小型家電回収ボックスに投入してください。30cm超は不燃ごみへ。,-,-,-,-
142034,ff0000000627,封筒（紙製）,古紙類（資源再生物）,,-,-,-,-
142034,ff0000000628,封筒（窓付封筒（透明フィルム付）・クッション性（緩衝材）封筒・耐水性のあるビニール素材と混在した封筒）,可燃ごみ,,-,-,-,-
142034,ff0000000629,ﾌﾞｰﾂ,可燃ごみ,,-,-,-,-
142034,ff0000000630,ﾌｰﾄﾞﾌﾟﾛｾｯｻｰ,小型家電,地区公民館及び中央公民館、市役所本館・別館、環境事業センター、リサイクルプラザ、資源回収センターに設置してある小型家電回収ボックスに投入してください。30cm超は不燃ごみへ。,-,-,-,-
142034,ff0000000631,風鈴（金属製）,金属（資源再生物）,,-,-,-,-
142034,ff0000000632,風鈴（金属製以外）,不燃ごみ,,-,-,-,-
142034,ff0000000633,笛（金属製）,金属（資源再生物）,,-,-,-,-
142034,ff0000000634,笛（金属製以外）,不燃ごみ,,-,-,-,-
142034,ff0000000635,ﾌｫｰｸ（金属製）,金属(資源再生物),,-,-,-,-
142034,ff0000000636,ﾌｫｰｸ（金属製とプラスチック製が混在しているもの）,不燃ごみ,,-,-,-,-
142034,ff0000000637,ﾌｫｰｸ（使い捨て）,可燃ごみ,,-,-,-,-
142034,ff0000000638,ﾌｫﾄﾌﾟﾘﾝﾀｰ,不燃ごみ,,-,-,-,-
142034,ff0000000639,ふすま（業者が入らないもの）,粗大ごみ,持ち込む場合は粗大ごみ破砕処理場へ。,-,-,-,-
142034,ff0000000640,仏壇,粗大ごみ,50㎝以内は不燃ごみへ。　持ち込む場合は粗大ごみ破砕処理場へ。,-,-,-,-
142034,ff0000000641,ふとん,粗大ごみ,持ち込む場合は環境事業センターへ。,-,-,-,-
142034,ff0000000642,ふとん乾燥機,不燃ごみ,,-,-,-,-
142034,ff0000000643,ふとんはさみ,不燃ごみ,,-,-,-,-
142034,ff0000000644,ﾌﾗｲﾊﾟﾝ,金属（資源再生物）,,-,-,-,-
142034,ff0000000645,ﾌﾞﾗｲﾝﾄﾞ,粗大ごみ,持ち込む場合は粗大ごみ破砕処理場へ。,-,-,-,-
142034,ff0000000646,ﾌﾟﾗｸﾞ・ｼﾞｬｯｸ,小型家電,地区公民館及び中央公民館、市役所本館・別館、環境事業センター、リサイクルプラザ、資源回収センターに設置してある小型家電回収ボックスに投入してください。30cm超は不燃ごみへ。,-,-,-,-
142034,ff0000000647,ﾌﾟﾗﾝﾀｰ,不燃ごみ,,-,-,-,-
142034,ff0000000648,ﾌﾘｰｽ,布類（資源再生物）,,-,-,-,-
142034,ff0000000649,ﾌﾘｽﾋﾞｰ,不燃ごみ,,-,-,-,-
142034,ff0000000650,ﾌﾟﾘﾝﾀｰ（家庭用）,不燃ごみ,,-,-,-,-
142034,ff0000000651,ﾌﾞﾙｰｼｰﾄ,可燃ごみ,30㎝以内に裁断してください。,-,-,-,-
142034,ff0000000652,BDﾚｺｰﾀﾞ/ﾌﾟﾚｰﾔ,小型家電,地区公民館及び中央公民館、市役所本館・別館、環境事業センター、リサイクルプラザ、資源回収センターに設置してある小型家電回収ボックスに投入してください。30cm超は不燃ごみへ。,-,-,-,-
142034,ff0000000653,風呂いす,不燃ごみ,,-,-,-,-
142034,ff0000000654,風呂桶,処理困難物,販売店などの専門業者へご相談ください。,-,-,-,-
142034,ff0000000655,風呂釜,金属（資源再生物）,,-,-,-,-
142034,ff0000000656,ﾌﾟﾛｼﾞｪｸﾀ,小型家電,地区公民館及び中央公民館、市役所本館・別館、環境事業センター、リサイクルプラザ、資源回収センターに設置してある小型家電回収ボックスに投入してください。30cm超は不燃ごみへ。,-,-,-,-
142034,ff0000000657,風呂のすのこ,不燃ごみ,,-,-,-,-
142034,ff0000000658,ﾌﾛｯﾋﾟｰﾃﾞｨｽｸ,不燃ごみ,,-,-,-,-
142034,ff0000000659,ﾌﾛｯﾋﾟｰﾃﾞｨｽｸｹｰｽ,不燃ごみ,,-,-,-,-
142034,ff0000000660,ﾌﾟﾛﾊﾟﾝｶﾞｽﾎﾞﾝﾍﾞ,処理困難物,販売店などの専門業者へご相談ください。,-,-,-,-
142034,ff0000000661,風呂ふた,不燃ごみ,,-,-,-,-
142034,ff0000000662,風呂ﾏｯﾄ,可燃ごみ,30㎝以内に切断してください。,-,-,-,-
142034,ff0000000663,ﾍｱｰｱｲﾛﾝ,小型家電,地区公民館及び中央公民館、市役所本館・別館、環境事業センター、リサイクルプラザ、資源回収センターに設置してある小型家電回収ボックスに投入してください。30cm超は不燃ごみへ。,-,-,-,-
142034,ff0000000664,ﾍｱｰﾄﾞﾗｲﾔｰ,小型家電,地区公民館及び中央公民館、市役所本館・別館、環境事業センター、リサイクルプラザ、資源回収センターに設置してある小型家電回収ボックスに投入してください。30cm超は不燃ごみへ。,-,-,-,-
142034,ff0000000665,ﾍｱﾌﾞﾗｼ,不燃ごみ,,-,-,-,-
142034,ff0000000666,ﾍﾞｯﾄﾞ,粗大ごみ,持ち込む場合は粗大ごみ破砕処理場へ。,-,-,-,-
142034,ff0000000667,ﾍﾟｯﾄくさり（金属製）,金属（資源再生物）,,-,-,-,-
142034,ff0000000668,ﾍﾟｯﾄくさり（金属製以外）,不燃ごみ,,-,-,-,-
142034,ff0000000669,ﾍﾟｯﾄ首輪,不燃ごみ,,-,-,-,-
142034,ff0000000670,ﾍｯﾄﾞﾎﾝ及びｲﾔﾎﾝ,小型家電,地区公民館及び中央公民館、市役所本館・別館、環境事業センター、リサイクルプラザ、資源回収センターに設置してある小型家電回収ボックスに投入してください。30cm超は不燃ごみへ。,-,-,-,-
142034,ff0000000671,ﾍﾞｯﾄﾞﾏｯﾄ（ｽﾌﾟﾘﾝｸﾞ入）,粗大ごみ,持ち込む場合は粗大ごみ破砕処理場へ。,-,-,-,-
142034,ff0000000672,ﾍﾞｯﾄﾞﾏｯﾄ（ｽﾌﾟﾘﾝｸﾞなし）,粗大ごみ,持ち込む場合は環境事業センターへ。,-,-,-,-
142034,ff0000000673,ﾍﾟｯﾄ用ﾍﾞｯﾄﾞ(クッションタイプ),粗大ごみ,30㎝以内に裁断した場合は可燃ごみへ。　持ち込む場合は環境事業センターへ。,-,-,-,-
142034,ff0000000674,ﾍﾟｯﾄ用の紙砂,可燃ごみ,,-,-,-,-
142034,ff0000000675,ﾍﾞﾆﾔ板,不燃ごみ,1m超は粗大ごみへ。　持ち込む場合は粗大ごみ破砕処理場へ。,-,-,-,-
142034,ff0000000676,ﾍﾞﾋﾞｰｶｰ,不燃ごみ,,-,-,-,-
142034,ff0000000677,ﾍﾞﾋﾞｰﾁｪｱｰ,不燃ごみ,,-,-,-,-
142034,ff0000000678,ﾍﾞﾋﾞｰﾊﾞｽ,不燃ごみ,,-,-,-,-
142034,ff0000000679,ﾍﾞﾋﾞｰﾍﾞｯﾄﾞ,粗大ごみ,持ち込む場合は粗大ごみ破砕処理場へ。,-,-,-,-
142034,ff0000000680,ﾍﾙｽﾒｰﾀｰ,不燃ごみ,,-,-,-,-
142034,ff0000000681,ﾍﾞﾙﾄ,可燃ごみ,,-,-,-,-
142034,ff0000000682,ﾍﾙﾒｯﾄ,不燃ごみ,,-,-,-,-
142034,ff0000000683,便器（業者が入らないもの）,粗大ごみ,ご自分で交換した場合に限ります。　持ち込む場合は粗大ごみ破砕処理場へ。,-,-,-,-
142034,ff0000000684,ﾍﾟﾝｷ,処理困難物,販売店などの専門業者へご相談ください。,-,-,-,-
142034,ff0000000685,ﾍﾟﾝｷ缶,金属（資源再生物）,中身を空にしてください。,-,-,-,-
142034,ff0000000686,便座,不燃ごみ,ご自分で交換した場合に限ります。,-,-,-,-
142034,ff0000000687,ﾍﾟﾝ類,不燃ごみ,,-,-,-,-
142034,ff0000000688,ﾎｲｰﾙ,処理困難物,販売店などの専門業者へご相談ください。,-,-,-,-
142034,ff0000000689,ほうき,不燃ごみ,,-,-,-,-
142034,ff0000000690,帽子,可燃ごみ,,-,-,-,-
142034,ff0000000691,包装紙,古紙類（資源再生物）,,-,-,-,-
142034,ff0000000692,包帯,可燃ごみ,,-,-,-,-
142034,ff0000000693,包丁,金属（資源再生物）,紙に包んで「刃物（ｷｹﾝ）」と書いてください。,-,-,-,-
142034,ff0000000694,ﾎﾞｳﾘﾝｸﾞ（玉）,不燃ごみ,,-,-,-,-
142034,ff0000000695,ﾎﾞｳﾙ（調理用・金属製）,金属（資源再生物）,,-,-,-,-
142034,ff0000000696,ﾎﾞｳﾙ（調理用・金属製以外）,不燃ごみ,,-,-,-,-
142034,ff0000000697,ﾎｰｽ,可燃ごみ,30cm以内に裁断してください。,-,-,-,-
142034,ff0000000698,ﾎｰｽﾘｰﾙ（金属製）,金属（資源再生物）,ﾎｰｽは外し、30㎝以内に裁断し、可燃ごみに出してください。,-,-,-,-
142034,ff0000000699,ﾎｰｽﾘｰﾙ（金属製以外）,不燃ごみ,ﾎｰｽは外し、30㎝以内に裁断し、可燃ごみに出してください。,-,-,-,-
142034,ff0000000700,ﾎﾟｰﾀﾌﾞﾙｶﾞｽｺﾝﾛ,金属（資源再生物）,,-,-,-,-
142034,ff0000000701,ﾎﾞｰﾙ,可燃ごみ,空気を抜いてください。,-,-,-,-
142034,ff0000000702,ﾎﾞｰﾙﾍﾟﾝ,不燃ごみ,,-,-,-,-
142034,ff0000000703,ﾎｰﾛｰ鍋,金属（資源再生物）,,-,-,-,-
142034,ff0000000704,保温剤,可燃ごみ,,-,-,-,-
142034,ff0000000705,補助記憶装置（ﾊｰﾄﾞﾃﾞｨｽｸ、USBﾒﾓﾘ、ﾒﾓﾘｰｶｰﾄﾞ）,小型家電,地区公民館及び中央公民館、市役所本館・別館、環境事業センター、リサイクルプラザ、資源回収センターに設置してある小型家電回収ボックスに投入してください。30cm超は不燃ごみへ。,-,-,-,-
142034,ff0000000706,ﾎﾞﾀﾝ型電池（形式記号SRまたはLR）,リサイクル,回収協力店へお持込みください。,-,-,-,-
142034,ff0000000707,ﾎﾁｷｽ,不燃ごみ,,-,-,-,-
142034,ff0000000708,ﾎﾁｷｽ針,金属（資源再生物）,缶に入れてください。,-,-,-,-
142034,ff0000000709,補聴器,小型家電,地区公民館及び中央公民館、市役所本館・別館、環境事業センター、リサイクルプラザ、資源回収センターに設置してある小型家電回収ボックスに投入してください。30cm超は不燃ごみへ。,-,-,-,-
142034,ff0000000710,ﾎﾟｯﾄ,不燃ごみ,,-,-,-,-
142034,ff0000000711,ﾎｯﾄｶｰﾍﾟｯﾄ,粗大ごみ,持ち込む場合は環境事業センターへ。,-,-,-,-
142034,ff0000000712,ﾎｯﾄｻﾝﾄﾞ機,小型家電,地区公民館及び中央公民館、市役所本館・別館、環境事業センター、リサイクルプラザ、資源回収センターに設置してある小型家電回収ボックスに投入してください。30cm超は不燃ごみへ。,-,-,-,-
142034,ff0000000713,ﾎｯﾄﾌﾟﾚｰﾄ,金属（資源再生物）,,-,-,-,-
142034,ff0000000714,哺乳瓶,不燃ごみ,,-,-,-,-
142034,ff0000000715,ﾎﾟﾘﾀﾝｸ,不燃ごみ,,-,-,-,-
142034,ff0000000716,ﾎﾟﾘﾊﾞｹﾂ,不燃ごみ,,-,-,-,-
142034,ff0000000717,ﾎﾟﾘ容器,不燃ごみ,,-,-,-,-
142034,ff0000000718,保冷剤,可燃ごみ,,-,-,-,-
142034,ff0000000719,ぼろ布,布類（資源再生物）,,-,-,-,-
142034,ff0000000720,ﾎﾜｲﾄﾎﾞｰﾄﾞ,不燃ごみ,,-,-,-,-
142034,ff0000000721,本,古紙類（資源再生物）,,-,-,-,-
142034,ff0000000722,本棚,粗大ごみ,50cm以内は不燃ごみへ。　持ち込む場合は粗大ごみ破砕処理場へ。,-,-,-,-
142034,ff0000000723,ﾏｲｸ,小型家電,地区公民館及び中央公民館、市役所本館・別館、環境事業センター、リサイクルプラザ、資源回収センターに設置してある小型家電回収ボックスに投入してください。30cm超は不燃ごみへ。,-,-,-,-
142034,ff0000000724,ﾏｲｸﾛﾎﾝ,小型家電,地区公民館及び中央公民館、市役所本館・別館、環境事業センター、リサイクルプラザ、資源回収センターに設置してある小型家電回収ボックスに投入してください。30cm超は不燃ごみへ。,-,-,-,-
142034,ff0000000725,ﾏｳｽ,小型家電,地区公民館及び中央公民館、市役所本館・別館、環境事業センター、リサイクルプラザ、資源回収センターに設置してある小型家電回収ボックスに投入してください。30cm超は不燃ごみへ。,-,-,-,-
142034,ff0000000726,まくら,可燃ごみ,,-,-,-,-
142034,ff0000000727,ﾏｼﾞｯｸｲﾝｷ,不燃ごみ,,-,-,-,-
142034,ff0000000728,ﾏｯｻｰｼﾞﾁｪｱ,粗大ごみ,持ち込む場合は粗大ごみ破砕処理場へ。,-,-,-,-
142034,ff0000000729,ﾏｯｻｰｼﾞ機,不燃ごみ,,-,-,-,-
142034,ff0000000730,ﾏｯﾁ,可燃ごみ,水に濡らしてください。,-,-,-,-
142034,ff0000000731,ﾏｯﾄﾚｽ（ｽﾌﾟﾘﾝｸﾞ入り）,粗大ごみ,持ち込む場合は粗大ごみ破砕処理場へ。,-,-,-,-
142034,ff0000000732,ﾏｯﾄﾚｽ（ｽﾌﾟﾘﾝｸﾞなし）,粗大ごみ,持ち込む場合は環境事業センターへ。,-,-,-,-
142034,ff0000000733,ﾏｯﾄﾚｽ（磁気入り）,粗大ごみ,磁石は取り除いてください。取り除いた磁石は、不燃ごみに出してください。持ち込む場合で、スプリング入は粗大ごみ破砕処理場へ。スプリングなしは環境事業センターへ。,-,-,-,-
142034,ff0000000734,まな板,不燃ごみ,,-,-,-,-
142034,ff0000000735,ﾏﾆｷｭｱのﾋﾞﾝ,不燃ごみ,中身を空にしてください。,-,-,-,-
142034,ff0000000736,ﾏﾌﾗｰ,布類（資源再生物）,汚れがひどい場合は可燃ごみへ。,-,-,-,-
142034,ff0000000737,ﾐｷｻｰ,小型家電,地区公民館及び中央公民館、市役所本館・別館、環境事業センター、リサイクルプラザ、資源回収センターに設置してある小型家電回収ボックスに投入してください。30cm超は不燃ごみへ。,-,-,-,-
142034,ff0000000738,ﾐｼﾝ（足踏み式）,粗大ごみ,持ち込む場合は粗大ごみ破砕処理場へ。,-,-,-,-
142034,ff0000000739,ﾐｼﾝ（ﾎﾟｰﾀﾌﾞﾙ）,不燃ごみ,,-,-,-,-
142034,ff0000000740,水着,布類（資源再生物）,汚れがひどい場合は可燃ごみへ。,-,-,-,-
142034,ff0000000741,水まくら,可燃ごみ,,-,-,-,-
142034,ff0000000742,ﾐﾆｺﾝﾎﾟ,不燃ごみ,,-,-,-,-
142034,ff0000000743,ﾐﾆﾃﾞｨｽｸ,不燃ごみ,,-,-,-,-
142034,ff0000000744,耳栓,可燃ごみ,,-,-,-,-
142034,ff0000000745,麦わら帽子,可燃ごみ,,-,-,-,-
142034,ff0000000746,虫かご,不燃ごみ,50cm超は粗大ごみへ。　持ち込む場合は粗大ごみ破砕処理場へ。,-,-,-,-
142034,ff0000000747,名刺,古紙類（資源再生物）,,-,-,-,-
142034,ff0000000748,めがね,不燃ごみ,,-,-,-,-
142034,ff0000000749,ﾒﾓ用紙,古紙類（資源再生物）,,-,-,-,-
142034,ff0000000750,毛布,布類（資源再生物）,雨の日には出さないでください。（濡れると資源になりません。）汚れがひどい場合は30cm以内に裁断して可燃ごみへ。,-,-,-,-
142034,ff0000000751,ﾓｰﾀｰ（水槽用・おもちゃ用）,不燃ごみ,,-,-,-,-
142034,ff0000000752,ﾓｰﾀｰ（水槽用・おもちゃ用以外）,処理困難物,販売店などの専門業者へご相談ください。,-,-,-,-
142034,ff0000000753,物置き（業者が入らないもの）,粗大ごみ,解体したものに限ります。持ち込む場合は粗大ごみ破砕処理場へ。,-,-,-,-
142034,ff0000000754,物干し竿,粗大ごみ,2mを超えないものに限ります。　持ち込む場合は粗大ごみ破砕処理場へ。,-,-,-,-
142034,ff0000000755,物干し台（コンクリート製の基礎なし）,粗大ごみ,持ち込む場合は粗大ごみ破砕処理場へ。,-,-,-,-
142034,ff0000000756,物干し台ﾌﾞﾛｯｸ,処理困難物,販売店などの専門業者へご相談ください。,-,-,-,-
142034,ff0000000757,やかん,金属（資源再生物）,,-,-,-,-
142034,ff0000000758,薬品,処理困難物,販売店などの専門業者へご相談ください。,-,-,-,-
142034,ff0000000759,郵便受（金属製）,金属（資源再生物）,,-,-,-,-
142034,ff0000000760,郵便受（金属製以外）,不燃ごみ,,-,-,-,-
142034,ff0000000761,浴衣,布類（資源再生物）,,-,-,-,-
142034,ff0000000762,ゆたんぽ（金属製）,金属（資源再生物）,,-,-,-,-
142034,ff0000000763,ゆたんぽ（金属製以外）,不燃ごみ,,-,-,-,-
142034,ff0000000764,指ｻｯｸ,可燃ごみ,,-,-,-,-
142034,ff0000000765,湯沸器,金属（資源再生物）,,-,-,-,-
142034,ff0000000766,養生ﾃｰﾌﾟ,可燃ごみ,,-,-,-,-
142034,ff0000000767,浴槽,処理困難物,販売店などの専門業者へご相談ください。,-,-,-,-
142034,ff0000000768,よしず,不燃ごみ,2m超は粗大ごみへ。　持ち込む場合は粗大ごみ破砕処理場へ。,-,-,-,-
142034,ff0000000769,ﾗｲﾀｰ,有害ごみ,乾電池ボックスに入れてください。　※不燃ごみと同じ収集日です。,-,-,-,-
142034,ff0000000770,ﾗｲﾀｰ（使い捨て）,有害ごみ,乾電池ボックスに入れてください。　※不燃ごみと同じ収集日です。,-,-,-,-
142034,ff0000000771,ﾗｹｯﾄ,不燃ごみ,,-,-,-,-
142034,ff0000000772,ﾗｼﾞｶｾ,小型家電,地区公民館及び中央公民館、市役所本館・別館、環境事業センター、リサイクルプラザ、資源回収センターに設置してある小型家電回収ボックスに投入してください。30cm超は不燃ごみへ。,-,-,-,-
142034,ff0000000773,ﾗｯﾌﾟ,可燃ごみ,,-,-,-,-
142034,ff0000000774,ﾗｯﾌﾟの芯,古紙類（資源再生物）,,-,-,-,-
142034,ff0000000775,ﾗﾐﾈｰﾀｰ,小型家電,地区公民館及び中央公民館、市役所本館・別館、環境事業センター、リサイクルプラザ、資源回収センターに設置してある小型家電回収ボックスに投入してください。30cm超は不燃ごみへ。,-,-,-,-
142034,ff0000000776,ﾗﾝﾄﾞｾﾙ,不燃ごみ,,-,-,-,-
142034,ff0000000777,ﾘｰﾙ（釣り具）,不燃ごみ,釣り糸は外し、30㎝以内に裁断して可燃ごみへ。,-,-,-,-
142034,ff0000000778,ﾘﾓｺﾝ,小型家電,地区公民館及び中央公民館、市役所本館・別館、環境事業センター、リサイクルプラザ、資源回収センターに設置してある小型家電回収ボックスに投入してください。30cm超は不燃ごみへ。,-,-,-,-
142034,ff0000000779,ﾘｭｯｸｻｯｸ,不燃ごみ,,-,-,-,-
142034,ff0000000780,ﾙｰﾑﾗﾝﾅｰ,粗大ごみ,持ち込む場合は粗大ごみ破砕処理場へ。,-,-,-,-
142034,ff0000000781,冷蔵庫,家電ﾘｻｲｸﾙ,家電ﾘｻｲｸﾙ法の対象です。,-,-,-,-
142034,ff0000000782,冷凍庫,家電ﾘｻｲｸﾙ,家電ﾘｻｲｸﾙ法の対象です。,-,-,-,-
142034,ff0000000783,冷風機,不燃ごみ,,-,-,-,-
142034,ff0000000784,ﾚｲﾝｺｰﾄ,可燃ごみ,30㎝以内に裁断してください。,-,-,-,-
142034,ff0000000785,ﾚｺｰﾄﾞ,不燃ごみ,,-,-,-,-
142034,ff0000000786,ﾚｺｰﾄﾞﾌﾟﾚｰﾔ,小型家電,地区公民館及び中央公民館、市役所本館・別館、環境事業センター、リサイクルプラザ、資源回収センターに設置してある小型家電回収ボックスに投入してください。30cm超は不燃ごみへ。,-,-,-,-
142034,ff0000000787,ﾚｰｻﾞｰﾎﾟｲﾝﾀｰ,小型家電,地区公民館及び中央公民館、市役所本館・別館、環境事業センター、リサイクルプラザ、資源回収センターに設置してある小型家電回収ボックスに投入してください。,-,-,-,-
142034,ff0000000788,ﾚｼｰﾄ（感熱紙）,可燃ごみ,,-,-,-,-
142034,ff0000000789,ﾚｼｰﾄ（感熱紙以外）,古紙類（資源再生物）,,-,-,-,-
142034,ff0000000790,ﾚｼﾞ袋,容器包装ﾌﾟﾗｽﾁｯｸ,,-,-,-,-
142034,ff0000000791,ﾚｼﾞｬｰｼｰﾄ,可燃ごみ,30㎝以内に裁断してください。,-,-,-,-
142034,ff0000000792,ﾚﾝｶﾞ,処理困難物,販売店などの専門業者へご相談ください。,-,-,-,-
142034,ff0000000793,ﾚﾝｹﾞ,不燃ごみ,,-,-,-,-
142034,ff0000000794,ﾚﾝｼﾞ台,粗大ごみ,持ち込む場合は粗大ごみ破砕処理場へ。,-,-,-,-
142034,ff0000000795,ﾚﾝｼﾞﾊﾟﾈﾙ,不燃ごみ,,-,-,-,-
142034,ff0000000796,ろうそく,可燃ごみ,30㎝以内に裁断してください。,-,-,-,-
142034,ff0000000797,ﾛｰﾌﾟ（縄）,可燃ごみ,30㎝以内に裁断してください。,-,-,-,-
142034,ff0000000798,ﾛｰﾗｰｽｹｰﾄ,不燃ごみ,,-,-,-,-
142034,ff0000000799,ﾛｯｶｰ（家庭用）,粗大ごみ,持ち込む場合は粗大ごみ破砕処理場へ。,-,-,-,-
142034,ff0000000800,ﾜｰﾌﾟﾛ,不燃ごみ,,,,,
142034,ff0000000801,ﾜｲｼｬﾂ,布類（資源再生物）,汚れがひどい場合は30cm以内に裁断して可燃ごみへ。,,,,
142034,ff0000000802,ﾜｲﾔｰ,金属（資源再生物）,,,,,
142034,ff0000000803,輪ｺﾞﾑ,可燃ごみ,,,,,
142034,ff0000000804,綿,可燃ごみ,,,,,
142034,ff0000000805,和服,布類（資源再生物）,汚れがひどい場合は30cm以内に裁断して可燃ごみへ。,,,,
