アイスクリームのカップ・フタ（紙製）,あいすくりーむのかっぷ・ふた（かみせい）,可燃ごみ,リサイクルに適さないため、古紙には出せません。
アイスクリームの外袋・容器・フタ（プラスチック製のもの）,あいすくりーむのそとぶくろ・ようき・ふた（ぷらすちっくせいのもの）,プラスチック製容器包装,"汚れを落としてください。汚れが落ちないものは可燃ごみに出してください。

"
アイスクリームの棒・スプーン,あいすくりーむのぼう・すぷーん,可燃ごみ,"

"
アイスピック,あいすぴっく,不燃ごみ,"紙に包むなど安全措置をして出してください。包んだものに内容物を記入してください。

"
アイロン,あいろん,不燃ごみ,"

"
アイロン台,あいろんだい,粗大ごみ,"

"
空き缶（飲料・食品用）,あきかん（いんりょう・しょくひんよう）,空き缶類,"軽く水洗いして出してください。錆びていたり、汚れが落ちないものは不燃ごみに出してください。飲食用以外のものは不燃ごみに出してください。

"
アクセサリー（金属・陶器･ｶﾞﾗｽ・ﾌﾟﾗｽﾁｯｸ製）,あくせさりー（きんぞく・とうき・がらす・ぷらすちっくせい）,不燃ごみ,"

"
アクセサリー（木製）,あくせさりー（もくせい）,可燃ごみ,"金具が付いているものは不燃ごみに出してください。

"
アクリル板,あくりるばん,不燃ごみ,"不燃ごみ指定袋に入らないものは粗大ごみに出してください。

"
アコーディオン,あこーでぃおん,不燃ごみ,"不燃ごみ指定袋に入らないものは粗大ごみに出してください。

"
アコーディオンカーテン,あこーでぃおんかーてん,粗大ごみ,"

"
足ふきマット（布製）,あしふきまっと,可燃ごみ,"珪藻土や金属でできているものは不燃ごみまたは粗大ごみに出してください。

"
アタッシュケース,あたっしゅけーす,不燃ごみ,"不燃ごみ指定袋に入らないものは粗大ごみに出してください。

"
アダプター（電源用）,あだぷたー（でんげんよう）,不燃ごみ,"

"
圧着はがき,あっちゃくはがき,可燃ごみ,"リサイクルに適さないため、古紙には出せません。

"
圧力鍋,あつりょくなべ,不燃ごみ,"

"
油こし器（金属製）,あぶらこしき（きんぞくせい）,不燃ごみ,"

"
油こし紙,あぶらこしし,可燃ごみ,"リサイクルに適さないため、古紙には出せません。

"
油はねガード（アルミ製）,あぶらはねがーど（あるみせい）,不燃ごみ,"

"
油よけ（コンロの周りに使用するもの）,あぶらよけ（こんろのまわりにしようするもの）,不燃ごみ,"

"
油（食用以外）,あぶら（しょくよういがい）,受け入れできないもの,"販売店などにご相談ください。

"
油（食用）,あぶら（しょくよう）,可燃ごみ,"新聞紙や布などに染み込ませるか、固化剤で固めてから出してください。
液体のままだと出せません。

"
油（食用）の缶,あぶら（しょくよう）のかん,スプレー缶類（燃料缶等を含む）,"キャップは外してください。
火災の原因になるため、汚れていたり、錆びていても不燃ごみには出せません。
中の油が残っていると収集・持込共にできません。油は新聞紙や布などに染み込ませるか、固化剤で固めてから可燃ごみに出してください。

"
油（食用）のびん,あぶら（しょくよう）のびん,不燃ごみ,"中の油が残っていると収集・持込共にできません。油は新聞紙や布などに染み込ませるか、固化剤で固めてから可燃ごみに出してください。

"
雨具（カッパ）,あまぐ（かっぱ）,可燃ごみ,"

"
雨どい,あまどい,粗大ごみ,"増改築などにより発生するものは、収集、持込共にできません。施工業者に処理を依頼してください。
持込はクリーンプラント・伊香クリーンプラザで１日１０枚まで受け付けます。

"
編み機,あみき,粗大ごみ,"

"
網戸の網（金属製）,あみどのあみ（きんぞくせい）,不燃ごみ,"不燃ごみ指定袋に入らないものは粗大ごみに出してください。

"
網戸の網（プラスチック製）,あみどのあみ（ぷらすちっくせい）,可燃ごみ,"

"
網戸・雨戸,あみど・あまど,粗大ごみ,"増改築などにより発生するものは、収集、持込共にできません。施工業者に処理を依頼してください。
持込はクリーンプラント・伊香クリーンプラザで１日１０枚まで受け付けます。

"
網（バーベキュー用）,あみ（ばーべきゅーよう）,不燃ごみ,"

"
あめの外袋・個包装（紙製）,あめのそとぶくろ・こほうそう（かみせい）,可燃ごみ,"リサイクルに適さないため、古紙には出せません。

"
あめの外袋・個包装（プラスチック製）,あめのそとぶくろ・こほうそう（ぷらすちっくせい）,プラスチック製容器包装,"汚れを落としてください。汚れが落ちないものは可燃ごみに出してください。

"
アルバム,あるばむ,可燃ごみ,"金具は不燃ごみに出してください。金具が外せない場合は不燃ごみに出してください。

"
アルミ缶（飲料・食品用）,あるみかん（いんりょう・しょくひんよう）,空き缶類,"軽く水洗いして出してください。錆びていたり、汚れが落ちないものは不燃ごみに出してください。飲食用以外のものは不燃ごみに出してください。

"
アルミコーティング袋（菓子・レトルト食品など）,あるみこーてぃんぐぶくろ（かし・れとるとしょくひんなど）,プラスチック製容器包装,"汚れを落としてください。汚れが落ちないものは可燃ごみに出してください。

"
アルミサッシ,あるみさっし,粗大ごみ,"増改築などにより発生するものは、収集、持込共にできません。施工業者に処理を依頼してください。
持込はクリーンプラント・伊香クリーンプラザで１日１０枚まで受け付けます。

"
アルミホイル製の鍋（使い捨て鍋、鍋焼きうどんの鍋）,あるみほいるせいのなべ（つかいすてなべ）,不燃ごみ,"材質がプラスチックではないため、プラスチック製容器包装では出せません。

"
アルミホイルの芯,あるみほいるのしん,古紙,"汚れたものは可燃ごみに出してください。

"
アルミホイルの外箱,あるみほいるのそとばこ,古紙,"汚れたものは可燃ごみに出してください。刃は取り外して不燃ごみに出してください。

"
アルミホイルの外箱の刃（金属製）,あるみほいるのそとばこのは（きんぞくせい）,不燃ごみ,"紙に包むなど安全措置をして出してください。包んだものに内容物を記入してください。

"
アルミホイル（アルミ箔）,あるみほいる（あるみはく）,不燃ごみ,"

"
あんか,あんか,不燃ごみ,"

"
安全靴,あんぜんぐつ,不燃ごみ,"

"
安全ピン,あんぜんぴん,不燃ごみ,"

"
アンテナ,あんてな,不燃ごみ,"不燃ごみ指定袋に入らないものは粗大ごみに出してください。

"
アンプ,あんぷ,粗大ごみ,"

"
石臼,いしうす,直接持込品目,"クリーンプラント・伊香クリーンプラザに直接持ち込んでください。

"
衣装ケース,いしょうけーす,粗大ごみ,"

"
いす,いす,不燃ごみ,"不燃ごみ指定袋に入らないものは粗大ごみに出してください。

"
いす（風呂用）,いす（ふろよう）,不燃ごみ,"

"
板ガラス,いたがらす,不燃ごみ,"紙に包むなど安全措置をして出してください。包んだものに内容物を記入してください。

"
一輪車（運搬用）のタイヤ,いちりんしゃのたいや,不燃ごみ,"

"
一輪車（運搬用）,いちりんしゃ（うんぱんよう）,粗大ごみ,"一輪車のタイヤのみを出される場合は不燃ごみに出してください。

"
一輪車（スポーツ用）,いちりんしゃ（すぽーつよう）,粗大ごみ,"

"
一升瓶,いっしょうびん,ガラスびん,"中身を空にして水洗いしてください。店舗回収などもご利用ください。

"
一斗缶（食品・飲料用）,いっとかん（しょくひん・いんりょうよう）,空き缶類,"軽く水洗いして出してください。錆びていたり、汚れが落ちないものは不燃ごみに出してください。
飲食用以外のものは不燃ごみに出してください。

"
糸・毛糸,いと・けいと,可燃ごみ,"リサイクルに適さないため、古布には出せません。

"
犬小屋,いぬごや,粗大ごみ,"

"
衣服・衣類,いふく・いるい,古布（古着）,"汚れ、破れ、傷みのひどいものは可燃ごみに出してください。

"
鋳物鍋,いものなべ,不燃ごみ,"

"
イヤホン・ヘッドフォン,いやほん・へっどふぉん,不燃ごみ,"ワイヤレスイヤホン・ワイヤレスヘッドホンは使用ずみ乾電池類に出してください。

"
衣類乾燥機,いるいかんそうき,家電リサイクル,"収集も持ち込みもできません。販売店や家電販売店に処理を依頼するか、郵便局でリサイクル料金を支払い、指定引き取り場所に持ち込んでください。

"
入れ歯,いれば,不燃ごみ,"

"
印鑑（金属・陶器・ガラス・石・プラスチック製）,いんかん（きんぞく・とうき・がらす・いし・ぷらすちっくせい）,不燃ごみ,"

"
印鑑（木製）,いんかん（もくせい）,可燃ごみ,"

"
インクカートリッジ（パソコンプリンター用）,いんくかーとりっじ（ぱそこんぷりんたーよう）,不燃ごみ,"店舗回収も利用してください。

"
インスタントコーヒーのびん,いんすたんとこーひーのびん,ガラスびん,"中身を空にして水洗いしてください。

"
インスタント食品の外袋・容器・フタ（ﾌﾟﾗｽﾁｯｸ製）,いんすたんとしょくひんのそとぶくろ・ようき・ふた（ぷらすちっくせい）,プラスチック製容器包装,"汚れを落としてください。汚れが落ちないものは可燃ごみに出してください。

"
インターフォン,いんたーふぉん,不燃ごみ,"

"
イーゼル,いーぜる,粗大ごみ,"不燃ごみ指定袋に入らないものは粗大ごみに出してください。

"
ウィッグ（つけ毛）,うぃっぐ（つけげ）,可燃ごみ,"

"
ウィンドブレーカー,うぃんどぶれーかー,古布（古着）,"汚れ、破れ、傷みのひどいものは可燃ごみに出してください。

"
ウインドサーフィンボード,ういんどさーふぃんぼーど,粗大ごみ,"

"
ウインドータイプのエアコン,ういんどーたいぷのえあこん,家電リサイクル,"収集も持ち込みもできません。販売店や家電販売店に処理を依頼するか、郵便局でリサイクル料金を支払い、指定引き取り場所に持ち込んでください。

"
ウインドーファン（冷風扇）,ういんどーふぁん（れいふうせん）,粗大ごみ,"

"
植木ばさみ,うえきばさみ,不燃ごみ,"紙に包むなど安全措置をして出してください。包んだものに内容物を記入してください。

"
植木鉢,うえきばち,不燃ごみ,"持ち込みはクリーンプラント・伊香クリーンプラザに1日土のう袋5袋まで受け付けます。

"
ウエストポーチ,うえすとぽーち,可燃ごみ,"リサイクルに適さないため、古布には出せません。

"
ウエットティッシュ,うえっとてぃっしゅ,可燃ごみ,"リサイクルに適さないため、古紙には出せません。

"
ウォーターサーバー,うぉーたーさーばー,粗大ごみ,"

"
ウォーターサーバーのペットボトル,うぉーたーさーばーのぺっとぼとる,ペットボトル,"汚れたものは可燃ごみに出してください。

"
ウォーターベッド,うぉーたーべっど,粗大ごみ,"水を抜いてから出してください。

"
浮き輪,うきわ,可燃ごみ,"

"
臼（うす）（木製）,うす（うす）（もくせい）,粗大ごみ,"

"
うちわ,うちわ,可燃ごみ,"

"
ウッドカーペット,うっどかーぺっと,粗大ごみ,"60㎏以上のものは直接持込品目となります。

"
腕時計,うでどけい,不燃ごみ,"

"
乳母車,うばぐるま,粗大ごみ,"

"
梅酒のびん,うめしゅのびん,不燃ごみ,"梅酒を作るためにびんを購入した場合、そのびんはリサイクルできない材質である可能性があるため、不燃ごみです。
びんの中に梅酒が入った状態で売られているものは資源ごみです。

"
羽毛布団,うもうぶとん,可燃性粗大ごみ,"クリスタルプラザ、伊香クリーンプラザに1日10枚まで持ち込めます。

"
上敷き（ゴザ）,うわじき（ござ）,可燃性粗大ごみ,"クリスタルプラザ、伊香クリーンプラザに1日10枚まで持ち込めます。

"
運動器具,うんどうきぐ,不燃ごみ,"不燃ごみ指定袋に入らないものは粗大ごみに出してください。

"
運動靴,うんどうぐつ,不燃ごみ,"金属部品がなく、布などの可燃物だけでできたものは可燃ごみに出してください。

"
エアコン,えあこん,家電リサイクル,"販売店や家電販売店に処理を依頼するか、郵便局でリサイクル料金を支払い、指定引き取り場所に持ち込んでください。

"
エアゾール缶,えあぞーるかん,スプレー缶類（燃料缶等を含む）,"キャップは外してください。
中身を空にして穴をあけてください。
火災の原因になるため、汚れていたり、錆びていても不燃ごみには出せません。

"
エアロバイク,えあろばいく・さいくりんぐましーん,粗大ごみ,"

"
エアーマット,えあーまっと,可燃ごみ,"

"
映写機,えいしゃき,不燃ごみ,"

"
栄養ドリンクのびん,えいようどりんくのびん,ガラスびん,"中身を空にして水洗いしてください。

"
液晶テレビ,えきしょうてれび,家電リサイクル,"販売店や家電販売店に処理を依頼するか、郵便局でリサイクル料金を支払い、指定引き取り場所に持ち込んでください。

"
枝きりばさみ,えだきりばさみ,不燃ごみ,"紙に包むなど安全措置をして出してください。包んだものに内容物を記入してください。

"
枝・葉類,えだ・はるい,可燃ごみ,"長さ50cm、太さ5㎝以内に切断してください。長さ・太さの制限を超える場合は収集・持ち込み共にできませんので、民間の木材処理業者などにご相談ください。

"
絵の具のチューブ（金属製）,えのぐのちゅーぶ（きんぞくせい）,不燃ごみ,"使い切って出してください。

"
絵の具のチューブ（プラ製）,えのぐのちゅーぶ（ぷらせい）,可燃ごみ,"

"
絵の具の箱（紙製）,えのぐのはこ（かみせい）,古紙,"汚れたものは可燃ごみに出してください。

"
絵の具の筆・パレット,えのぐのふで・ぱれっと,不燃ごみ,"

"
エプロン,えぷろん,古布（古着）,"汚れ、破れ、傷みのひどいものは可燃ごみに出してください。

"
絵本,えほん,古紙,"汚れたものは可燃ごみに出してください。

"
エレクトーン,えれくとーん,粗大ごみ,"

"
園芸用支柱（木、竹製）,えんげいようしちゅう（き、たけせい）,可燃ごみ,"長さ50cm、太さ5㎝以内に切断してください。長さ・太さの制限を超える場合は収集・持ち込み共にできませんので、民間の木材処理業者などにご相談ください。

"
園芸用支柱（金属・プラスチック製）,えんげいようしちゅう（きんぞく・ぷらすちっくせい）,不燃ごみ,"長さ50cm程度に切断または折り曲げてください。切断または折り曲げられないものは粗大ごみに出してください。

"
園芸用の土,えんげいようのつち,受け入れできないもの,"販売店などにご相談ください。

"
エンジンオイル,えんじんおいる,受け入れできないもの,"販売店などにご相談ください。

"
エンジンオイルの缶,えんじんおいるのかん,スプレー缶類（燃料缶等を含む）,"キャップは外してください。汚れていたり、錆びていても不燃ごみには出せません。火災の原因になります。

"
縁石,えんせき,受け入れできないもの,"販売店などにご相談ください。

"
塩素系洗剤の容器,えんそけいせんざいのようき,プラスチック製容器包装,"汚れを落としてください。汚れが落ちないものは可燃ごみに出してください。

"
延長コード,えんちょうこーど,不燃ごみ,"

"
塩ビパイプ,えんびぱいぷ,不燃ごみ,"不燃ごみに出す場合は長さ50cm、粗大ごみに出す時は長さ2ｍ程度に切断してください。増改築などにより発生するものは、収集、持込共にできません。施工業者に処理を依頼してください。

"
鉛筆削り器（電動・金属製手動・プラスチック製）,えんぴつけずりき（でんどう・きんぞくせいしゅどう・ぷらすちっくせい）,不燃ごみ,"

"
鉛筆・色鉛筆,えんぴつ・いろえんぴつ,可燃ごみ,"

"
鉛筆・色鉛筆のケース（紙製）,えんぴつ・いろえんぴつのけーす（かみせい）,古紙,"汚れたものは可燃ごみに出してください。

"
鉛筆・色鉛筆のケース（金属製）,えんぴつ・いろえんぴつのけーす（きんぞくせい）,不燃ごみ,"

"
オイル,おいる,受け入れできないもの,"販売店などにご相談ください。

"
オイル缶,おいるかん,スプレー缶類（燃料缶等を含む）,"キャップは外してください。汚れていたり、錆びていても不燃ごみには出せません。火災の原因になります。

"
オイルヒーター,おいるひーたー,粗大ごみ,"

"
応接セット（机・テーブル・いす）,おうせつせっと（つくえ・てーぶる・いす）,粗大ごみ,"

"
お菓子の空き箱・中仕切り（紙製）,おかしのあきばこ・なかじきり（かみせい）,古紙,"汚れたものは可燃ごみに出してください。

"
お菓子の缶（金属製）,おかしのかん（きんぞくせい）,空き缶類,"軽く水洗いして出してください。錆びていたり、汚れが落ちないものは不燃ごみに出してください。

"
お菓子の袋・箱の中仕切り（ﾌﾟﾗｽﾁｯｸ製）,おかしのふくろ・はこのなかじきり（ぷらすちっくせい）,プラスチック製容器包装,"汚れを落としてください。汚れが落ちないものは可燃ごみに出してください。

"
置時計,おきどけい,不燃ごみ,"電池は使用ずみ乾電池類に出してください。

"
桶,おけ,不燃ごみ,"不燃ごみ指定袋に入らないものは粗大ごみに出してください。

"
おしゃぶり,おしゃぶり,可燃ごみ,"

"
おたま（金属・陶器・ガラス・プラスチック製）,おたま（きんぞく・とうき・がらす・ぷらすちっくせい）,不燃ごみ,"

"
おたま（木製）,おたま（もくせい）,可燃ごみ,"

"
落ち葉・枯れ葉,おちば・かれは,可燃ごみ,"

"
お茶の葉・ティーパッグ,おちゃのは・てぃーぱっぐ,可燃ごみ,"

"
お手拭き,おてふき,可燃ごみ,"

"
お手拭きの外袋,おてふきのそとぶくろ,プラスチック製容器包装,"汚れを落としてください。汚れが落ちないものは可燃ごみに出してください。

"
斧（おの）,おの（おの）,直接持込品目,"クリーンプラント・伊香クリーンプラザに直接持ち込んでください。

"
おはじき（ガラス製・プラスチック製）,おはじき（がらすせい・ぷらすちっくせい）,不燃ごみ,"

"
帯,おび,可燃ごみ,"長さ1m程度に切断してください。

"
お盆（金属・陶器・プラスチック製）,おぼん（きんぞく・とうき・ぷらすちっくせい）,不燃ごみ,"

"
お盆（木製）,おぼん（もくせい）,可燃ごみ,"

"
おまる,おまる,不燃ごみ,"

"
おむつカバー,おむつかばー,可燃ごみ,"

"
おむつ(布、紙）,おむつ（ぬの、かみ）,可燃ごみ,"汚物は取り除いてください。

"
おもちゃの空き箱（紙製）,おもちゃのあきばこ（かみせい）,古紙,"汚れたものは可燃ごみに出してください。

"
おもちゃ（金属・陶器・ガラス・プラスチック製）,おもちゃ（きんぞく・とうき・がらす・ぷらすちっくせい）,不燃ごみ,"

"
おもちゃ（木製）,おもちゃ（もくせい）,可燃ごみ,"金具が付いているものは不燃ごみに出してください。

"
オルガン,おるがん,粗大ごみ,"

"
オルゴール,おるごーる,不燃ごみ,"

"
おろしがね（金属・陶器・プラスチック製）,おろしがね（きんぞく・とうき・ぷらすちっくせい）,不燃ごみ,"

"
おろしがね（木製）,おろしがね（もくせい）,可燃ごみ,"

"
おわん（金属・陶器・プラスチック製）,おわん（きんぞく・とうき・ぷらすちっくせい）,不燃ごみ,"

"
おわん（木製）,おわん（もくせい）,可燃ごみ,"

"
温度計(ガラス製）,おんどけい（がらすせい）,不燃ごみ,"水銀入りのものは収集には出せません。クリーンプラント、伊香クリーンプラザに直接持ち込んでください。

"
温度計(水銀入り),おんどけい（すいぎんいり）,直接持込品目,"クリーンプラント、伊香クリーンプラザに直接持ち込んでください。

"
温風ヒーター,おんぷうひーたー,粗大ごみ,"灯油を使用するものは不燃ごみには出せません。

"
オーディオラック,おーでぃおらっく,粗大ごみ,"

"
オートバイ（原付含む）,おーとばい（げんつきふくむ）,受け入れできないもの,"販売店または自動二輪車コールセンター（TEL:050-3000-0727）にご相談ください。

"
オーバーコート,おーばーこーと,古布（古着）,"汚れ、破れ、傷みのひどいものは可燃ごみに出してください。

"
オーブントースター,おーぶんとーすたー,不燃ごみ,"

"
オーブンレンジ,おーぶんれんじ,不燃ごみ,"不燃ごみ指定袋に入らないものは粗大ごみに出してください。

"
貝殻,かいがら,可燃ごみ,"

"
懐中電灯,かいちゅうでんとう,不燃ごみ,"電池は取り外して使用ずみ乾電池類に出してください。

"
買い物かご,かいものかご,不燃ごみ,"店名の書いてあるものはお店に返してください。

"
カイロ（使い捨て）,かいろ（つかいすて）,不燃ごみ,"

"
カイロ（使い捨て）の外袋,かいろ（つかいすて）のそとぶくろ,プラスチック製容器包装,"汚れを落としてください。汚れが落ちないものは可燃ごみに出してください。

"
鏡（鏡台）,かがみ（きょうだい）,不燃ごみ,"不燃ごみ指定袋に入らないものは粗大ごみに出してください。

"
牡蠣殻,かきがら,可燃ごみ,"

"
かき氷機,かきごおりき,不燃ごみ,"

"
鍵,かぎ,不燃ごみ,"

"
掛け時計,かけどけい,不燃ごみ,"

"
かさ,かさ,不燃ごみ,"一部分が指定袋から出ていても収集します。

"
火災報知器（家庭用）,かさいほうちき（かていよう）,不燃ごみ,"

"
かさ立て,かさだて,粗大ごみ,"

"
加湿器,かしつき,不燃ごみ,"

"
カセットコンロ,かせっとこんろ,不燃ごみ,"

"
カセット式ガスボンベ,かせっとしきがすぼんべ,スプレー缶類（燃料缶等を含む）,"キャップは外してください。
中身を空にして穴をあけてください。
火災の原因になるため、汚れていたり、錆びていても不燃ごみには出せません。

"
カセット式ガスボンベのキャップ（ﾌﾟﾗｽﾁｯｸ製）,かせっとしきがすぼんべのきゃっぷ（ぷらすちっくせい）,プラスチック製容器包装,"汚れを落としてください。汚れが落ちないものは可燃ごみに出してください。

"
カセットテープ（ケースを含む）,かせっとてーぷ（けーすをふくむ）,可燃ごみ,"テープ部分が処理施設の機械に巻き付き、故障の原因になりますので、可燃ごみです。

"
カセットデッキ,かせっとでっき,不燃ごみ,"不燃ごみ指定袋に入らないものは粗大ごみに出してください。

"
カタログ・パンフレット,かたろぐ・ぱんふれっと,古紙,"汚れたものは可燃ごみに出してください。

"
カッター（小刀）,かったー（こがたな）,不燃ごみ,"紙や布などに包むなど安全措置をしてください。

"
カッパ（雨具）,かっぱ（あまぐ）,可燃ごみ,"

"
カップ麺の具（かやく）・スープの袋,かっぷめんのぐ（かやく）・すーぷのふくろ,プラスチック製容器包装,"汚れを落としてください。汚れが落ちないものは可燃ごみに出してください。

"
カップ麺の外包装フィルム,かっぷめんのそとほうそうふぃるむ,プラスチック製容器包装,"汚れを落としてください。汚れが落ちないものは可燃ごみに出してください。

"
カップ麺の容器・フタ（紙製）,かっぷめんのようき・ふた（かみせい）,可燃ごみ,"リサイクルに適さないため、古紙には出せません。

"
カップ麺の容器・フタ（プラスチック製）,かっぷめんのようき・ふた（ぷらすちっくせい）,プラスチック製容器包装,"汚れを落としてください。汚れが落ちないものは可燃ごみに出してください。

"
かつら,かつら,可燃ごみ,"

"
蚊取りマット,かとりまっと,可燃ごみ,"

"
蚊取りマット機,かとりまっとき,不燃ごみ,"

"
かなづち（とんかち）,かなづち（とんかち）,不燃ごみ,"

"
かばん,かばん,不燃ごみ,"金属部品が付いていないもの（エコバックなど）は可燃ごみに出してください。

"
花瓶（金属・陶器・ガラス製）,かびん（きんぞく・とうき・がらすせい）,不燃ごみ,"

"
壁紙,かべがみ,可燃ごみ,"大きい物は１ｍ四方に切断してください。大量になる場合は事前にご相談ください。

"
釜（かま）,かま（かま）,不燃ごみ,"

"
鎌（かま）,かま（かま）,不燃ごみ,"

"
紙コップ,かみこっぷ,可燃ごみ,"リサイクルに適さないため、古紙には出せません。

"
紙皿,かみざら,可燃ごみ,"リサイクルに適さないため、古紙には出せません。

"
かみそり,かみそり,不燃ごみ,"カバーがない場合は安全措置をしてください。

"
紙ナプキン,かみなぷきん,可燃ごみ,"リサイクルに適さないため、古紙には出せません。

"
紙粘土,かみねんど,可燃ごみ,"

"
髪の毛,かみのけ,可燃ごみ,"

"
紙パック（内側が銀色のもの）,かみぱっく（うちがわがぎんいろのもの）,不燃ごみ,"

"
紙パック（内側が白いもの）,かみぱっく（うちがわがしろいもの）,紙パック,"切り開いて水洗いをしてください。集団回収やスーパーの店頭回収もご利用ください。汚れたものは可燃ごみに出してください。

"
紙ひも,かみひも,可燃ごみ,"

"
紙袋,かみぶくろ,古紙,"汚れたものは可燃ごみに出してください。

"
紙やすり,かみやすり,可燃ごみ,"リサイクルに適さないため、古紙には出せません。

"
カメラのケース（皮革・布製）,かめらのけーす（ひかく・ぬのせい）,可燃ごみ,"

"
カメラのフィルム（ケースを含む）,かめらのふぃるむ（けーすをふくむ）,可燃ごみ,"

"
カメラ・デジタルカメラ,かめら・でじたるかめら,不燃ごみ,"電池は使用ずみ乾電池類に出してください。

"
蚊帳,かや,可燃ごみ,"

"
からしのチューブ・フタ,からしのちゅーぶ・ふた,可燃ごみ,"

"
カラーコーン,からーこーん,不燃ごみ,"不燃ごみ指定袋に入らないものは粗大ごみに出してください。

"
カラーボックス,からーぼっくす,粗大ごみ,"

"
軽石,かるいし,不燃ごみ,"

"
カレンダー,かれんだー,古紙,"汚れたものは可燃ごみに出してください。

"
カレンダーのとじ部分（金属製）,かれんだーのとじぶぶん（きんぞくせい）,不燃ごみ,"

"
革製品（靴）,かわせいひん（くつ）,不燃ごみ,"金属部品がなく、布などの可燃物だけでできたものは可燃ごみに出してください。

"
革製品（ジャンパー・ズボン）,かわせいひん（じゃんぱー・ずぼん）,古布（古着）,"汚れ、破れ、傷みのひどいものは可燃ごみに出してください。

"
皮むき器,かわむきき,不燃ごみ,"

"
瓦,かわら,直接持込品目,"クリーンプラント、伊香クリーンプラザに直接持ち込んでください。土のう袋5袋程度まで受け付けます。

"
簡易式洋式便座（プラスチック製）,かんいしきようしきべんざ（ぷらすちっくせい）,粗大ごみ,"

"
換気扇,かんきせん,不燃ごみ,"不燃ごみ指定袋に入らないものは粗大ごみに出してください。

"
缶切、缶切器（金属製）,かんきり、かんきりき（きんぞくせい）,不燃ごみ,"

"
感光紙,かんこうし,可燃ごみ,"

"
緩衝材（その他）,かんしょうざい（そのた）,可燃ごみ,"

"
緩衝材（プラスチック）,かんしょうざい（ぷらすちっく）,プラスチック製容器包装,"汚れを落としてください。汚れが落ちないものは可燃ごみに出してください。

"
乾燥剤,かんそうざい,可燃ごみ,"

"
缶詰缶(フタ)（飲料・食品用）,かんづめかん（ふた）（いんりょう・しょくひんよう）,空き缶類,"軽く水洗いして出してください。錆びていたり、汚れが落ちないものは不燃ごみに出してください。

"
乾電池,かんでんち,使用ずみ乾電池類,"販売店回収も利用してください。汚れていたり、錆びていても不燃ごみには出せません。火災の原因になります。

"
カンナ,かんな,不燃ごみ,"

"
感熱紙,かんねつし,可燃ごみ,"リサイクルに適さないため、古紙には出せません。

"
観葉植物,かんようしょくぶつ,可燃ごみ,"長さ50cm、太さ5cm以内に切断してください。切断ができない場合は収集・持込共にできませんので、民間の木材処理業者などにご相談ください。

"
缶（飲料・食品用）,かん（いんりょう・しょくひんよう）,空き缶類,"軽く水洗いして出してください。錆びていたり、汚れが落ちないものは不燃ごみに出してください。飲食用以外のものは不燃ごみに出してください。

"
カーテン類(レース含む）,かーてんるい（れーすふくむ）,古布（古着）,"汚れ、破れ、傷みのひどいものは可燃ごみに出してください。

"
カーテンレール,かーてんれーる,粗大ごみ,"

"
カード類,かーどるい,不燃ごみ,"紙製のものは可燃ごみに出してください。

"
カーナビ・カーコンポ,かーなび・かーこんぽ,不燃ごみ,"

"
カーペットローラー,かーぺっとろーらー,不燃ごみ,"

"
カーペットローラーの粘着テープ,かーぺっとろーらーのねんちゃくてーぷ,可燃ごみ,"

"
カーペット(電気カーペットは除く）,かーぺっと（でんきかーぺっとはのぞく）,可燃性粗大ごみ,"クリスタルプラザ、伊香クリーンプラザに1日10枚まで持ち込めます。
電気カーペットはクリーンプラント・伊香クリーンプラザに持ち込んでください。

"
カーボン紙,かーぼんし,可燃ごみ,"リサイクルに適さないため、古紙には出せません。

"
学習机,がくしゅうつくえ,粗大ごみ,"

"
額縁,がくぶち,不燃ごみ,"不燃ごみ指定袋に入らないものは粗大ごみに出してください。

"
ガスコンロ・ガステーブル,がすこんろ・がすてーぶる,粗大ごみ,"

"
ガスストーブ,がすすとーぶ,不燃ごみ,"不燃ごみ指定袋に入らないものは粗大ごみに出してください。

"
ガスファンヒーター,がすふぁんひーたー,不燃ごみ,"不燃ごみ指定袋に入らないものは粗大ごみに出してください。

"
ガスボンベ（LPガス）,がすぼんべ（ＬＰがす）,受け入れできないもの,"販売店、滋賀県ＬＰガス協会（TEL:077-526-0577）などにご相談ください。

"
ガスマット（レンジカバー）,がすまっと（れんじかばー）,不燃ごみ,"

"
ガスレンジ・ガスオーブン・ガスオーブンレンジ,がすれんじ・がすおーぶん・がすおーぶんれんじ,粗大ごみ,"不燃ごみに納まるものは不燃ごみに出してください。

"
ガソリン,がそりん,受け入れできないもの,"販売店・専門処理業者などに相談してください。

"
画鋲（がびょう）,がびょう（がびょう）,不燃ごみ,"

"
ガム,がむ,可燃ごみ,"

"
ガムテープ,がむてーぷ,可燃ごみ,"

"
ガムの紙製の包装（外包・個包装）,がむのかみせいのほうそう（そとほう・こほうそう）,可燃ごみ,"リサイクルに適さないため、古紙には出せません。

"
画用紙,がようし,古紙,"汚れたものは可燃ごみに出してください。

"
ガラスクリーナーのスプレー缶,がらすくりーなーのすぷれーかん,スプレー缶類（燃料缶等を含む）,"キャップは外してください。中身を空にして穴をあけてください。汚れていたり、錆びていても不燃ごみには出せません。火災の原因になります。

"
ガラスクリーナー（ポンプ式）の容器,がらすくりーなー（ぽんぷしき）のようき,プラスチック製容器包装,"汚れを落としてください。汚れが落ちないものは可燃ごみに出してください。

"
ガラスびん（飲料・食品用）,がらすびん（いんりょう・しょくひんよう）,ガラスびん,"中身を空にして水洗いしてください。飲料・食品用以外のびんは不燃ごみに出してください。

"
ガラス類,がらするい,不燃ごみ,"紙に包むなど安全措置をして出してください。包んだものに内容物を記入してください。

"
がれき類,がれきるい,直接持込品目,"クリーンプラント、伊香クリーンプラザに直接持ち込んでください。土のう袋5袋程度まで受け付けます。

"
ガーゼ,がーぜ,可燃ごみ,"

"
木くず,きくず,可燃ごみ,"長さ50cm、太さ5㎝以内に切断してください。長さ・太さの制限を超える場合は収集・持ち込み共にできませんので、民間の木材処理業者などにご相談ください。

"
キッチンガード（アルミ製）,きっちんがーど（あるみせい）,不燃ごみ,"

"
キッチンタオルペーパー,きっちんたおるぺーぱー,可燃ごみ,"

"
木槌（きづち）,きづち（きづち）,可燃ごみ,"

"
杵（きね）,きね（きね）,粗大ごみ,"

"
木の幹・根,きのみき・ね,可燃ごみ,"長さ50cm、太さ5cm以内に切断してください。切断ができない場合は収集・持込共にできませんので、民間の木材処理業者などにご相談ください。

"
着物,きもの,古布（古着）,"汚れ、破れ、傷みのひどいものは可燃ごみに出してください。

"
着物の帯,きもののおび,可燃ごみ,"長さ1m程度に切断してください。

"
脚立,きゃたつ,粗大ごみ,"

"
キャップ・ふた（金属製）,きゃっぷ・ふた（きんぞくせい）,不燃ごみ,"

"
キャップ・ふた（プラスチック製）,きゃっぷ・ふた（ぷらすちっくせい）,プラスチック製容器包装,"汚れを落としてください。汚れが落ちないものは可燃ごみに出してください。

"
キャビネット,きゃびねっと,粗大ごみ,"

"
キャリア（車載用）,きゃりあ（しゃさいよう）,粗大ごみ,"

"
キャリーバッグ,きゃりーばっぐ,粗大ごみ,"不燃ごみ指定袋に納まる小さなものは不燃ごみに出してください。

"
救急箱・薬箱,きゅうきゅうばこ・くすりばこ,不燃ごみ,"

"
球根,きゅうこん,可燃ごみ,"

"
急須（陶器・ガラス製）,きゅうす（とうき・がらすせい）,不燃ごみ,"

"
給湯器（台所用）,きゅうとうき（だいどころよう）,粗大ごみ,"

"
給油ポンプ(電動、手動）,きゅうゆぽんぷ（でんどう、しゅどう）,不燃ごみ,"電池は使用ずみ乾電池類に出してください。

"
教科書,きょうかしょ,古紙,"汚れたものは可燃ごみに出してください。

"
鏡台（ドレッサー）,きょうだい（どれっさー）,粗大ごみ,"

"
きり,きり,不燃ごみ,"紙に包むなど安全措置をして出してください。包んだものに内容物を記入してください。

"
キルティング生地の布,きるてぃんぐきじのぬの,可燃ごみ,"長いものは１ｍ程度に切断してください。

"
金魚鉢,きんぎょばち,不燃ごみ,"

"
金庫（耐火）,きんこ（たいか）,受け入れできないもの,"販売店などにご相談ください。

"
金庫（手提げ用）,きんこ（てさげよう）,不燃ごみ,"

"
キーケース,きーけーす,可燃ごみ,"金具が付いているものは不燃ごみに出してください。

"
キーホルダー,きーほるだー,不燃ごみ,"

"
キーホルダー（金属製以外）,きーほるだー（きんぞくせいいがい）,可燃ごみ,"金具が付いているものは不燃ごみに出してください。

"
キーボード（楽器）,きーぼーど（がっき）,粗大ごみ,"

"
キーボード（パソコン用）,きーぼーど（ぱそこんよう）,不燃ごみ,"

"
ギター,ぎたー,粗大ごみ,"

"
ギターケース,ぎたーけーす,粗大ごみ,"

"
牛乳パック（内側が白いもの）,ぎゅうにゅうぱっく（うちがわがしろいもの）,紙パック,"集団回収やスーパーの店頭回収もご利用ください。汚れたものは可燃ごみに出してください。

"
牛乳びん,ぎゅうにゅうびん,受け入れできないもの,"リターナブルびんは販売店などにご相談ください。

"
牛乳びんのフタ（紙製）,ぎゅうにゅうびんのふた（かみせい）,可燃ごみ,"リサイクルに適さないため、古紙には出せません。

"
牛乳びんのフタ（プラスチック製）,ぎゅうにゅうびんのふた（ぷらすちっくせい）,プラスチック製容器包装,"汚れを落としてください。汚れが落ちないものは可燃ごみに出してください。

"
空気入れ（自転車用）,くうきいれ（じてんしゃよう）,不燃ごみ,"

"
空気清浄機,くうきせいじょうき,不燃ごみ,"不燃ごみ指定袋に入らないものは粗大ごみに出してください。

"
くぎ,くぎ,不燃ごみ,"紙に包むなど安全措置をして出してください。包んだものに内容物を記入してください。

"
草刈り機・芝刈り機,くさかりき・しばかりき,直接持込品目,"クリーンプラント、伊香クリーンプラザに直接持ち込んでください。

"
鎖,くさり,直接持込品目,"クリーンプラント、伊香クリーンプラザに直接持ち込んでください。

"
草・花,くさ・はな,可燃ごみ,"

"
串（金属製）,くし（きんぞくせい）,不燃ごみ,"紙に包むなど安全措置をして出してください。包んだものに内容物を記入してください。

"
櫛（プラスチック製）,くし（ぷらすちっくせい）,不燃ごみ,"

"
櫛（木製）,くし（もくせい）,可燃ごみ,"金属製・プラスチック製のものは不燃ごみに出してください。

"
串（焼き鳥、だんごの竹串）,くし（やきとり、だんごのたけぐし）,可燃ごみ,"

"
薬のびん（飲み薬以外）,くすりのびん（のみぐすりいがい）,不燃ごみ,"

"
薬のびん（飲み薬用）,くすりのびん（のみぐすりよう）,ガラスびん,"中身を空にして水洗いしてください。飲料・食品用以外のびんは不燃ごみに出してください。

"
薬の容器・フタ（プラスチック製）,くすりのようき・ふた（ぷらすちっくせい）,プラスチック製容器包装,"汚れを落としてください。汚れが落ちないものは可燃ごみに出してください。

"
薬箱・救急箱,くすりばこ・きゅうきゅうばこ,不燃ごみ,"

"
薬袋,くすりぶくろ,可燃ごみ,"

"
薬（錠剤、カプセル等）,くすり（じょうざい、かぷせるなど）,可燃ごみ,"

"
薬（錠剤、カプセル等）の包装シート,くすり（じょうざい、かぷせるなど）のほうそうしーと,プラスチック製容器包装,"汚れを落としてください。汚れが落ちないものは可燃ごみに出してください。

"
くだもの、くだものの皮,くだもの、くだもののかわ,可燃ごみ,"

"
くだものパック・ラップ・ネット,くだものぱっく・らっぷ・ねっと,プラスチック製容器包装,"汚れを落としてください。汚れが落ちないものは可燃ごみに出してください。

"
口紅の容器,くちべにのようき,可燃ごみ,"

"
クッキングヒーター・電磁調理器,くっきんぐひーたー・でんじちょうりき,不燃ごみ,"

"
クッキングペーパー,くっきんぐぺーぱー,可燃ごみ,"

"
クッション,くっしょん,可燃ごみ,"

"
クッションカバー,くっしょんかばー,可燃ごみ,"

"
靴,くつ,不燃ごみ,"金属部品がなく、布などの可燃物だけでできたものは可燃ごみに出してください。

"
靴下（一組ごと）,くつした（ひとくみごと）,古布（古着）,"汚れ、破れ、傷みのひどいものは可燃ごみに出してください。

"
靴の空き箱・紙製のつめもの,くつのあきばこ・かみせいのつめもの,古紙,"汚れたものは可燃ごみに出してください。

"
靴の中に入れてあるプラスチック製のつめもの,くつのなかにいれてあるぷらすちっくせいのつめもの,プラスチック製容器包装,"汚れを落としてください。
汚れが落ちないものは可燃ごみに出してください。

"
靴べら（金属・プラスチック製）,くつべら（きんぞく・ぷらすちっくせい）,不燃ごみ,"

"
靴べら（木製）,くつべら（もくせい）,可燃ごみ,"

"
首輪,くびわ,不燃ごみ,"

"
熊手,くまで,不燃ごみ,"不燃ごみ指定袋に入らないものは粗大ごみに出してください。

"
クリアファイル,くりあふぁいる,可燃ごみ,"

"
クリップ（金属製）,くりっぷ（きんぞくせい）,不燃ごみ,"

"
クリーニングの紙袋、台紙,くりーにんぐのかみぶくろ、だいし,古紙,"汚れたものは可燃ごみに出してください。

"
クリーニングの袋,くりーにんぐのふくろ,可燃ごみ,"プラスチック製容器包装では出せません。

"
車椅子,くるまいす,粗大ごみ,"

"
クレジットカード,くれじっとかーど,不燃ごみ,"裁断処理をしてから不燃ごみに出してください。

"
クレヨン,くれよん,可燃ごみ,"

"
クレヨンケース・中敷（紙製）,くれよんけーす・なかじき（かみせい）,古紙,"汚れたものは可燃ごみに出してください。

"
クレヨンケース・中敷（プラスチック製）,くれよんけーす・なかじき（ぷらすちっくせい）,プラスチック製容器包装,"汚れを落としてください。
汚れが落ちないものは可燃ごみに出してください。

"
鍬（くわ）,くわ（くわ）,粗大ごみ,"不燃ごみ指定袋に納まる大きさのものは不燃ごみに出してください。

"
クーラーボックス,くーらーぼっくす,不燃ごみ,"不燃ごみ指定袋に入らないものは粗大ごみに出してください。

"
クーラー(室外機）,くーらー（しつがいき）,家電リサイクル,"収集も持ち込みもできません。販売店や家電販売店に処理を依頼するか、郵便局でリサイクル料金を支払い、指定引き取り場所に持ち込んでください。

"
グローブ,ぐろーぶ,可燃ごみ,"

"
グローランプ（球）,ぐろーらんぷ（たま）,不燃ごみ,"

"
軍手,ぐんて,可燃ごみ,"

"
蛍光灯・電球の外箱,けいこうとう・でんきゅうのそとばこ,古紙,"汚れたものは可燃ごみに出してください。

"
蛍光灯（ボール型）・蛍光管,けいこうとう（ぼーるがた）・けいこうかん,使用ずみ蛍光管,"ＬＥＤ電球、白熱球、グロー球は不燃ごみに出してください。
収集は粗大ごみの収集日です。資源ごみの収集日には収集しません。

"
蛍光ペン,けいこうぺん,不燃ごみ,"

"
珪藻土のマット,けいそうどのまっと,不燃ごみ,"アスベストが含まれている商品は販売店にご相談ください。

"
携帯電話,けいたいでんわ,不燃ごみ,"バッテリーは使用ずみ乾電池類に出してください。

"
携帯電話のバッテリー,けいたいでんわのばってりー,使用ずみ乾電池類,"販売店回収も利用してください。
汚れていたり、錆びていても不燃ごみには出せません。火災の原因になります。

"
毛糸・糸,けいと・いと,可燃ごみ,"

"
計量カップ・計量スプーン（プラスチック・金属・陶器・ガラス製）,けいりょうかっぷ・けいりょうすぷーん（ぷらすちっく・きんぞく・とうき・がらすせい）,不燃ごみ,"

"
計量カップ・計量スプーン（木）,けいりょうかっぷ・すぷーん（もくせい）,可燃ごみ,"

"
計量はかり(キッチンスケール）,けいりょうはかり（きっちんすけーる）,不燃ごみ,"電池は取り除いてください。

"
毛皮,けがわ,可燃ごみ,"可燃ごみ指定袋に入らないものは可燃性粗大ごみで出してください。

"
消しゴム,けしごむ,可燃ごみ,"

"
化粧台,けしょうだい,粗大ごみ,"60㎏以上のものは直接持込品目となります。

"
化粧箱(木・布製),けしょうばこ（き・ぬのせい）,可燃ごみ,"

"
化粧品の紙箱,けしょうひんのかみばこ,古紙,"汚れたものは可燃ごみに出してください。

"
化粧品のびん,けしょうひんのびん,不燃ごみ,"ガラスびんには出せません。

"
化粧品のびんのフタ（プラスチック製）,けしょうひんのびんのふた（ぷらすちっくせい）,プラスチック製容器包装,"汚れを落としてください。
汚れが落ちないものは可燃ごみに出してください。

"
化粧品の容器（金属製）,けしょうひんのようき（きんぞくせい）,不燃ごみ,"

"
ケチャップの外袋,けちゃっぷのそとぶくろ,プラスチック製容器包装,"汚れを落としてください。
汚れが落ちないものは可燃ごみに出してください。

"
ケチャップの容器・フタ,けちゃっぷのようき・ふた,プラスチック製容器包装,"汚れを落としてください。
汚れが落ちないものは可燃ごみに出してください。

"
血圧計(水銀入り手動式）,けつあつけい（すいぎんいりしゅどうしき）,直接持込品目,"クリーンプラント、伊香クリーンプラザに直接持ち込んでください。

"
血圧計(デジタル式）,けつあつけい（でじたるしき）,不燃ごみ,"

"
毛抜き,けぬき,不燃ごみ,"

"
剣山,けんざん,不燃ごみ,"紙に包むなど安全措置をして出してください。包んだものに内容物を記入してください。

"
顕微鏡,けんびきょう,不燃ごみ,"

"
下駄,げた,可燃ごみ,"

"
下駄箱,げたばこ,粗大ごみ,"

"
玄関マット,げんかんまっと,不燃ごみ,"布製のものは可燃ごみに出してください。
金属製・プラスチック製のものは不燃ごみに出してください。

"
原動機付自転車,げんどうきつきじてんしゃ,受け入れできないもの,"販売店などにご相談ください。

"
ゲージ（プラスチック製）,げーじ（ぷらすちっくせい）,不燃ごみ,"不燃ごみ指定袋に入らないものは粗大ごみに出してください。

"
ゲージ（木製）,げーじ（もくせい）,粗大ごみ,"

"
ゲートボールのスティック,げーとぼーるのすてぃっく,不燃ごみ,"不燃ごみ指定袋に入らないものは粗大ごみに出してください。

"
ゲーム機,げーむき,不燃ごみ,"電池は取り除いてください。

"
ゲームソフト,げーむそふと,不燃ごみ,"

"
こいのぼり,こいのぼり,可燃ごみ,"金具は取り外してください。

"
こいのぼりのポール,こいのぼりのぽーる,粗大ごみ,"

"
高圧清浄機,こうあつせいじょうき,不燃ごみ,"不燃ごみ指定袋入らないものは粗大ごみに出してください。
家庭用のものに限ります。

"
工具箱（金属製）,こうぐばこ（きんぞくせい）,不燃ごみ,"

"
広告・ちらし,こうこく・ちらし,古紙,"汚れたものは可燃ごみに出してください。

"
紅茶（ティーバッグ）,こうちゃ（てぃーばっぐ）,可燃ごみ,"

"
紅茶（ティーバッグ）の個包装紙,こうちゃ（てぃーばっぐ）のこほうそうし,可燃ごみ,"リサイクルに適さないため、古紙には出せません。

"
紅茶（ティーバッグ）の外箱,こうちゃ（てぃーばっぐ）のそとばこ,古紙,"汚れたものは可燃ごみに出してください。

"
氷枕,こおりまくら,可燃ごみ,"

"
氷枕（水枕）,こおりまくら（すいまくら）,可燃ごみ,"

"
小型船舶,こがたせんぱく,受け入れできないもの,"販売店などにご相談ください。

"
固形燃料の缶,こけいねんりょうのかん,スプレー缶類（燃料缶等を含む）,"キャップは外してください。汚れていたり、錆びていても不燃ごみには出せません。火災の原因になります。

"
こたつ掛けぶとん,こたつかけぶとん,可燃性粗大ごみ,"クリスタルプラザ、伊香クリーンプラザに1日10枚まで持ち込めます。

"
こたつ・こたつ板,こたつ・こたついた,粗大ごみ,"

"
コップ（ガラス・陶器・金属・プラスチック製）,こっぷ（がらす・とうき・きんぞく・ぷらすちっくせい）,不燃ごみ,"ガラス製のコップは材質が異なるため、資源ごみには出せません。

"
コップ（木製）,こっぷ（もくせい）,可燃ごみ,"

"
粉ミルクの缶,こなみるくのかん,空き缶類,"軽く水洗いして出してください。錆びていたり、汚れが落ちないものは不燃ごみに出してください。

"
粉ミルクの缶のフタ（プラスチック製）,こなみるくのかんのふた（ぷらすちっくせい）,プラスチック製容器包装,"汚れを落としてください。
汚れが落ちないものは可燃ごみに出してください。

"
コピー機（家庭用）,こぴーき（かていよう）,粗大ごみ,"

"
コピー用紙,こぴーようし,古紙,"汚れたものは可燃ごみに出してください。

"
米ぬか,こめぬか,可燃ごみ,"少量ずつ出してください。

"
米びつ,こめびつ,粗大ごみ,"

"
米袋（紙製）,こめぶくろ（かみせい）,古紙,"汚れたものは可燃ごみに出してください。

"
米袋（プラスチック製）,こめぶくろ（ぷらすちっくせい）,プラスチック製容器包装,"汚れを落としてください。
汚れが落ちないものは可燃ごみに出してください。

"
米保冷庫,こめほれいこ,不燃ごみ,"フロンガスが混入されているものは収集も持ち込みもできません。販売店などにご相談ください。

"
コルク栓,こるくせん,可燃ごみ,"

"
コルク抜き,こるくぬき,不燃ごみ,"

"
コンクリートブロック,こんくりーとぶろっく,直接持込品目,"クリーンプラント、伊香クリーンプラザに直接持ち込んでください。土のう袋5袋程度まで受け付けます。

"
コンタクトレンズ,こんたくとれんず,可燃ごみ,"

"
コンタクトレンズのケース,こんたくとれんずのけーす,可燃ごみ,"

"
コンパクト,こんぱくと,不燃ごみ,"

"
コンパス（文房具）,こんぱす（ぶんぼうぐ）,不燃ごみ,"

"
コンビニ弁当などの容器（プラスチック製）,こんびにべんとうなどのようき（ぷらすちっくせい）,プラスチック製容器包装,"汚れを落としてください。
汚れが落ちないものは可燃ごみに出してください。

"
梱包ひも,こんぽうひも,可燃ごみ,"

"
コンポスト,こんぽすと,不燃ごみ,"不燃ごみ指定袋に入らないものは粗大ごみに出してください。

"
コンポ(オーディオシステム）,こんぽ（おーでぃおしすてむ）,粗大ごみ,"

"
コンロ（卓上コンロ、カセットコンロ）,こんろ（たくじょうこんろ、かせっとこんろ）,不燃ごみ,"不燃ごみ指定袋に入らないものは粗大ごみに出してください。

"
コーキングガン,こーきんぐがん,不燃ごみ,"

"
コーキング材・容器,こーきんぐざい・ようき,可燃ごみ,"

"
コート掛け,こーとかけ,粗大ごみ,"

"
コート（オーバーコート）,こーと（おーばーこーと）,古布（古着）,"汚れ、破れ、傷みのひどいものは可燃ごみに出してください。

"
コード,こーど,不燃ごみ,"

"
コードリール,こーどりーる,不燃ごみ,"不燃ごみ指定袋に入らないものは粗大ごみに出してください。

"
コーヒーがら及びフィルター,こーひーがらおよびふぃるたー,可燃ごみ,"水切りをしてください。

"
コーヒーのびんの内ブタ（紙製）,こーひーのびんのうちぶた（かみせい）,可燃ごみ,"

"
コーヒーのびんのフタ（プラスチック製）,こーひーのびんのふた（ぷらすちっくせい）,プラスチック製容器包装,"汚れを落としてください。
汚れが落ちないものは可燃ごみに出してください。

"
コーヒーのびん（インスタント）,こーひーのびん（いんすたんと）,ガラスびん,"中身を空にして水洗いしてください。

"
コーヒーメーカー,こーひーめーかー,不燃ごみ,"

"
碁石,ごいし,不燃ごみ,"

"
５月人形,ごがつにんぎょう,不燃ごみ,"不燃ごみ指定袋に入らないものは粗大ごみに出してください。

"
ござ（室内用）,ござ（しつないよう）,可燃性粗大ごみ,"クリスタルプラザ、伊香クリーンプラザに1日10枚まで持ち込めます。

"
碁盤,ごばん,粗大ごみ,"

"
ごみ箱,ごみばこ,不燃ごみ,"

"
ゴム手袋・ゴム長靴,ごむてぶくろ・ごむながぐつ,不燃ごみ,"

"
ゴムボート,ごむぼーと,粗大ごみ,"

"
ゴルフクラブ・バック,ごるふくらぶ・ばっく,粗大ごみ,"

"
ゴルフボール,ごるふぼーる,可燃ごみ,"

"
ゴーグル,ごーぐる,不燃ごみ,"

"
サイクリングマシーン,さいくりんぐましーん,粗大ごみ,"

"
サイドボード,さいどぼーど,粗大ごみ,"

"
作業着,さぎょうぎ,古布（古着）,"汚れ、破れ、傷みのひどいものは可燃ごみに出してください。

"
酒パックのキャップ,さけぱっくのきゃっぷ,プラスチック製容器包装,"汚れを落としてください。
汚れが落ちないものは可燃ごみに出してください。

"
酒パック（内側がアルミ箔）,さけぱっく（うちがわがあるみはく）,不燃ごみ,"

"
サッカーボール,さっかーぼーる,可燃ごみ,"

"
殺虫剤のスプレー缶,さっちゅうざいのすぷれーかん,スプレー缶類（燃料缶等を含む）,"キャップは外してください。中身を空にして穴をあけてください。汚れていたり、錆びていても不燃ごみには出せません。火災の原因になります。

"
錆びた缶（飲食用）,さびたかん（いんしょくよう）,不燃ごみ,"

"
錆びた缶（スプレー缶・燃料缶）,さびたかん（すぷれーかん・ねんりょうかん）,スプレー缶類（燃料缶等を含む）,"汚れていたり、錆びていても不燃ごみには出せません。

"
皿（ガラス・金属・陶器製・プラスチック製）,さら（がらす・きんぞく・とうきせい・ぷらすちっくせい）,不燃ごみ,"

"
皿（木）,さら（き）,可燃ごみ,"

"
三角コーナー（金属製）,さんかくこーなー（きんぞくせい）,不燃ごみ,"

"
三角コーン,さんかくこーん,粗大ごみ,"

"
三脚,さんきゃく,粗大ごみ,"

"
サングラス,さんぐらす,不燃ごみ,"

"
サンシェード（日よけ）,さんしぇーど（ひよけ）,可燃性粗大ごみ,"

"
酸素スプレー缶,さんそすぷれーかん,スプレー缶類（燃料缶等を含む）,"キャップは外してください。中身を空にして穴をあけてください。汚れていたり、錆びていても不燃ごみには出せません。火災の原因になります。

"
サンダル,さんだる,可燃ごみ,"金具がついているものは不燃ごみに出してください。

"
三輪車,さんりんしゃ,粗大ごみ,"

"
サーキュレーター,さーきゅれーたー,不燃ごみ,"電池は使用ずみ乾電池類に出してください。

"
サーフボード,さーふぼーど,粗大ごみ,"

"
座椅子,ざいす,粗大ごみ,"

"
在宅医療用品（ビニールバッグ・チューブ・カテーテル類）,ざいたくいりょうようひん（びにーるばっぐ・ちゅーぶ・かてーてるるい）,可燃ごみ,"注射針は収集も持込もできません。医療機関に返却してください。

"
雑誌,ざっし,古紙,"汚れたものは可燃ごみに出してください。

"
座布団,ざぶとん,可燃ごみ,"

"
ざる,ざる,不燃ごみ,"木製・竹製のものは可燃ごみに出してください。

"
ざる（竹製）,ざる（たけせい）,可燃ごみ,"

"
CDケース,しぃーでぃーけーす,不燃ごみ,"

"
シェーバー（ひげ剃り機）,しぇーばー（ひげそりき）,不燃ごみ,"

"
敷毛布（キルティング生地のもの）,しきもうふ（きるてぃんぐきじのもの）,粗大ごみ,"キルティング生地のものは古布では出せません。
小さなものは可燃ごみに出してください。

"
下敷き（プラスチック製）,したじき（ぷらすちっくせい）,不燃ごみ,"

"
七輪,しちりん,不燃ごみ,"不燃ごみ指定袋に入らないものは粗大ごみに出してください。

"
湿布剤,しっぷざい,可燃ごみ,"

"
湿布剤の外袋・外箱（紙製）,しっぷざいのそとぶくろ・そとばこ（かみせい）,古紙,"汚れたものは可燃ごみに出してください。

"
湿布剤の表面に貼られた薄いフィルム,しっぷざいのひょうめんにはられたうすいふぃるむ,可燃ごみ,"

"
竹刀（しない）,しない,可燃ごみ,"長さ50cm程度に切断してください。

"
写真（ネガフィルム含む）,しゃしん（ねがふぃるむふくむ）,可燃ごみ,"

"
シャツ,しゃつ,古布（古着）,"汚れ、破れ、傷みのひどいものは可燃ごみに出してください。

"
シャベル(スコップ）,しゃべる（すこっぷ）,不燃ごみ,"不燃ごみ指定袋に入らないものは粗大ごみに出してください。

"
しゃもじ,しゃもじ,可燃ごみ,"プラスチック製のものは不燃ごみに出してください。

"
シャンプーのボトル,しゃんぷーのぼとる,プラスチック製容器包装,"汚れを落としてください。
汚れが落ちないものは可燃ごみに出してください。

"
シャンプーハット,しゃんぷーはっと,可燃ごみ,"

"
シャープペンシル,しゃーぷぺんしる,不燃ごみ,"

"
シャープペンシルの芯,しゃーぷぺんしるのしん,可燃ごみ,"

"
週刊誌,しゅうかんし,古紙,"汚れたものは可燃ごみに出してください。

"
習字の紙（半紙）,しゅうじのかみ（はんし）,可燃ごみ,"古紙には出せません。

"
朱肉,しゅにく,可燃ごみ,"

"
シュレッダー屑,しゅれっだーくず,可燃ごみ,"リサイクルに適さないため、古紙には出せません。

"
シュレッダー（手動式）,しゅれっだー（しゅどうしき）,不燃ごみ,"不燃ごみ指定袋に入らないものは粗大ごみに出してください。

"
シュレッダー（電動式）,しゅれっだー（でんどうしき）,不燃ごみ,"不燃ごみ指定袋に入らないものは粗大ごみに出してください。

"
消火器,しょうかき,受け入れできないもの,"販売店などにご相談ください。
エアゾール式簡易消火具は穴をあけてスプレー缶類として出してください。

"
消火具（スプレー缶）,しょうかぐ（すぷれーかん）,スプレー缶類（燃料缶等を含む）,"キャップは外してください。中身を空にして穴をあけてください。汚れていたり、錆びていても不燃ごみには出せません。火災の原因になります。

"
昇華転写紙,しょうかてんしゃし,可燃ごみ,"リサイクルできないため、可燃ごみに出してください。

"
将棋のこま,しょうぎのこま,可燃ごみ,"

"
将棋盤,しょうぎばん,粗大ごみ,"不燃ごみ指定袋に納まる小さなものは不燃ごみに出してください。

"
消臭剤のスプレー缶,しょうしゅうざいのすぷれーかん,スプレー缶類（燃料缶等を含む）,"キャップは外してください。中身を空にして穴をあけてください。汚れていたり、錆びていても不燃ごみには出せません。火災の原因になります。

"
消臭剤の容器（プラスチック製）,しょうしゅうざいのようき（ぷらすちっくせい）,プラスチック製容器包装,"汚れを落としてください。
汚れが落ちないものは可燃ごみに出してください。

"
障子,しょうじ,粗大ごみ,"クリーンプラント・伊香クリーンプラザで１日10枚まで受付します。

"
障子の紙,しょうじのかみ,可燃ごみ,"大きい物は１ｍ四方に切断してください。

"
賞状入れ（筒状タイプ）,しょうじょういれ（つつじょうたいぷ）,可燃ごみ,"ふたの上部と底がアルミのものは不燃ごみに出してください。

"
照明器具,しょうめいきぐ,不燃ごみ,"

"
食品トレー（紙製）,しょくひんとれー（かみせい）,可燃ごみ,"リサイクルに適さないため、古紙には出せません。

"
食品トレー（白色）,しょくひんとれー（はくしょく）,発泡スチロール,"汚れを落としてください。
汚れが落ちないものは可燃ごみに出してください。
有色のものはプラスチック製容器包装に出してください。

"
食品トレー（有色）,しょくひんとれー（ゆうしょく）,プラスチック製容器包装,"汚れを落としてください。
汚れが落ちないものは可燃ごみに出してください。
白色のものは発泡スチロールに出してください。

"
食品保存容器（タッパー）,しょくひんほぞんようき（たっぱー）,不燃ごみ,"

"
食用油,しょくようあぶら,可燃ごみ,"新聞紙や布などに染み込ませるか、固化剤で固めてから出してください。
液体のままだと出せません。

"
食用油の缶,しょくようあぶらのかん,スプレー缶類（燃料缶等を含む）,"キャップは外してください。汚れていたり、錆びていても不燃ごみには出せません。火災の原因になります。

"
食用油のびん,しょくようあぶらのびん,不燃ごみ,"中の油が残っていると収集も持込もできません。新聞紙や布などに染み込ませるか、固化剤で固めてから出してください。

"
食用油のプラスチックボトル,しょくようあぶらのぷらすちっくぼとる,可燃ごみ,"中の油が残っていると収集も持込もできません。新聞紙や布などに染み込ませるか、固化剤で固めてから出してください。
洗うことが困難のため、分別は可燃ごみとして案内していますが、完全に油を取り除き、よく水洗いをしていただければ、プラスチック製容器包装でも収集します。

"
書籍,しょせき,古紙,"汚れたものは可燃ごみに出してください。

"
書棚,しょだな,粗大ごみ,"

"
食器洗い乾燥機,しょっきあらいかんそうき,粗大ごみ,"

"
食器棚,しょっきだな,粗大ごみ,"

"
食器（ガラス・陶器・金属・プラスチック製）,しょっき（がらす・とうき・きんぞく・ぷらすちっくせい）,不燃ごみ,"

"
食器（木製）,しょっき（もくせい）,可燃ごみ,"

"
シリカゲル（乾燥剤）,しりかげる（かんそうざい）,可燃ごみ,"

"
シルバーカー（手押車）,しるばーかー（ておししゃ）,粗大ごみ,"

"
シンナー類,しんなーるい,受け入れできないもの,"販売店などにご相談ください。

"
新聞,しんぶん,古紙,"汚れたものは可燃ごみに出してください。

"
シーツ（敷布）,しーつ（しきふ）,古布（古着）,"汚れ、破れ、傷みのひどいものは可燃ごみに出してください。

"
シール,しーる,可燃ごみ,"

"
シールの台紙,しーるのだいし,可燃ごみ,"リサイクルに適さないため、古紙には出せません。

"
磁気カード,じきかーど,不燃ごみ,"

"
磁石,じしゃく,不燃ごみ,"

"
辞書・辞典,じしょ・じてん,古紙,"汚れたものは可燃ごみに出してください。

"
自転車,じてんしゃ,粗大ごみ,"

"
自転車のタイヤ、チューブ,じてんしゃのたいや、ちゅーぶ,不燃ごみ,"

"
自転車のチェーン,じてんしゃのちぇーん,不燃ごみ,"

"
自動車部品（ハンドル、バンパー、ホイールなど）,じどうしゃぶひん（はんどる、ばんぱー、ほいーるなど）,受け入れできないもの,"販売店などにご相談ください。

"
蛇口,じゃぐち,不燃ごみ,"

"
ジャッキ（油圧式以外）,じゃっき（ゆあつしきいがい）,直接持込品目,"クリーンプラント、伊香クリーンプラザに直接持ち込んでください。

"
ジャッキ（油圧式）,じゃっき（ゆあつしき）,受け入れできないもの,"販売店などにご相談ください。

"
ジャムのびんのふた（金属製）,じゃむのびんのふた（きんぞくせい）,不燃ごみ,"

"
ジャムのびん（ガラス製）,じゃむのびん（がらすせい）,ガラスびん,"汚れを落としてください。

"
ジャムのびん（プラスチック製）,じゃむのびん（ぷらすちっくせい）,プラスチック製容器包装,"汚れを落としてください。汚れが落ちないものは可燃ごみに出してください。

"
砂利,じゃり,受け入れできないもの,"販売店などにご相談ください。

"
ジャングルジム（子供用遊具）,じゃんぐるじむ（こどもようゆうぐ）,粗大ごみ,"

"
ジャンパー,じゃんぱー,古布（古着）,"汚れ、破れ、傷みのひどいものは可燃ごみに出してください。

"
じゅうたん,じゅうたん,可燃性粗大ごみ,"クリスタルプラザ、伊香クリーンプラザに1日10枚まで持ち込めます。
電気じゅうたんはクリーンプラント・伊香クリーンプラザに持ち込んでください。

"
充電器,じゅうでんき,不燃ごみ,"バッテリーは使用ずみ乾電池類に出してください。

"
充電式電池,じゅうでんしきでんち,使用ずみ乾電池類,"販売店回収も利用してください。
汚れていたり、錆びていても不燃ごみには出せません。火災の原因になります。

"
ジュラルミンケース,じゅらるみんけーす,不燃ごみ,"不燃ごみ指定袋に入らないものは粗大ごみに出してください。

"
ジューサー・ミキサー,じゅーさー・みきさー,不燃ごみ,"

"
ジョイントマット,じょいんとまっと,可燃ごみ,"

"
定規（金属製）,じょうぎ（きんぞくせい）,不燃ごみ,"

"
定規（竹製）,じょうぎ（たけせい）,可燃ごみ,"

"
錠剤用シート,じょうざいようしーと,プラスチック製容器包装,"汚れを落としてください。
汚れが落ちないものは可燃ごみに出してください。

"
浄水器カートリッジ,じょうすいきかーとりっじ,不燃ごみ,"

"
浄水器（蛇口取付タイプ）,じょうすいき（じゃぐちとりつけたいぷ）,不燃ごみ,"

"
じょうろ,じょうろ,不燃ごみ,"

"
除湿機,じょしつき,粗大ごみ,"不燃ごみ指定袋に納まる小さなものは不燃ごみに出してください。

"
除湿剤の容器,じょしつざいのようき,不燃ごみ,"中身は空にして出してください。

"
除草剤,じょそうざい,受け入れできないもの,"販売店等にお問い合わせください。

"
除草剤の容器（家庭用に限る）,じょそうざいのようき（かていようにかぎる）,プラスチック製容器包装,"洗うことが困難な場合は可燃ごみに出してください。

"
人工芝（ジョイント式など固い素材があるもの）,じんこうしば,不燃ごみ,"柔らかい素材のみでできているものは可燃ごみに出してください。

"
人工芝（柔らかい素材のみでできているもの）,じんこうしば,可燃ごみ,"固いプラスチックでできているものや固いプラスチックの部品が付いているものは不燃ごみに出してください。

"
ジーンズ・ジーパン,じーんず・じーぱん,古布（古着）,"汚れ、破れ、傷みのひどいものは可燃ごみに出してください。

"
水上バイク,すいじょうばいく,受け入れできないもの,"販売店などにご相談ください。

"
水槽,すいそう,粗大ごみ,"

"
水筒,すいとう,不燃ごみ,"

"
炊飯器,すいはんき,不燃ごみ,"不燃ごみ指定袋に入らないものは粗大ごみに出してください。

"
スカーフ,すかーふ,古布（古着）,"汚れ、破れ、傷みのひどいものは可燃ごみに出してください。

"
スキャナー,すきゃなー,粗大ごみ,"

"
スキー板・ストック,すきーいた・すとっく,粗大ごみ,"

"
スキーウェア,すきーうぇあ,古布（古着）,"汚れ、破れ、傷みのひどいものは可燃ごみに出してください。

"
スキーキャリア,すきーきゃりあ,粗大ごみ,"

"
スキー靴,すきーぐつ,不燃ごみ,"

"
スキー手袋,すきーてぶくろ,可燃ごみ,"

"
スケート靴,すけーとぐつ,不燃ごみ,"

"
スケートボード,すけーとぼーど,粗大ごみ,"

"
スコップ,すこっぷ,不燃ごみ,"不燃ごみ指定袋に入らないものは粗大ごみに出してください。

"
すずり,すずり,不燃ごみ,"

"
スタンプ・スタンプ台,すたんぷ・すたんぷだい,不燃ごみ,"

"
すだれ（木・竹製）,すだれ（き・たけせい）,可燃性粗大ごみ,"クリスタルプラザ、伊香クリーンプラザに1日10枚まで持ち込めます。

"
スチール缶（飲料・食品用）,すちーるかん（いんりょう・しょくひんよう）,空き缶類,"軽く水洗いして出してください。錆びていたり、汚れが落ちないものは不燃ごみに出してください。

"
スチール棚,すちーるだな,粗大ごみ,"

"
ステレオ,すてれお,粗大ごみ,"

"
ステレオラック,すてれおらっく,粗大ごみ,"

"
ストッキング,すとっきんぐ,可燃ごみ,"

"
ストッキングの中の台紙,すとっきんぐのなかのだいし,古紙,"汚れたものは可燃ごみに出してください。

"
ストラップ,すとらっぷ,不燃ごみ,"

"
ストロー,すとろー,可燃ごみ,"

"
ストローの袋（紙製）,すとろーのふくろ（かみせい）,可燃ごみ,"リサイクルに適さないため、古紙には出せません。

"
ストローの袋（プラスチック製）,すとろーのふくろ（ぷらすちっくせい）,プラスチック製容器包装,"汚れを落としてください。
汚れが落ちないものは可燃ごみに出してください。

"
スニーカー,すにーかー,不燃ごみ,"金属部品がなく、布などの可燃物だけでできたものは可燃ごみに出してください。

"
すのこ,すのこ,粗大ごみ,"不燃ごみ指定袋に納まるものは不燃ごみに出してください。

"
スノーダンプ,すのーだんぷ,粗大ごみ,"

"
スノーボード,すのーぼーど,粗大ごみ,"

"
スノーボードの靴,すのーぼーどのくつ,不燃ごみ,"

"
スパイクシューズ,すぱいくしゅーず,不燃ごみ,"

"
スパナ（工具）,すぱな（こうぐ）,不燃ごみ,"

"
スピーカー,すぴーかー,不燃ごみ,"不燃ごみ指定袋に入らないものは粗大ごみに出してください。

"
スプリング(あり)マットレス,すぷりんぐ（あり）まっとれす,粗大ごみ,"持ち込みはクリーンプラント、伊香クリーンプラザにお願いします。

"
スプリング(なし）マットレス,すぷりんぐ（なし）まっとれす,可燃性粗大ごみ,"クリスタルプラザ、伊香クリーンプラザに1日10枚まで持ち込めます。

"
スプレー缶,すぷれーかん,スプレー缶類（燃料缶等を含む）,"キャップは外してください。中身を空にして穴をあけてください。汚れていたり、錆びていても不燃ごみには出せません。火災の原因になります。

"
スプレー缶のキャップ（プラスチック製）,すぷれーかんのきゃっぷ（ぷらすちっくせい）,プラスチック製容器包装,"汚れを落としてください。
汚れが落ちないものは可燃ごみに出してください。

"
すべり台（子供用遊具）,すべりだい（こどもようゆうぐ）,粗大ごみ,"

"
スポンジ,すぽんじ,可燃ごみ,"

"
スマートフォン,すまーとふぉん,使用ずみ乾電池類,"

"
スマートフォン用ケース,すまーとふぉんようけーす,不燃ごみ,"

"
炭,すみ,可燃ごみ,"少量ずつ出してください。

"
墨（書道用）,すみ（しょどうよう）,可燃ごみ,"液体のものは新聞紙などに吸わせてから出してください。

"
すりこぎ,すりこぎ,可燃ごみ,"

"
スリッパ,すりっぱ,可燃ごみ,"

"
スリッパラック,すりっぱらっく,粗大ごみ,"不燃ごみ指定袋に納まるものは不燃ごみに出してください。

"
すり鉢,すりばち,不燃ごみ,"

"
スーツ,すーつ,古布（古着）,"汚れ、破れ、傷みのひどいものは可燃ごみに出してください。

"
スーツケース・トランク,すーつけーす・とらんく,粗大ごみ,"

"
ズボン,ずぼん,古布（古着）,"汚れ、破れ、傷みのひどいものは可燃ごみに出してください。

"
ズボンプレッサー,ずぼんぷれっさー,粗大ごみ,"

"
整髪料のスプレー缶,せいはつりょうのすぷれーかん,スプレー缶類（燃料缶等を含む）,"キャップは外してください。中身を空にして穴をあけてください。汚れていたり、錆びていても不燃ごみには出せません。火災の原因になります。

"
整髪料の容器（ガラス製）,せいはつりょうのようき（がらすせい）,不燃ごみ,"

"
整髪料の容器（プラスチック製）,せいはつりょうのようき（ぷらすちっくせい）,プラスチック製容器包装,"汚れを落としてください。
汚れが落ちないものは可燃ごみに出してください。

"
精米機,せいまいき,不燃ごみ,"小型（20cm～30cm程度）の家庭用のものに限ります。

"
生理用品,せいりようひん,可燃ごみ,"

"
石油ストーブ・ファンヒーター,せきゆすとーぶ・ふぁんひーたー,粗大ごみ,"灯油・電池は取り除いてください。
不燃ごみには出せません。

"
石油ポンプ,せきゆぽんぷ,不燃ごみ,"

"
石鹸,せっけん,可燃ごみ,"

"
石鹸の個袋（プラスチック製）,せっけんのこぶくろ（ぷらすちっくせい）,プラスチック製容器包装,"汚れを落としてください。
汚れが落ちないものは可燃ごみに出してください。

"
石鹸の外箱・個袋（紙製）,せっけんのそとばこ・こぶくろ（かみせい）,古紙,"汚れたものは可燃ごみに出してください。

"
石膏ボード,せっこうぼーど,受け入れできないもの,"販売店などにご相談ください。

"
接着剤,せっちゃくざい,可燃ごみ,"

"
接着剤の紙箱,せっちゃくざいのかみばこ,古紙,"汚れたものは可燃ごみに出してください。

"
接着剤のチューブ（金属製）,せっちゃくざいのちゅーぶ（きんぞくせい）,不燃ごみ,"

"
接着剤のチューブ（プラスチック製）,せっちゃくざいのちゅーぶ（ぷらすちっくせい）,不燃ごみ,"

"
瀬戸物（せともの）,せともの（せともの）,不燃ごみ,"

"
背広・スーツ,せびろ・すーつ,古布（古着）,"汚れ、破れ、傷みのひどいものは可燃ごみに出してください。

"
セメント,せめんと,直接持込品目,"クリーンプラント、伊香クリーンプラザに直接持ち込んでください。土のう袋5袋程度まで受け付けます。粉状のものは不可。

"
セロハンテープ,せろはんてーぷ,可燃ごみ,"

"
セロハンテープのカッター台,せろはんてーぷのかったーだい,不燃ごみ,"

"
セロハンテープの芯,せろはんてーぷのしん,古紙,"汚れたものは可燃ごみに出してください。

"
洗顔料のチューブ,せんがんりょうのちゅーぶ,可燃ごみ,"

"
洗剤の紙箱,せんざいのかみばこ,可燃ごみ,"リサイクルに適さないため、古紙には出せません。

"
洗剤の計量カップ・スプーン,せんざいのけいりょうかっぷ・すぷーん,可燃ごみ,"

"
洗剤の詰め替え用外袋,せんざいのつめかえようそとぶくろ,プラスチック製容器包装,"汚れを落としてください。
汚れが落ちないものは可燃ごみに出してください。

"
洗剤の容器（プラスチック製）,せんざいのようき（ぷらすちっくせい）,プラスチック製容器包装,"汚れを落としてください。
汚れが落ちないものは可燃ごみに出してください。

"
扇子(木・布・プラスチック製),せんす（き・ぬの・ぷらすちっくせい）,可燃ごみ,"

"
洗濯かご,せんたくかご,不燃ごみ,"

"
洗濯機・衣類乾燥機,せんたくき・いるいかんそうき,家電リサイクル,"収集も持ち込みもできません。
販売店や家電販売店に処理を依頼するか、郵便局でリサイクル料金を支払い、指定引き取り場所に持ち込んでください。

"
洗濯ネット,せんたくねっと,可燃ごみ,"

"
洗濯ばさみ,せんたくばさみ,不燃ごみ,"

"
剪定した庭木,せんていしたにわき,可燃ごみ,"長さ50cm、太さ5㎝以内に切断してください。長さ・太さの制限を超える場合は収集・持ち込み共にできませんので、民間の木材処理業者などにご相談ください。

"
剪定ばさみ,せんていばさみ,不燃ごみ,"紙に包むなど安全措置をして出してください。包んだものに内容物を記入してください。

"
栓抜き(金属製),せんぬき（きんぞくせい）,不燃ごみ,"

"
扇風機,せんぷうき,不燃ごみ,"不燃ごみ指定袋に入らないものは粗大ごみに出してください。

"
千枚通し,せんまいどおし,不燃ごみ,"紙に包むなど安全措置をして出してください。
包んだものに内容物を記入してください。

"
洗面器（金属製）,せんめんき（きんぞくせい）,不燃ごみ,"

"
セーター,せーたー,古布（古着）,"汚れ、破れ、傷みのひどいものは可燃ごみに出してください。

"
双眼鏡,そうがんきょう,不燃ごみ,"

"
掃除機,そうじき,不燃ごみ,"不燃ごみ指定袋に入らないものは粗大ごみに出してください。

"
ソファー・ソファーベッド,そふぁー・そふぁーべっど,粗大ごみ,"

"
そり,そり,粗大ごみ,"

"
そろばん,そろばん,可燃ごみ,"

"
ソースの容器・フタ,そーすのようき・ふた,プラスチック製容器包装,"汚れを落としてください。
汚れが落ちないものは可燃ごみに出してください。

"
造花,ぞうか,可燃ごみ,"

"
ぞうきん,ぞうきん,可燃ごみ,"

"
ぞうり,ぞうり,可燃ごみ,"金具が付いているものは不燃ごみに出してください。

"
体温計(水銀入りガラス製),たいおんけい（すいぎんいりがらすせい）,直接持込品目,"クリーンプラント、伊香クリーンプラザに直接持ち込んでください。

"
体温計（電子体温計）,たいおんけい（でんしたいおんけい）,不燃ごみ,"

"
体脂肪計,たいしぼうけい,不燃ごみ,"

"
体重計(ヘルスメーター）,たいじゅうけい（へるすめーたー）,不燃ごみ,"

"
タイヤチェーン（車用）,たいやちぇーん（くるまよう）,直接持込品目,"クリーンプラント、伊香クリーンプラザに直接持ち込んでください。

"
タイヤホイール（車用）,たいやほいーる（くるまよう）,受け入れできないもの,"販売店などにご相談ください。

"
タイヤ（車用）,たいや（くるまよう）,受け入れできないもの,"販売店などにご相談ください。

"
タオル・タオルケット,たおる・たおるけっと,古布（古着）,"汚れ、破れ、傷みのひどいものは可燃ごみに出してください。

"
卓上コンロ,たくじょうこんろ,不燃ごみ,"

"
宅配便の複写伝票,たくはいびんのふくしゃでんぴょう,可燃ごみ,"リサイクルできないため、可燃ごみに出してください。

"
竹,たけ,可燃ごみ,"長さ50cm、太さ5cm以内に切断してください。切断ができない場合は収集・持込共にできませんので、民間の木材処理業者などにご相談ください。

"
たこ焼き器,たこやきき,不燃ごみ,"

"
畳,たたみ,可燃性粗大ごみ,"クリスタルプラザ、伊香クリーンプラザに1日10枚まで持ち込めます。
増改築などにより発生するものは、収集、持込共にできません。

"
卓球のラケット・球,たっきゅうのらけっと・きゅう,可燃ごみ,"

"
タッパー(食品保存容器）,たっぱー（しょくひんほぞんようき）,不燃ごみ,"

"
建具（サッシ、ふすま、扉など）,たてぐ（さっし、ふすま、とびらなど）,粗大ごみ,"増改築などにより発生するものは、収集、持込共にできません。
持込はクリーンプラント・伊香クリーンプラザに１日１０枚まで受付します。

"
タバコの空き箱・銀紙,たばこのあきばこ・ぎんがみ,古紙,"汚れたものは可燃ごみに出してください。

"
タバコの吸殻,たばこのすいがら,可燃ごみ,"

"
タバコの外包装フィルム,たばこのそとほうそうふぃるむ,プラスチック製容器包装,"汚れを落としてください。
汚れが落ちないものは可燃ごみに出してください。

"
足袋（たび）,たび（たび）,可燃ごみ,"

"
タブレット,たぶれっと,使用ずみ乾電池類,"本体とバッテリーが取り外せるものは、本体部分は不燃ごみに出してください。

"
卵の殻,たまごのから,可燃ごみ,"

"
卵パック（紙製）,たまごぱっく（かみせい）,可燃ごみ,"リサイクルに適さないため、古紙には出せません。

"
卵パック（プラスチック製）,たまごぱっく（ぷらすちっくせい）,プラスチック製容器包装,"汚れを落としてください。
汚れが落ちないものは可燃ごみに出してください。

"
たわし,たわし,不燃ごみ,"

"
たわし（金属製以外）,たわし（きんぞくせいいがい）,可燃ごみ,"

"
炭酸ガスカードリッジ,たんさんがすかーどりっじ,不燃ごみ,"使い切ってから出してください。
販売店回収もご利用ください。

"
たんす,たんす,粗大ごみ,"

"
タンブラー,たんぶらー,不燃ごみ,"

"
台車(運搬用）,だいしゃ（うんぱんよう）,粗大ごみ,"

"
台紙（紙製で商品の保護・固定用）,だいし（かみせいでしょうひんのほご・こていよう）,古紙,"汚れたものは可燃ごみに出してください。

"
台所マット,だいどころまっと,可燃ごみ,"

"
ダイレクトメールの封筒,だいれくとめーるのふうとう,古紙,"汚れたものは可燃ごみに出してください。

"
ダイレクトメールを入れた外袋（プラスチック製）,だいれくとめーるをいれたそとぶくろ（ぷらすちっくせい）,可燃ごみ,"

"
ダイレクトメール（チラシ類）,だいれくとめーる（ちらしるい）,古紙,"汚れたものは可燃ごみに出してください。

"
脱脂綿,だっしめん,可燃ごみ,"

"
脱臭剤,だっしゅうざい,可燃ごみ,"

"
脱臭剤の容器,だっしゅうざいのようき,プラスチック製容器包装,"汚れを落としてください。
汚れが落ちないものは可燃ごみに出してください。

"
脱酸素剤（菓子などに入っているもの）,だつさんそざい（かしなどにはいっているもの）,可燃ごみ,"

"
ダンベル・鉄アレイ,だんべる・てつあれい,直接持込品目,"クリーンプラント、伊香クリーンプラザに直接持ち込んでください。

"
段ボール,だんぼーる,古紙,"汚れたものは可燃ごみに出してください。

"
チェーンソー（家庭用）,ちぇーんそー（かていよう）,直接持込品目,"クリーンプラント・伊香クリーンプラザに直接持ち込んでください。
必ず燃料は空にしてください。

"
地球儀,ちきゅうぎ,不燃ごみ,"

"
チャイルドシート・ジュニアシート,ちゃいるどしーと・じゅにあしーと,粗大ごみ,"

"
茶殻・茶葉,ちゃがら・ちゃば,可燃ごみ,"水切りをしてください。

"
茶こし(金属製),ちゃこし（きんぞくせい）,不燃ごみ,"

"
着火剤(固形・ジェル),ちゃっかざい（こけい・じぇる）,可燃ごみ,"発火しないように少量ずつ出してください。

"
着火ライター,ちゃっからいたー,ライター,"使い切って出してください。
汚れていたり、錆びていても不燃ごみには出せません。火災の原因になります。

"
茶碗（陶器）,ちゃわん（とうき）,不燃ごみ,"

"
中華なべ,ちゅうかなべ,不燃ごみ,"

"
注射針、注射器（在宅医療用）,ちゅうしゃばり、ちゅうしゃき（ざいたくいりょうよう）,受け入れできないもの,"医療機関に返却してください。

"
チューナー,ちゅーなー,不燃ごみ,"

"
彫刻刀,ちょうこくとう,不燃ごみ,"紙に包むなど安全措置をして出してください。
包んだものに内容物を記入してください。

"
ちょうつがい,ちょうつがい,不燃ごみ,"

"
調味料のびん,ちょうみりょうのびん,ガラスびん,"軽く水洗いをして出してください。

"
調理用ボウル,ちょうりようぼうる,不燃ごみ,"

"
貯水タンク,ちょすいたんく,粗大ごみ,"家庭用のものに限ります。

"
チョーク,ちょーく,可燃ごみ,"

"
チラシ・広告（新聞折込み）,ちらし・こうこく（しんぶんおりこみ）,古紙,"汚れたものは可燃ごみに出してください。

"
ちりとり,ちりとり,不燃ごみ,"木製・竹製のものは可燃ごみに出してください。

"
ついたて,ついたて,粗大ごみ,"

"
つえ,つえ,不燃ごみ,"

"
机,つくえ,粗大ごみ,"

"
漬物石,つけものいし,直接持込品目,"クリーンプラント、伊香クリーンプラザに直接持ち込んでください。

"
土,つち,受け入れできないもの,"販売店などにご相談ください。

"
つっぱり棒,つっぱりぼう,不燃ごみ,"不燃ごみ指定袋に入らないものは粗大ごみに出してください。

"
つぼ（陶磁器製）,つぼ（とうじきせい）,不燃ごみ,"不燃ごみ指定袋に入らないものは粗大ごみに出してください。

"
つまようじ,つまようじ,可燃ごみ,"

"
積み木,つみき,可燃ごみ,"

"
つめ切り,つめきり,不燃ごみ,"

"
釣り糸,つりいと,可燃ごみ,"

"
釣り竿,つりざお,不燃ごみ,"長いものは一部が指定袋から出ていてもかまいません。

"
釣り針・リール,つりばり・りーる,不燃ごみ,"紙や布などで包むなど安全措置をして出してください。

"
ティシューペーパー,てぃしゅーぺーぱー,可燃ごみ,"リサイクルに適さないため、古紙には出せません。

"
ティシューボックス（紙箱）,てぃしゅーぼっくす（かみばこ）,古紙,"汚れたものは可燃ごみに出してください。

"
ティシューボックス（紙箱）の取出口のフィルム,てぃしゅーぼっくす（かみばこ）のとりでぐちのふぃるむ,可燃ごみ,"

"
手帳,てちょう,可燃ごみ,"

"
テニスボール,てにすぼーる,可燃ごみ,"

"
テニスラケット,てにすらけっと,不燃ごみ,"

"
手袋,てぶくろ,可燃ごみ,"

"
テレビゲーム機,てれびげーむき,不燃ごみ,"

"
テレビゲームソフト,てれびげーむそふと,不燃ごみ,"

"
テレビ台,てれびだい,粗大ごみ,"

"
テレビ（ブラウン管・液晶・プラズマ）,てれび（ぶらうんかん・えきしょう・ぷらずま）,家電リサイクル,"収集もできません。
販売店や家電販売店に処理を依頼するか、郵便局でリサイクル料金を支払い、指定引き取り場所に持ち込んでください。

"
テレホンカード,てれほんかーど,不燃ごみ,"

"
点火棒(着火ライター）,てんかぼう（ちゃっからいたー）,ライター,"使い切って出してください。
汚れていたり、錆びていても不燃ごみには出せません。火災の原因になります。

"
天体望遠鏡,てんたいぼうえんきょう,不燃ごみ,"不燃ごみ指定袋に入らないものは粗大ごみに出してください。

"
テント,てんと,粗大ごみ,"

"
天ぷら油,てんぷらあぶら,可燃ごみ,"新聞紙や布などに染み込ませるか、固化剤で固めてから出してください。

"
テーブル,てーぶる,粗大ごみ,"

"
テーブルクロス（布製）,てーぶるくろす（ぬのせい）,可燃ごみ,"１ｍ程度に切断してください。

"
テーブルクロス（プラスチック製）,てーぶるくろす（ぷらすちっくせい）,不燃ごみ,"１ｍ程度に切断してください。

"
テープレコーダー(電池式),てーぷれこーだー（でんちしき）,不燃ごみ,"電池は取り除いてください。

"
テープ（ビニール・紙製）,てーぷ（びにーる・かみせい）,可燃ごみ,"

"
デジタルオーディオプレーヤー,でじたるおーでぃおぷれーやー,不燃ごみ,"

"
デジタルカメラ,でじたるかめら,不燃ごみ,"バッテリーは外して、使用ずみ乾電池類に出してください。

"
電化製品の緩衝材（発泡スチロール）,でんかせいひんのかんしょうざい（はっぽうすちろーる）,発泡スチロール,"汚れたものは可燃ごみに出してください。

"
電気あんか,でんきあんか,不燃ごみ,"

"
電気温水器,でんきおんすいき,受け入れできないもの,"販売店などにご相談ください。

"
電気かみそり,でんきかみそり,使用ずみ乾電池類,"バッテリーは使用ずみ乾電池類に出してください。

"
電気かみそり洗浄機,でんきかみそりせんじょうき,不燃ごみ,"

"
電気カーペット,でんきかーぺっと,粗大ごみ,"持ち込みはクリーンプラント、伊香クリーンプラザにお願いします。

"
電気コンロ,でんきこんろ,不燃ごみ,"

"
電気コード,でんきこーど,不燃ごみ,"

"
電気炊飯器,でんきすいはんき,不燃ごみ,"

"
電気スタンド,でんきすたんど,不燃ごみ,"不燃ごみ指定袋に入らないものは粗大ごみに出してください。

"
電気ストーブ,でんきすとーぶ,不燃ごみ,"不燃ごみ指定袋に入らないものは粗大ごみに出してください。
石油ストーブは不燃ごみではなく、粗大ごみに出してください。（火災の危険があるため）

"
電気掃除機,でんきそうじき,不燃ごみ,"不燃ごみ指定袋に入らないものは粗大ごみに出してください。

"
電気バリカン,でんきばりかん,使用ずみ乾電池類,"バッテリー以外の取り外せる部品は取り外して不燃ごみに出してください。

"
電気ファンヒーター,でんきふぁんひーたー,不燃ごみ,"不燃ごみ指定袋に入らない場合は粗大ごみに出してください。
なお、石油ファンヒーターは不燃ごみでは出せません。粗大ごみで出してください。

"
電気ポット,でんきぽっと,不燃ごみ,"不燃ごみ指定袋に入らないものは粗大ごみに出してください。

"
電気毛布,でんきもうふ,不燃ごみ,"

"
電球・白熱球（電球）,でんきゅう・はくねつきゅう（でんきゅう）,不燃ごみ,"使用ずみ蛍光管には出せません。
紙に包むなど安全措置をして出してください。

"
電子オルガン・電子ピアノ,でんしおるがん・でんしぴあの,粗大ごみ,"60kgを超えるものは販売店などにご相談ください。

"
電子血圧計・電子体温計,でんしけつあつけい・でんしたいおんけい,不燃ごみ,"電池は使用ずみ乾電池類に出してください。

"
電子書籍端末,でんししょせきたんまつ,不燃ごみ,"

"
電子辞書・電子手帳,でんしじしょ・でんしてちょう,不燃ごみ,"電池は使用ずみ乾電池類に出してください。

"
電子タバコ,でんしたばこ,使用ずみ乾電池類,"不燃ごみには出さないでください。

"
電子レンジ,でんしれんじ,不燃ごみ,"不燃ごみ指定袋に入らないものは粗大ごみに出してください。

"
電子レンジ台,でんしれんじだい,不燃ごみ,"不燃ごみ指定袋に入らないものは粗大ごみに出してください。

"
電卓（計算機）,でんたく（けいさんき）,不燃ごみ,"

"
電池（小形充電式電池）,でんち（こがたじゅうでんしきでんち）,使用ずみ乾電池類,"販売店回収も利用してください。
汚れていたり、錆びていても不燃ごみには出せません。火災の原因になります。

"
電池（ボタン型電池）,でんち（ぼたんがたでんち）,使用ずみ乾電池類,"販売店回収も利用してください。
汚れていたり、錆びていても不燃ごみには出せません。火災の原因になります。

"
電池（マンガン・アルカリ乾電池）,でんち（まんがん・あるかりかんでんち）,使用ずみ乾電池類,"販売店回収も利用してください。
汚れていたり、錆びていても不燃ごみには出せません。火災の原因になります。

"
電池（リチウム電池：充電式でないもの）,でんち（りちうむでんち：じゅうでんしきでないもの）,使用ずみ乾電池類,"販売店回収も利用してください。
汚れていたり、錆びていても不燃ごみには出せません。火災の原因になります。

"
電動アシスト自転車（電動自転車）,でんどうあしすとじてんしゃ（でんどうじてんしゃ）,粗大ごみ,"バッテリーは外して、使用ずみ乾電池類に出してください。

"
電動式ベッド（介護用）,でんどうしきべっど（かいごよう）,直接持込品目,"クリーンプラント、伊香クリーンプラザに直接持ち込んでください。

"
電動歯ブラシ,でんどうはぶらし,使用ずみ乾電池類,"バッテリー以外の取り外せる部品は取り外して不燃ごみに出してください。

"
電動マッサージ機（いす式）,でんどうまっさーじき（いすしき）,粗大ごみ,"

"
電話機,でんわき,不燃ごみ,"

"
電話台,でんわだい,粗大ごみ,"

"
電話帳,でんわちょう,古紙,"汚れたものは可燃ごみに出してください。

"
砥石,といし,不燃ごみ,"

"
トイレットペーパーの芯,といれっとぺーぱーのしん,古紙,"汚れたものは可燃ごみに出してください。

"
トイレブラシ,といれぶらし,不燃ごみ,"

"
トイレマット,といれまっと,可燃ごみ,"

"
陶磁器製品,とうじきせいひん,不燃ごみ,"

"
透析パック及びチューブ類（在宅医療用）,とうせきぱっくおよびちゅーぶるい（ざいたくいりょうよう）,可燃ごみ,"注射針は外して医療機関に返却してください。

"
豆腐のパック・フタ,とうふのぱっく・ふた,プラスチック製容器包装,"汚れを落としてください。
汚れが落ちないものは可燃ごみに出してください。

"
灯油ポリタンク,とうゆぽりたんく,不燃ごみ,"中身は空にしてキャップは取り外してください。

"
登山靴,とざんぐつ,不燃ごみ,"

"
トタン（波板）,とたん（なみいた）,粗大ごみ,"増改築などにより発生するものは、収集、持込共にできません。
施工業者に処理を依頼してください。

"
戸棚,とだな,粗大ごみ,"

"
トランク・スーツケース,とらんく・すーつけーす,粗大ごみ,"

"
トランプ,とらんぷ,可燃ごみ,"

"
鳥かご,とりかご,不燃ごみ,"

"
塗料(ペンキ),とりょう（ぺんき）,可燃ごみ,"少量であれば布や紙に染み込ませて可燃ごみに出してください。
多量の場合は販売店などにご相談ください。

"
塗料(ペンキ）の容器（缶以外）,とりょう（ぺんき）のようき（かんいがい）,不燃ごみ,"

"
塗料(ペンキ）の容器（缶）,とりょう（ぺんき）のようき（かん）,スプレー缶類（燃料缶等を含む）,"キャップは外してください。汚れていたり、錆びていても不燃ごみには出せません。火災の原因になります。

"
トレイ（お盆などの製品：金属・プラスチック製）,とれい（おぼんなどのせいひん：きんぞく・ぷらすちっくせい）,不燃ごみ,"

"
トレイ（お盆などの製品：木製）,とれい（おぼんなどのせいひん：もくせい）,可燃ごみ,"

"
トレーナー,とれーなー,古布（古着）,"汚れ、破れ、傷みのひどいものは可燃ごみに出してください。

"
トレーニングベンチ,とれーにんぐべんち,粗大ごみ,"

"
トレー（食品用）についていたラップ,とれー（しょくひんよう）についていたらっぷ,プラスチック製容器包装,"汚れを落としてください。
汚れが落ちないものは可燃ごみに出してください。

"
トレー（食品用：紙製）,とれー（しょくひんよう：かみせい）,可燃ごみ,"リサイクルに適さないため、古紙には出せません。

"
トレー（食品用：プラスチック製の有色）,とれー（しょくひんよう：ぷらすちっくせいのゆうしょく）,プラスチック製容器包装,"汚れを落としてください。
汚れが落ちないものは可燃ごみに出してください。

"
とんかち（かなづち）,とんかち（かなづち）,不燃ごみ,"

"
トースター,とーすたー,不燃ごみ,"

"
動物の死骸（10kg程度まで）,どうぶつのしがい（１０ＫＧていどまで）,直接持込品目,"死骸を袋に入れ、その袋をダンボールに入れ、さらにそのダンボールを袋に入れてクリスタルプラザに持ち込んでください。

"
動物の死骸（10kgを超えたもの）,どうぶつのしがい（１０ＫＧを超えたもの）,受け入れできないもの,"

"
土鍋,どなべ,不燃ごみ,"

"
ドライバー（工具用）,どらいばー（こうぐよう）,不燃ごみ,"

"
ドライブレコーダー,どらいぶれこーだー,不燃ごみ,"

"
ドライヤー,どらいやー,不燃ごみ,"

"
ドラム缶,どらむかん,粗大ごみ,"中身は取り除いてください。

"
ドリル（電動）,どりる（でんどう）,不燃ごみ,"

"
ドレッサー（鏡台）,どれっさー（きょうだい）,粗大ごみ,"

"
ドレッシングのびん,どれっしんぐのびん,ガラスびん,"中身を空にして水洗いしてください。

"
ドレッシング（ノンオイル）の入ったペットボトル,どれっしんぐ（のんおいる）のはいったぺっとぼとる,ペットボトル,"水洗いをしてください。
汚れているものは可燃ごみに出してください。

"
ナイフ,ないふ,不燃ごみ,"紙に包むなど安全措置をして出してください。
包んだものに内容物を記入してください。

"
苗木のポット（プラスチック製）,なえぎのぽっと（ぷらすちっくせい）,プラスチック製容器包装,"汚れを落としてください。
汚れが落ちないものは可燃ごみに出してください。

"
長靴,ながぐつ,不燃ごみ,"

"
なた,なた,直接持込品目,"クリーンプラント、伊香クリーンプラザに直接持ち込んでください。

"
納豆の容器,なっとうのようき,可燃ごみ,"

"
鍋焼きうどんなどのアルミ容器,なべやきうどんなどのあるみようき,不燃ごみ,"プラスチック製容器包装には出せません。

"
鍋（金属製）,なべ（きんぞくせい）,不燃ごみ,"

"
波板、塩ビトタン板,なみいた、えんびとたんいた,粗大ごみ,"クリーンプラント・伊香クリーンプラザに持ち込む場合は１日１０枚までです。

"
なわとび,なわとび,不燃ごみ,"

"
ニカド電池,にかどでんち,使用ずみ乾電池類,"販売店回収も利用してください。
汚れていたり、錆びていても不燃ごみには出せません。火災の原因になります。

"
荷造りひも,にづくりひも,可燃ごみ,"

"
日本刀,にほんとう,受け入れできないもの,"お近くの警察署までご連絡ください。

"
人形ケース(ガラス製),にんぎょうけーす（がらすせい）,不燃ごみ,"

"
人形（木・布・プラスチック製）,にんぎょう（き・ぬの・ぷらすちっくせい）,可燃ごみ,"

"
人形（陶器・ガラス製）,にんぎょう（とうき・がらすせい）,不燃ごみ,"

"
ぬいぐるみ,ぬいぐるみ,可燃ごみ,"古布には出せません。
可燃ごみ指定袋に入らないものは粗大ごみに出してください。

"
布類,ぬのるい,可燃ごみ,"

"
ネガフィルム,ねがふぃるむ,可燃ごみ,"

"
ネクタイ,ねくたい,古布（古着）,"汚れ、破れ、傷みのひどいものは可燃ごみに出してください。

"
ネコのトイレ砂（紙製、木製など）,ねこのといれすな（かみせい、もくせいなど）,可燃ごみ,"汚物は取り除いてください。

"
ネコのトイレ砂（砕石などの砂）,ねこのといれすな（さいせきなどのすな）,直接持込品目,"クリーンプラント、伊香クリーンプラザに直接持ち込んでください。
汚物は取り除いてください。

"
ネジ,ねじ,不燃ごみ,"

"
ねずみとりシート,ねずみとりしーと,可燃ごみ,"

"
ネット（園芸用）,ねっと（えんげいよう）,可燃ごみ,"

"
ネット（果物などが入っていたもの）,ねっと（くだものなどがはいっていたもの）,プラスチック製容器包装,"汚れを落としてください。
汚れが落ちないものは可燃ごみに出してください。

"
寝袋,ねぶくろ,可燃ごみ,"

"
粘着カーペットクリーナー（シート紙）,ねんちゃくかーぺっとくりーなー（しーとし）,可燃ごみ,"

"
粘着テープ,ねんちゃくてーぷ,可燃ごみ,"

"
粘土,ねんど,不燃ごみ,"紙粘土は可燃ごみに出してください。

"
農業機械,のうぎょうきかい,受け入れできないもの,"販売店などにご相談ください。

"
農薬,のうやく,受け入れできないもの,"販売店などにご相談ください。

"
農薬のびん,のうやくのびん,受け入れできないもの,"販売店などにご相談ください。

"
のこぎり,のこぎり,不燃ごみ,"紙に包むなど安全措置をして出してください。
包んだものに内容物を記入してください。

"
のみ,のみ,不燃ごみ,"

"
ノート,のーと,古紙,"汚れたものは可燃ごみに出してください。
金具は取り外してください。

"
ノートパソコン,のーとぱそこん,受け入れできないもの,"パソコンリサイクル法対象品目です。メーカーまたはパソコン３Ｒ推進協会にお問い合わせください。

"
灰皿,はいざら,不燃ごみ,"

"
排尿バッグ,はいにょうばっぐ,可燃ごみ,"

"
はがき,はがき,古紙,"汚れたものは可燃ごみに出してください。

"
葉刈りごみ,はがりごみ,可燃ごみ,"長さ50cm、太さ5㎝以内に切断してください。長さ・太さの制限を超える場合は収集・持ち込み共にできませんので、民間の木材処理業者などにご相談ください。

"
剥製,はくせい,不燃ごみ,"不燃ごみ指定袋に入らないものは粗大ごみに出してください。

"
はけ,はけ,可燃ごみ,"

"
はさみ,はさみ,不燃ごみ,"紙に包むなど安全措置をして出してください。
包んだものに内容物を記入してください。

"
はしご,はしご,粗大ごみ,"

"
箸（金属・プラスチック製）,はし（きんぞく・ぷらすちっくせい）,不燃ごみ,"

"
箸（木製）,はし（もくせい）,可燃ごみ,"

"
肌着,はだぎ,古布（古着）,"汚れ、破れ、傷みのひどいものは可燃ごみに出してください。

"
鉢,はち,不燃ごみ,"

"
発泡スチロール製の箱,はっぽうすちろーるせいのはこ,発泡スチロール,"汚れたものは可燃ごみに出してください。

"
発泡スチロール（緩衝材）,はっぽうすちろーる（かんしょうざい）,発泡スチロール,"汚れたものは可燃ごみに出してください。

"
発泡スチロール（白色）,はっぽうすちろーる（はくしょく）,発泡スチロール,"汚れたものは可燃ごみに出してください。
白色トレイは発泡スチロールに出してください。

"
発泡スチロール（有色・柄）,はっぽうすちろーる（ゆうしょく・がら）,発泡スチロール,"汚れたものは可燃ごみに出してください。
有色・柄付のものも発泡スチロールに出せます。
有色トレイはプラスチック製容器包装に出してください。

"
発炎筒,はつえんとう,受け入れできないもの,"販売店などにご相談ください。

"
花火,はなび,可燃ごみ,"水に浸し、発火しないようにして出してください。

"
歯ブラシ,はぶらし,不燃ごみ,"

"
歯ブラシの包装パック,はぶらしのほうそうぱっく,プラスチック製容器包装,"汚れを落としてください。
汚れが落ちないものは可燃ごみに出してください。

"
歯ブラシの包装パックの台紙,はぶらしのほうそうぱっくのだいし,可燃ごみ,"

"
歯磨き粉のチューブ,はみがきこのちゅーぶ,可燃ごみ,"

"
針,はり,不燃ごみ,"紙に包むなど安全措置をして出してください。
包んだものに内容物を記入してください。

"
針金,はりがね,不燃ごみ,"

"
ハロゲンヒーター,はろげんひーたー,粗大ごみ,"

"
ハンカチ,はんかち,古布（古着）,"汚れ、破れ、傷みのひどいものは可燃ごみに出してください。

"
ハンガーラック,はんがーらっく,粗大ごみ,"

"
ハンガー（金属・プラスチック製）,はんがー（きんぞく・ぷらすちっくせい）,不燃ごみ,"

"
ハンガー（木製）,はんがー（もくせい）,可燃ごみ,"金具の付いているものは不燃ごみに出してください。

"
はんこ（金属・陶器・ガラス・石製・プラスチック製）,はんこ（きんぞく・とうき・がらす・せきせい・ぷらすちっくせい）,不燃ごみ,"

"
はんこ（木）,はんこ（き）,可燃ごみ,"

"
飯ごう,はんごう,不燃ごみ,"

"
半紙・習字の紙,はんし・しゅうじのかみ,可燃ごみ,"汚れたものは可燃ごみに出してください。

"
はんだごて,はんだごて,不燃ごみ,"

"
ハンディファン（リチウムイオン電池内蔵）,はんでぃふぁん,使用ずみ乾電池類,"バッテリー以外の取り外せる部品は取り外して不燃ごみに出してください。

"
ハンドバッグ,はんどばっぐ,不燃ごみ,"金具が付いていないものは可燃ごみに出してください。

"
ハードディスク（外付用）,はーどでぃすく（そとづけよう）,不燃ごみ,"

"
ハーモニカ,はーもにか,不燃ごみ,"

"
バイク,ばいく,受け入れできないもの,"販売店または自動二輪車コールセンター(050-3000-0727)にご相談ください。

"
バインダー,ばいんだー,不燃ごみ,"

"
バケツ・洗面器（金属製・プラスチック製）,ばけつ・せんめんき（きんぞくせい・ぷらすちっくせい）,不燃ごみ,"

"
バスマット,ばすまっと,可燃ごみ,"

"
バッグ,ばっぐ,可燃ごみ,"金具の付いているものは不燃ごみに出してください。

"
バッテリー（車、オートバイ等用）,ばってりー（くるま、おーとばいとうよう）,受け入れできないもの,"販売店などにご相談ください。

"
バット（金属・プラスチック製）,ばっと（きんぞく・ぷらすちっくせい）,不燃ごみ,"

"
バット（調理用）（金属製）,ばっと（ちょうりよう）（きんぞくせい）,不燃ごみ,"

"
バット（木製）,ばっと（もくせい）,可燃ごみ,"長さ50cm、太さ5cm程度に切って出してください。

"
バドミントンのシャトル,ばどみんとんのしゃとる,可燃ごみ,"

"
バドミントンのラケット,ばどみんとんのらけっと,不燃ごみ,"

"
バランスボール,ばらんすぼーる,可燃ごみ,"空気を抜いて出してください。

"
バラン（仕切り用）,ばらん（しきりよう）,可燃ごみ,"

"
バリカン（リチウムイオン電池内蔵）,ばりかん（でんどうしき）,使用ずみ乾電池類,"バッテリー以外の取り外せる部品は取り外して不燃ごみに出してください。

"
絆創膏（ばんそうこう）,ばんそうこう（ばんそうこう）,可燃ごみ,"

"
バンパー（自動車部品）,ばんぱー（じどうしゃぶひん）,受け入れできないもの,"販売店などにご相談ください。

"
バーベキューセット（コンロなど）,ばーべきゅーせっと（こんろなど）,粗大ごみ,"

"
バーベル,ばーべる,直接持込品目,"クリーンプラント、伊香クリーンプラザに直接持ち込んでください。

"
パイプ椅子,ぱいぷいす,粗大ごみ,"

"
パイプベッド,ぱいぷべっど,粗大ごみ,"

"
パソコンラック,ぱそこんらっく,粗大ごみ,"

"
パソコン(ﾃﾞｽｸﾄｯﾌﾟ本体、ﾃﾞｨｽﾌﾟﾚｲ、ﾉｰト、ﾃﾞｨｽﾌﾟﾚｲ一体型),ぱそこん（ですくとっぷほんたい、でぃすぷれい、のーと、でぃすぷれいいったいがた）,受け入れできないもの,"パソコンリサイクル法対象品目です。メーカーまたはパソコン３Ｒ推進協会にお問い合わせください。

"
パネルヒーター,ぱねるひーたー,粗大ごみ,"

"
パフ（化粧品）,ぱふ（けしょうひん）,可燃ごみ,"

"
パンチ（穴あけ器）,ぱんち（あなあけき）,不燃ごみ,"

"
パンティーストッキング,ぱんてぃーすとっきんぐ,可燃ごみ,"

"
パンフレット,ぱんふれっと,古紙,"汚れたものは可燃ごみに出してください。

"
パーテーション,ぱーてーしょん,粗大ごみ,"

"
ひげ剃り（金属製）,ひげそり（きんぞくせい）,不燃ごみ,"紙に包むなど安全措置をして出してください。
包んだものに内容物を記入してください。

"
ひな人形セット,ひなにんぎょうせっと,粗大ごみ,"小物は不燃ごみに出してください。

"
火バサミ,ひばさみ,不燃ごみ,"

"
火鉢,ひばち,直接持込品目,"クリーンプラント、伊香クリーンプラザに直接持ち込んでください。
灰はクリスタルプラザに直接持ち込んでください。

"
百科事典,ひゃっかじてん,古紙,"汚れたものは可燃ごみに出してください。

"
肥料袋,ひりょうふくろ,可燃ごみ,"事業活動が伴うものは収集できません。

"
ビデオカメラ,びでおかめら,不燃ごみ,"バッテリーは使用ずみ乾電池類に出してください。

"
ビデオテープ・ケースを含む,びでおてーぷ・けーすをふくむ,可燃ごみ,"テープ部分が破砕機に絡まるため、不燃ごみには出せません。

"
ビデオデッキ,びでおでっき,不燃ごみ,"

"
ビニール製品（ひも・ロープ・シート・袋・テープ）,びにーるせいひん（ひも・ろーぷ・しーと・ふくろ・てーぷ）,可燃ごみ,"

"
屏風,びょうぶ,粗大ごみ,"

"
びん（飲料・食品用）,びん（いんりょう・しょくひんよう）,ガラスびん,"中身を空にして水洗いしてください。
飲料・食品用以外のびんは不燃ごみに出してください。

"
ビーズクッション,びーずくっしょん,可燃ごみ,"小さいものや中身だけで出す場合は、収集時に破裂する危険があるので、他の
ごみと混ぜるなどをして出してください。可燃ごみの指定袋に入らないものは
可燃性粗大ごみで出してください。

"
ビーズクッションカバー,びーずくっしょんかばー,可燃ごみ,"可燃ごみの指定袋に入らないものは可燃性粗大ごみで出してください。

"
ビー玉,びーだま,不燃ごみ,"

"
ビーチパラソル,びーちぱらそる,粗大ごみ,"

"
ビーチボール,びーちぼーる,可燃ごみ,"

"
ビールびん,びーるびん,受け入れできないもの,"販売店などにご相談ください。

"
ピアニカ,ぴあにか,不燃ごみ,"

"
ピアノ,ぴあの,受け入れできないもの,"販売店などにご相談ください。

"
ファイル（文具類）,ふぁいる（ぶんぐるい）,可燃ごみ,"金具が付いているものは不燃ごみに出してください。

"
FAX,ふぁっくす,不燃ごみ,"不燃ごみ指定袋に入らないものは粗大ごみに出してください。

"
ファックス用紙（感熱紙以外）,ふぁっくすようかみ（かんねつしいがい）,古紙,"汚れたものは可燃ごみに出してください。

"
ファックス用紙（感熱紙）,ふぁっくすようかみ（かんねつし）,可燃ごみ,"リサイクルに適さないため、古紙には出せません。

"
ファックス・ファクシミリ,ふぁっくす・ふぁくしみり,不燃ごみ,"

"
ファンヒーター,ふぁんひーたー,粗大ごみ,"

"
フィルム（ネガ）、フィルムケース,ふぃるむ（ねが）、ふぃるむけーす,可燃ごみ,"

"
風船,ふうせん,可燃ごみ,"

"
封筒（紙製）,ふうとう（かみせい）,古紙,"汚れたものは可燃ごみに出してください。

"
風鈴（金属・ガラス製）,ふうりん（きんぞく・がらすせい）,不燃ごみ,"

"
笛（リコーダー）,ふえ（りこーだー）,不燃ごみ,"

"
フォーク・スプーン（金属・陶器製）,ふぉーく・すぷーん（きんぞく・とうきせい）,不燃ごみ,"

"
フォーク・スプーン（木・ﾌﾟﾗｽﾁｯｸ製）,ふぉーく・すぷーん（き・ぷらすちっくせい）,可燃ごみ,"

"
ふきん,ふきん,可燃ごみ,"

"
ふすま,ふすま,粗大ごみ,"増改築などにより発生するものは、収集、持込共にできません。
施工業者に処理を依頼してください。
持ち込みは１日１０枚までクリーンプラント・伊香クリーンプラザで受け付けます。

"
ふせん,ふせん,可燃ごみ,"リサイクルに適さないため、古紙には出せません。

"
フタ・キャップ（紙製）,ふた・きゃっぷ（かみせい）,可燃ごみ,"

"
フタ・キャップ（金属製）,ふた・きゃっぷ（きんぞくせい）,不燃ごみ,"

"
フタ・キャップ（プラスチック製）,ふた・きゃっぷ（ぷらすちっくせい）,プラスチック製容器包装,"汚れを落としてください。
汚れが落ちないものは可燃ごみに出してください。

"
筆,ふで,可燃ごみ,"

"
筆箱（金属・プラスチック製）,ふでばこ（きんぞく・ぷらすちっくせい）,不燃ごみ,"

"
筆箱（木・布製）,ふでばこ（き・ぬのせい）,可燃ごみ,"

"
ふとん,ふとん,可燃性粗大ごみ,"クリスタルプラザ、伊香クリーンプラザに1日10枚まで持ち込めます。

"
ふとん圧縮袋,ふとんあっしゅくぶくろ,可燃ごみ,"

"
ふとんカバー,ふとんかばー,古布（古着）,"汚れ、破れ、傷みのひどいものは可燃ごみに出してください。

"
ふとん乾燥機,ふとんかんそうき,不燃ごみ,"

"
ふとん叩き,ふとんだたき,可燃ごみ,"

"
ふとんばさみ,ふとんばさみ,不燃ごみ,"

"
フライ返し,ふらいがえし,不燃ごみ,"

"
フライパン,ふらいぱん,不燃ごみ,"

"
フラフープ,ふらふーぷ,粗大ごみ,"

"
フラワースタンド,ふらわーすたんど,粗大ごみ,"

"
古着・古布,ふるぎ・こふ,古布（古着）,"汚れ、破れ、傷みのひどいものは可燃ごみに出してください。

"
風呂敷（布製）,ふろしき（ぬのせい）,古布（古着）,"汚れ、破れ、傷みのひどいものは可燃ごみに出してください。

"
フロッピーディスク・ケースを含む,ふろっぴーでぃすく・けーすをふくむ,不燃ごみ,"

"
風呂のイス,ふろのいす,不燃ごみ,"

"
風呂のふた,ふろのふた,不燃ごみ,"不燃ごみ指定袋に入らないものは粗大ごみに出してください。

"
噴霧器（手動）,ふんむき（しゅどう）,粗大ごみ,"モーター、エンジン付のものは処理できません。販売店などにご相談ください。

"
フードプロセッサー,ふーどぷろせっさー,不燃ごみ,"

"
ブックエンド（金属・プラスチック製）,ぶっくえんど（きんぞく・ぷらすちっくせい）,不燃ごみ,"

"
ブックエンド（木製）,ぶっくえんど（もくせい）,可燃ごみ,"

"
ブックカバー,ぶっくかばー,古紙,"汚れたものは可燃ごみに出してください。

"
ブックカバー（購入したもの）,ぶっくかばー（こうにゅうしたもの）,可燃ごみ,"

"
仏壇,ぶつだん,粗大ごみ,"

"
ブラインド,ぶらいんど,不燃ごみ,"不燃ごみ指定袋に入らないものは粗大ごみに出してください。

"
ブラウン管テレビ,ぶらうんかんてれび,家電リサイクル,"収集も持ち込みもできません。
販売店や家電販売店に処理を依頼するか、郵便局でリサイクル料金を支払い、指定引き取り場所に持ち込んでください。

"
ぶら下がり健康器,ぶらさがりけんこうき,粗大ごみ,"

"
ブランコ（子供用遊具）,ぶらんこ（こどもようゆうぐ）,粗大ごみ,"

"
ブリキ製品,ぶりきせいひん,不燃ごみ,"

"
ブルーシート,ぶるーしーと,不燃ごみ,"金具の付いていないものは１ｍ程度に切断して可燃ごみに出してください。

"
ブロック（おもちゃ）,ぶろっく（おもちゃ）,不燃ごみ,"

"
文鎮,ぶんちん,不燃ごみ,"

"
プラスチック製収納ケース,ぷらすちっくせいしゅうのうけーす,不燃ごみ,"

"
プラスチックダンボール,ぷらすちっくだんぼーる,可燃ごみ,"

"
プラズマテレビ,ぷらずまてれび,家電リサイクル,"収集も持ち込みもできません。
販売店や家電販売店に処理を依頼するか、郵便局でリサイクル料金を支払い、指定引き取り場所に持ち込んでください。

"
プラモデル,ぷらもでる,不燃ごみ,"

"
プランター,ぷらんたー,不燃ごみ,"

"
プリペイドカード,ぷりぺいどかーど,不燃ごみ,"

"
プリンター,ぷりんたー,不燃ごみ,"不燃ごみ指定袋に入らないものは粗大ごみに出してください。

"
プロパンガスボンベ,ぷろぱんがすぼんべ,受け入れできないもの,"販売店、滋賀県LPガス協会
(TEL:077-526-0577)にご相談ください。

"
プール（子供用遊具）,ぷーる（こどもようゆうぐ）,可燃ごみ,"可燃ごみ指定袋に納まらないものは粗大ごみに出してください。

"
ヘアアイロン,へああいろん,不燃ごみ,"

"
ヘアドライヤー,へあどらいやー,不燃ごみ,"

"
ヘアピン（金属製）,へあぴん（きんぞくせい）,不燃ごみ,"

"
ヘアブラシ（プラスチック製）,へあぶらし（ぷらすちっくせい）,不燃ごみ,"

"
ヘアースプレー,へあーすぷれー,スプレー缶類（燃料缶等を含む）,"キャップは外してください。中身を空にして穴をあけてください。汚れていたり、錆びていても不燃ごみには出せません。火災の原因になります。

"
ヘアースプレーのキャップ（プラスチック製）,へあーすぷれーのきゃっぷ（ぷらすちっくせい）,プラスチック製容器包装,"汚れを落としてください。
汚れが落ちないものは可燃ごみに出してください。

"
ヘッドフォン,へっどふぉん,不燃ごみ,"

"
へら（金属・ゴム製）,へら（きんぞく・ごむせい）,不燃ごみ,"

"
へら（木製）,へら（もくせい）,可燃ごみ,"

"
ヘルメット,へるめっと,不燃ごみ,"

"
ベッド,べっど,粗大ごみ,"

"
ベッドパット,べっどぱっと,可燃ごみ,"１m程度の間隔に切って出してください。切れない場合は可燃性粗大ごみで
出してください。

"
ベビー用品（ベビーカー、ベビーベッドなど）,べびーようひん（べびーかー、べびーべっどなど）,粗大ごみ,"不燃ごみ指定袋に納まるものは不燃ごみに出してください。

"
ベルト,べると,不燃ごみ,"

"
便座,べんざ,不燃ごみ,"

"
便座カバー,べんざかばー,可燃ごみ,"

"
便槽,べんそう,受け入れできないもの,"販売店などにご相談ください。

"
弁当箱（金属・プラスチック製）,べんとうばこ（きんぞく・ぷらすちっくせい）,不燃ごみ,"

"
弁当箱（木製）,べんとうばこ（もくせい）,可燃ごみ,"

"
弁当容器（コンビニ等）,べんとうようき（こんびになど）,プラスチック製容器包装,"汚れを落としてください。
汚れが落ちないものは可燃ごみに出してください。

"
弁当容器（コンビニ等）の外包装フィルム,べんとうようき（こんびになど）のそとほうそうふぃるむ,プラスチック製容器包装,"汚れを落としてください。
汚れが落ちないものは可燃ごみに出してください。

"
ペットの運搬ケース（ケージ）,ぺっとのうんぱんけーす（けーじ）,不燃ごみ,"不燃ごみ指定袋に入らないものは粗大ごみに出してください。

"
ペットの小屋,ぺっとのこや,粗大ごみ,"

"
ペットフードの缶・フタ,ぺっとふーどのかん・ふた,空き缶類,"軽く水洗いして出してください。錆びていたり、汚れが落ちないものは不燃ごみに出してください。

"
ペットボトルのフタ（プラスチック製）,ぺっとぼとるのふた（ぷらすちっくせい）,プラスチック製容器包装,"汚れを落としてください。
汚れが落ちないものは可燃ごみに出してください。

"
ペットボトル(飲料、酒、みりん類、しょうゆ用・めんつゆ・ノンオイルドレッシング・酢などのペットボトル),ぺっとぼとる（いんりょう、さけ、みりんるい、しょうゆよう・めんつゆ・のんおいるどれっしんぐ・すなどのぺっとぼとる）,ペットボトル,"水洗いをしてください。
汚れているものは可燃ごみに出してください。

"
ペット用の檻（おり）,ぺっとようのおり（おり）,粗大ごみ,"

"
ペット用のトイレ砂(紙製、木製など）,ぺっとようのといれすな（かみせい、もくせいなど）,可燃ごみ,"

"
ペット用のトイレ砂(砕石などの砂）,ぺっとようのといれすな（さいせきなどのすな）,直接持込品目,"クリーンプラント、伊香クリーンプラザに直接持ち込んでください。
汚物は取り除いてください。

"
ペンチ,ぺんち,不燃ごみ,"

"
ホイールキャップ（自動車）,ほいーるきゃっぷ（じどうしゃ）,不燃ごみ,"

"
ほうき,ほうき,可燃ごみ,"竹ぼうき大のものは粗大ごみに出してください。

"
芳香剤,ほうこうざい,可燃ごみ,"

"
芳香剤の容器,ほうこうざいのようき,プラスチック製容器包装,"汚れを落としてください。
汚れが落ちないものは可燃ごみに出してください。

"
包装紙,ほうそうし,古紙,"汚れたものは可燃ごみに出してください。

"
包帯,ほうたい,可燃ごみ,"

"
包丁,ほうちょう,不燃ごみ,"紙に包むなど安全措置をして出してください。
包んだものに内容物を記入してください。

"
包丁研ぎ器,ほうちょうとぎき,不燃ごみ,"

"
ほうろう鍋（ホーロー鍋）,ほうろうなべ（ほーろーなべ）,不燃ごみ,"

"
補聴器,ほちょうき,不燃ごみ,"

"
ホッチキス（ステープラー）,ほっちきす（すてーぷらー）,不燃ごみ,"

"
ホッチキス（ステープラー）の針,ほっちきす（すてーぷらー）のはり,不燃ごみ,"

"
ホットカーペット,ほっとかーぺっと,粗大ごみ,"持ち込みはクリーンプラント、伊香クリーンプラザにお願いします。

"
ホットプレート,ほっとぷれーと,不燃ごみ,"

"
ほ乳びん（プラスチック製）,ほにゅうびん（ぷらすちっくせい）,不燃ごみ,"

"
保冷庫,ほれいこ,家電リサイクル,"収集も持ち込みもできません。
販売店や家電販売店に処理を依頼するか、郵便局でリサイクル料金を支払い、指定引き取り場所に持ち込んでください。

"
保冷剤,ほれいざい,可燃ごみ,"

"
ホワイトボード,ほわいとぼーど,粗大ごみ,"

"
本棚,ほんだな,粗大ごみ,"

"
本（書籍）,ほん（しょせき）,古紙,"汚れたものは可燃ごみに出してください。

"
ホースリール（プラスチック製）,ほーすりーる（ぷらすちっくせい）,不燃ごみ,"不燃ごみ指定袋に入らないものは粗大ごみに出してください。

"
ホース（ゴム製・ビニール製）,ほーす（ごむせい・びにーるせい）,不燃ごみ,"

"
ボイラー,ぼいらー,受け入れできないもの,"販売店などにご相談ください。

"
望遠鏡,ぼうえんきょう,不燃ごみ,"不燃ごみ指定袋に入らないものは粗大ごみに出してください。

"
帽子,ぼうし,古布（古着）,"汚れ、破れ、傷みのひどいものは可燃ごみに出してください。

"
防草シート,ぼうそうしーと,可燃性粗大ごみ,"１m程度の大きさに切って出してください。

"
防虫剤,ぼうちゅうざい,可燃ごみ,"

"
防虫剤のスプレー缶,ぼうちゅうざいのすぷれーかん,スプレー缶類（燃料缶等を含む）,"キャップは外してください。中身を空にして穴をあけてください。汚れていたり、錆びていても不燃ごみには出せません。火災の原因になります。

"
防鳥用ネット,ぼうちょうようねっと,可燃ごみ,"

"
ボウリングの球,ぼうりんぐのきゅう,直接持込品目,"クリーンプラント、伊香クリーンプラザに直接持ち込んでください。

"
ボウル,ぼうる,不燃ごみ,"

"
墨汁（ぼくじゅう）,ぼくじゅう（ぼくじゅう）,可燃ごみ,"紙や布に染み込ませてから出してください。

"
木刀,ぼくとう,不燃ごみ,"

"
ボタン電池,ぼたんでんち,使用ずみ乾電池類,"販売店回収も利用してください。
汚れていたり、錆びていても不燃ごみには出せません。火災の原因になります。

"
ボタン（金属・プラスチック製）,ぼたん（きんぞく・ぷらすちっくせい）,不燃ごみ,"

"
ボタン（木製）,ぼたん（もくせい）,可燃ごみ,"

"
ボディーブラシ,ぼでぃーぶらし,可燃ごみ,"

"
ボール各種（スポーツ用）,ぼーるかくしゅ（すぽーつよう）,可燃ごみ,"

"
ボールペン（金属製）,ぼーるぺん（きんぞくせい）,不燃ごみ,"

"
ポスター,ぽすたー,古紙,"汚れたものは可燃ごみに出してください。

"
ポスト,ぽすと,不燃ごみ,"

"
ポスト,ぽすと,可燃ごみ,"

"
ポット（魔法瓶）,ぽっと（まほうびん）,不燃ごみ,"

"
ポラロイド写真,ぽらろいどしゃしん,可燃ごみ,"

"
ポリタンク（プラスチックタンク）,ぽりたんく（ぷらすちっくたんく）,不燃ごみ,"不燃ごみ指定袋に入らないものは粗大ごみに出してください。

"
ポリ袋（購入したもの）,ぽりぶくろ（こうにゅうしたもの）,可燃ごみ,"

"
ポリ袋（商品が包装されたもの）,ぽりぶくろ（しょうひんがほうそうされたもの）,プラスチック製容器包装,"汚れを落としてください。
汚れが落ちないものは可燃ごみに出してください。

"
ポンプ類,ぽんぷるい,受け入れできないもの,"販売店等にご相談ください。

"
ポータブルトイレ（プラスチック製）,ぽーたぶるといれ（ぷらすちっくせい）,粗大ごみ,"

"
マイク,まいく,不燃ごみ,"

"
マウスパッド,まうすぱっど,可燃ごみ,"

"
マウス（パソコン用）,まうす（ぱそこんよう）,不燃ごみ,"

"
マガジンラック,まがじんらっく,不燃ごみ,"不燃ごみ指定袋に入らないものは粗大ごみに出してください。

"
まくら,まくら,可燃ごみ,"

"
まくらカバー,まくらかばー,古布（古着）,"汚れ、破れ、傷みのひどいものは可燃ごみに出してください。

"
マグネットシート,まぐねっとしーと,不燃ごみ,"

"
マジックペン,まじっくぺん,不燃ごみ,"

"
マスク,ますく,可燃ごみ,"

"
マッサージ機,まっさーじき,粗大ごみ,"

"
マッチ,まっち,可燃ごみ,"水に浸し、発火しないようにしてから出してください。

"
マッチ箱,まっちばこ,可燃ごみ,"

"
マットレス（スプリング無し）,まっとれす（すぷりんぐなし）,可燃性粗大ごみ,"クリスタルプラザ、伊香クリーンプラザに1日10枚まで持ち込めます。

"
松葉杖,まつばづえ,粗大ごみ,"

"
まな板,まないた,不燃ごみ,"

"
マニキュアのキャップ,まにきゅあのきゃっぷ,不燃ごみ,"

"
マニキュアのびん,まにきゅあのびん,不燃ごみ,"

"
マネキン（ヘアカット練習用）,まねきん（へあかっとれんしゅうよう）,不燃ごみ,"ご自宅で練習していたものに限ります。理容学校や店舗などの事業所から排出されるものは産業廃棄物として適正に処理してください。

"
マフラー（衣類）,まふらー（いるい）,古布（古着）,"汚れ、破れ、傷みのひどいものは可燃ごみに出してください。

"
魔法瓶（ポット）,まほうびん（ぽっと）,不燃ごみ,"

"
豆炭,まめたん,可燃ごみ,"

"
豆電球,まめでんきゅう,不燃ごみ,"

"
マヨネーズの外袋,まよねーずのそとぶくろ,プラスチック製容器包装,"汚れを落としてください。
汚れが落ちないものは可燃ごみに出してください。

"
マヨネーズの容器・フタ,まよねーずのようき・ふた,プラスチック製容器包装,"汚れを落としてください。
汚れが落ちないものは可燃ごみに出してください。

"
マルチシート,まるちしーと,可燃性粗大ごみ,"１m程度の大きさに切って出してください。

"
万年筆(金属製),まんねんひつ（きんぞくせい）,不燃ごみ,"

"
万歩計,まんぽけい,不燃ごみ,"

"
マーカーペン（油性ペン）,まーかーぺん（ゆせいぺん）,不燃ごみ,"

"
麻雀パイ,まーじゃんぱい,不燃ごみ,"

"
麻雀マット（布・プラスチック製）,まーじゃんまっと（ぬの・ぷらすちっくせい）,可燃ごみ,"

"
ミキサー,みきさー,不燃ごみ,"不燃ごみ指定袋に入らないものは粗大ごみに出してください。

"
ミシン,みしん,不燃ごみ,"不燃ごみ指定袋に入らないものは粗大ごみに出してください。
工業用ミシンは収集も持ち込みもできません。

"
ミシン（工業用）,みしん（こうぎょうよう）,受け入れできないもの,"販売店などにご相談ください。

"
ミニカー（金属製）,みにかー（きんぞくせい）,不燃ごみ,"

"
ミニコンポ,みにこんぽ,不燃ごみ,"不燃ごみ指定袋に入らないものは粗大ごみに出してください。

"
ﾐﾆﾃﾞｨｽｸ（MD）・ｹｰｽを含む,みにでぃすく（ＭＤ）・けーすをふくむ,不燃ごみ,"

"
ミニ電子ゲーム機（リチウムイオン電池内蔵）,みにでんしげーむき,使用ずみ乾電池類,"取り外せる部品は取り外して不燃ごみに出してください。

"
耳かき（金属製）,みみかき（きんぞくせい）,不燃ごみ,"

"
耳かき（木・プラスチック製）,みみかき（き・ぷらすちっくせい）,可燃ごみ,"

"
麦わら帽子,むぎわらぼうし,可燃ごみ,"

"
虫かご・虫の飼育ケース,むしかご・むしのしいくけーす,不燃ごみ,"

"
蒸し器,むしき,不燃ごみ,"

"
虫ピン,むしぴん,不燃ごみ,"紙に包むなど安全措置をして出してください。
包んだものに内容物を記入してください。

"
虫メガネ,むしめがね,不燃ごみ,"

"
むしろ,むしろ,可燃性粗大ごみ,"クリスタルプラザ、伊香クリーンプラザに1日10枚まで持ち込めます。

"
名刺,めいし,可燃ごみ,"リサイクルに適さないため、古紙には出せません。

"
メガネ,めがね,不燃ごみ,"

"
メガネケース（金属製・プラスチック製）,めがねけーす（きんぞくせい・ぷらすちっくせい）,不燃ごみ,"

"
目薬の容器（ボトル）,めぐすりのようき（ぼとる）,プラスチック製容器包装,"汚れを落としてください。
汚れが落ちないものは可燃ごみに出してください。

"
目覚まし時計,めざましどけい,不燃ごみ,"電池は取り除いてください。

"
メジャー,めじゃー,不燃ごみ,"

"
目玉クリップ,めだまくりっぷ,不燃ごみ,"

"
メトロノーム,めとろのーむ,不燃ごみ,"

"
メモ用紙,めもようし,古紙,"汚れたものは可燃ごみに出してください。

"
メモリーカード,めもりーかーど,不燃ごみ,"

"
綿棒,めんぼう,可燃ごみ,"

"
綿（わた）,めん（わた）,可燃ごみ,"

"
毛布,もうふ,古布（古着）,"透明の袋に入れるか、1メートル程度に折りたたんで紐で十字にくくって出してください。
汚れ、破れ、傷みのひどいものは可燃性粗大ごみに出してください。
キルティング生地のものは可燃性粗大ごみに出してください。

"
木炭,もくたん,可燃ごみ,"

"
餅つき機（小型のもの）,もちつきき,不燃ごみ,"

"
モップ,もっぷ,粗大ごみ,"

"
ものさし（金属製）,ものさし（きんぞくせい）,不燃ごみ,"

"
ものさし（竹）,ものさし（たけ）,可燃ごみ,"

"
物干し竿,ものほしざお,粗大ごみ,"

"
物干し台の支柱,ものほしだいのしちゅう,粗大ごみ,"

"
物干し台の台座,ものほしだいのだいざ,直接持込品目,"クリーンプラント、伊香クリーンプラザに直接持ち込んでください。

"
モバイルバッテリー,もばいるばってりー,使用ずみ乾電池類,"販売店回収も利用してください。
汚れていたり、錆びていても不燃ごみには出せません。火災の原因になります。

"
やかん,やかん,不燃ごみ,"

"
野球のボール・グローブ,やきゅうのぼーる・ぐろーぶ,可燃ごみ,"

"
薬品（塩酸など）,やくひん（えんさんなど）,受け入れできないもの,"販売店などにご相談ください。

"
野菜の結束テープ（PPバンド）,やさいのけっそくてーぷ（ＰＰばんど）,可燃ごみ,"プラスチック製容器包装では出せません。

"
野菜の外袋（プラスチック製）,やさいのそとぶくろ（ぷらすちっくせい）,プラスチック製容器包装,"汚れを落としてください。
汚れが落ちないものは可燃ごみに出してください。

"
野菜を包んだネット,やさいをつつんだねっと,プラスチック製容器包装,"汚れを落としてください。
汚れが落ちないものは可燃ごみに出してください。

"
やすり（金属製）,やすり（きんぞくせい）,不燃ごみ,"紙やすりは可燃ごみに出してください。

"
浴衣,ゆかた,古布（古着）,"汚れ、破れ、傷みのひどいものは可燃ごみに出してください。

"
湯たんぽ,ゆたんぽ,不燃ごみ,"

"
湯のみ茶碗,ゆのみちゃわん,不燃ごみ,"

"
洋服,ようふく,古布（古着）,"汚れ、破れ、傷みのひどいものは可燃ごみに出してください。

"
洋服ダンス,ようふくだんす,粗大ごみ,"

"
浴槽,よくそう,受け入れできないもの,"販売店などにご相談ください。

"
浴槽のふた,よくそうのふた,粗大ごみ,"

"
よしず,よしず,可燃性粗大ごみ,"クリスタルプラザ、伊香クリーンプラザに1日10枚まで持ち込めます。

"
ライター（使い捨て）,らいたー（つかいすて）,ライター,"使い切って出してください。
汚れていたり、錆びていても不燃ごみには出せません。火災の原因になります。

"
ラジオ(携帯用),らじお（けいたいよう）,不燃ごみ,"電池は使用ずみ乾電池類に出してください。

"
ラジカセ,らじかせ,不燃ごみ,"電池は使用ずみ乾電池類に出してください。

"
ラップの芯,らっぷのしん,古紙,"汚れたものは可燃ごみに出してください。

"
ラップの外箱の刃（金属製）,らっぷのそとばこのは（きんぞくせい）,不燃ごみ,"紙に包むなど安全措置をして出してください。
包んだものに内容物を記入してください。

"
ラップの外箱（紙刃を含む）,らっぷのそとばこ（かみはをふくむ）,古紙,"汚れたものは可燃ごみに出してください。

"
ラップ（お店で包装されたもの）,らっぷ（おみせでほうそうされたもの）,プラスチック製容器包装,"汚れを落としてください。
汚れが落ちないものは可燃ごみに出してください。

"
ラップ（購入品・家庭で使用したもの）,らっぷ（こうにゅうしな・かていでしようしたもの）,可燃ごみ,"

"
ラムネびん,らむねびん,ガラスびん,"ビー玉が入っていても収集可能です。

"
ランドセル,らんどせる,不燃ごみ,"

"
ランニングマシン,らんにんぐましん,粗大ごみ,"

"
ランプ（金属製）,らんぷ（きんぞくせい）,不燃ごみ,"

"
リコーダー（笛）,りこーだー（ふえ）,不燃ごみ,"

"
リチウムイオン電池（充電できるもの）,りちうむいおんでんち（じゅうでんできるもの）,使用ずみ乾電池類,"販売店回収も利用してください。
汚れていたり、錆びていても不燃ごみには出せません。火災の原因になります。

"
リチウム電池（充電できないもの）,りちうむでんち（じゅうでんできないもの）,使用ずみ乾電池類,"販売店回収も利用してください。
汚れていたり、錆びていても不燃ごみには出せません。火災の原因になります。

"
リモコン,りもこん,不燃ごみ,"電池は使用ずみ乾電池類に出してください。

"
リュックサック,りゅっくさっく,不燃ごみ,"

"
リール（釣具）,りーる（つりぐ）,不燃ごみ,"

"
ルアー（釣り用）金属製,るあー（つりよう）きんぞくせい,不燃ごみ,"紙に包むなど安全措置をして出してください。
包んだものに内容物を記入してください。

"
ルーズリーフ（バインダー）,るーずりーふ（ばいんだー）,不燃ごみ,"

"
ルーフキャリア,るーふきゃりあ,粗大ごみ,"

"
ルーペ,るーぺ,不燃ごみ,"

"
ルームランナー,るーむらんなー,粗大ごみ,"

"
冷蔵庫（冷凍庫）,れいぞうこ（れいとうこ）,家電リサイクル,"収集も持ち込みもできません。
販売店や家電販売店に処理を依頼するか、郵便局でリサイクル料金を支払い、指定引き取り場所に持ち込んでください。

"
冷風機,れいふうき,不燃ごみ,"フロンガスが含まれているものは収集も持込もできません。
販売店などにご相談ください。

"
レインコート（雨具・カッパ）,れいんこーと（あまぐ・かっぱ）,可燃ごみ,"

"
レコード盤,れこーどばん,不燃ごみ,"

"
レコードプレーヤー,れこーどぷれーやー,不燃ごみ,"不燃ごみ指定袋に入らないものは粗大ごみに出してください。

"
レシート（感熱紙）,れしーと（かんねつし）,可燃ごみ,"リサイクルに適さないため、古紙には出せません。

"
レジ袋,れじぶくろ,プラスチック製容器包装,"汚れを落としてください。
汚れが落ちないものは可燃ごみに出してください。

"
レジャーシート,れじゃーしーと,可燃ごみ,"大きいものは１m程度に切断してください。金具は取り外してください。

"
レトルトパック（カレー等）,れとるとぱっく（かれーなど）,プラスチック製容器包装,"汚れを落としてください。
汚れが落ちないものは可燃ごみに出してください。

"
レトルトパック（カレー等）の外箱,れとるとぱっく（かれーなど）のそとばこ,古紙,"汚れたものは可燃ごみに出してください。

"
レンジ台,れんじだい,粗大ごみ,"

"
レンジフードカバー,れんじふーどかばー,不燃ごみ,"

"
練炭,れんたん,可燃ごみ,"

"
レーザーディスク（LD）,れーざーでぃすく（ＬＤ）、えるでぃー,不燃ごみ,"

"
レーザーディスク（LD）プレーヤー,れーざーでぃすく（ＬＤ）ぷれーやー、えるでぃー,不燃ごみ,"不燃ごみ指定袋に入らないものは粗大ごみに出してください。

"
老眼鏡,ろうがんきょう,不燃ごみ,"

"
ロッカー,ろっかー,粗大ごみ,"

"
ローソク,ろーそく,可燃ごみ,"

"
ロープ,ろーぷ,可燃ごみ,"１ｍ程度に切断してください。

"
ローボード,ろーぼーど,粗大ごみ,"

"
ローラースケート（ブレード）,ろーらーすけーと（ぶれーど）,不燃ごみ,"

"
ワイシャツ,わいしゃつ,古布（古着）,"汚れ、破れ、傷みのひどいものは可燃ごみに出してください。

"
ワイシャツの外袋,わいしゃつのそとぶくろ,プラスチック製容器包装,"汚れを落としてください。
汚れが落ちないものは可燃ごみに出してください。

"
ワイシャツの中の台紙,わいしゃつのなかのだいし,古紙,"汚れたものは可燃ごみに出してください。

"
ワイパー（自動車）,わいぱー（じどうしゃ）,不燃ごみ,"ご自身で取り換えたものに限ります。

"
ワイヤレスイヤホン・ヘッドホン,わいやれすいやほん・へっどほん,使用ずみ乾電池類,"バッテリー以外の取り外せる部品は取り外して不燃ごみに出してください。

"
ワイヤー,わいやー,直接持込品目,"クリーンプラント、伊香クリーンプラザに直接持ち込んでください。

"
ワインセラー,わいんせらー,家電リサイクル,"収集も持ち込みもできません。
販売店や家電販売店に処理を依頼するか、郵便局でリサイクル料金を支払い、指定引き取り場所に持ち込んでください。

"
輪ゴム,わごむ,不燃ごみ,"

"
輪ゴムの外箱,わごむのそとばこ,古紙,"汚れたものは可燃ごみに出してください。

"
わさびのチューブ・ふた,わさびのちゅーぶ・ふた,可燃ごみ,"

"
和服,わふく,古布（古着）,"汚れ、破れ、傷みのひどいものは可燃ごみに出してください。

"
割りばし,わりばし,可燃ごみ,"

"
割りばしの個袋（プラスチック製）,わりばしのこぶくろ（ぷらすちっくせい）,プラスチック製容器包装,"汚れを落としてください。
汚れが落ちないものは可燃ごみに出してください。

"
割れたびん（原型を留めないもの）,われたびん（げんけいをとどめないもの）,不燃ごみ,"紙や布に包むなど安全措置をして、内容物を記入のうえ指定袋に入れて出してください。

"
ワープロ,わーぷろ,不燃ごみ,"不燃ごみ指定袋に入らないものは粗大ごみに出してください。

"
ワープロのインクリボン,わーぷろのいんくりぼん,可燃ごみ,"

"
ACアダプター,ＡＣあだぷたー,不燃ごみ,"

"
CDなど(LD・DVD・ブルーレイ)・ケースを含む,ＣＤなど（ＬＤ・ＤＶＤ・ぶるーれい）・けーすをふくむ、しーでぃー、えるでぃー、でぃーぶいでぃー,不燃ごみ,"

"
CDプレーヤー,ＣＤぷれーやー、しーでぃー,不燃ごみ,"

"
DVDプレーヤー,ＤＶＤぷれーやー、でぃーぶいでぃー,不燃ごみ,"不燃ごみ指定袋に入らないものは粗大ごみに出してください。

"
ETC車載ユニット,ＥＴＣしゃさいゆにっと、いーてぃーしー,不燃ごみ,"

"
ICレコーダー（リチウムイオン電池内蔵）,ＩＣれこーだー、あいしー,不燃ごみ,"バッテリー以外の取り外せる部品は取り外して不燃ごみに出してください。

"
LEDライト,ＬＥＤらいと,不燃ごみ,"

"
LPガスボンベ類,ＬＰがすぼんべるい、えるぴー,受け入れできないもの,"販売店、滋賀県ＬＰガス協会（電話番号：077-526-0577）にご相談ください。

"
MDプレーヤー,ＭＤぷれーやー、えむでぃー,不燃ごみ,"

"
MD（ミニディスク）・ケースを含む,ＭＤ（みにでぃすく）・けーすをふくむ、えむでぃー,不燃ごみ,"

"
MOドライブ,ＭＯどらいぶ、えむおー,不燃ごみ,"

"
MO（エムオー）・ケースを含む,ＭＯ（えむおー）・けーすをふくむ,不燃ごみ,"

"
PHS,ＰＨＳ、ぴーえいちえす,不燃ごみ,"バッテリーは使用ずみ乾電池類に出してください。

"
PPバンド,ＰＰばんど、ぴーぴー,可燃ごみ,"プラスチック製容器包装では出せません。

"
SDカード,ＳＤかーど、えすでぃー,不燃ごみ,"

"
Tシャツ,Ｔしゃつ、てぃー,古布（古着）,"汚れ、破れ、傷みのひどいものは可燃ごみに出してください。

"
USBメモリー,ＵＳＢめもりー、ゆーえすびー,不燃ごみ,"

"
