全国地方公共団体コード,ID,品目,分別区分,注意点,料金種別,料金,料金備考,連絡先名称,連絡先電話番号,連絡先内線番号,連絡先メールアドレス,連絡先FormURL,連絡先備考,備考
072079,072079_1,IHクッキングヒーター,不燃ごみ,60センチメートル以上は粗大ごみ（ビルトイン型は収集不可のため、専門業者に依頼）,無料,,,生活部生活環境課,0248-88-9129,,,,,
072079,072079_2,アイロン,不燃ごみ,,無料,,,生活部生活環境課,0248-88-9129,,,,,
072079,072079_3,アイロン台,不燃ごみ,60センチメートル以上は粗大ごみ,無料,,,生活部生活環境課,0248-88-9129,,,,,
072079,072079_4,アコーディオンカーテン,粗大ごみ,,無料,,,生活部生活環境課,0248-88-9129,,,,,
072079,072079_5,油（機械油・エンジンオイル）,収集不可,専門業者に依頼（有料）。少量の場合は、紙・布などにしみ込ませるか、固めて可燃ごみに出す,,,,生活部生活環境課,0248-88-9129,,,,,
072079,072079_6,油（食用）,可燃ごみ,紙・布などにしみ込ませるか、固めて出すしてください。,無料,,,生活部生活環境課,0248-88-9129,,,,,
072079,072079_7,油の容器（缶・びん）,不燃ごみ,ペットボトル・プラスチック製は可燃ごみ,無料,,,生活部生活環境課,0248-88-9129,,,,,
072079,072079_8,雨具（カッパ・レインコート）,可燃ごみ,30センチメートル未満に切断したものは資源物②,無料,,,生活部生活環境課,0248-88-9129,,,,,
072079,072079_9,編み機,粗大ごみ,,無料,,,生活部生活環境課,0248-88-9129,,,,,
072079,072079_10,網戸,粗大ごみ,リフォーム工事を除く,無料,,,生活部生活環境課,0248-88-9129,,,,,
072079,072079_11,アルバム,可燃ごみ,,無料,,,生活部生活環境課,0248-88-9129,,,,,
072079,072079_12,安全靴,可燃ごみ,,無料,,,生活部生活環境課,0248-88-9129,,,,,
072079,072079_13,アンテナ,不燃ごみ,60センチメートル以上は粗大ごみ,無料,,,生活部生活環境課,0248-88-9129,,,,,
072079,072079_14,アンプ（ステレオ）,不燃ごみ,,無料,,,生活部生活環境課,0248-88-9129,,,,,
072079,072079_15,イーゼル（木製・プラスチック製）,可燃ごみ,60センチメートル以上は粗大ごみ,無料,,,生活部生活環境課,0248-88-9129,,,,,
072079,072079_16,イーゼル（金属製）,資源物①,,無料,,,生活部生活環境課,0248-88-9129,,,,,
072079,072079_17,衣装ケース・衣装箱（木・桐・プラスチック）,可燃ごみ,60センチメートル以上は粗大ごみ,無料,,,生活部生活環境課,0248-88-9129,,,,,
072079,072079_18,衣装ケース・衣装箱（金属製）,資源物①,60センチメートル以上は粗大ごみ,無料,,,生活部生活環境課,0248-88-9129,,,,,
072079,072079_19,石類（庭石・がれき類など）,収集不可,専門業者に依頼してください。,,,,生活部生活環境課,0248-88-9129,,,,,
072079,072079_20,イス,粗大ごみ,,無料,,,生活部生活環境課,0248-88-9129,,,,,
072079,072079_21,板切れ,可燃ごみ,60センチメートル以上は粗大ごみ,無料,,,生活部生活環境課,0248-88-9129,,,,,
072079,072079_22,一輪車,粗大ごみ,,無料,,,生活部生活環境課,0248-88-9129,,,,,
072079,072079_23,一升びん（油びんを除く）,資源物①,,無料,,,生活部生活環境課,0248-88-9129,,,,,
072079,072079_24,一斗缶（空缶）,資源物①,,無料,,,生活部生活環境課,0248-88-9129,,,,,
072079,072079_25,犬小屋（木製・プラスチック製）,粗大ごみ,,無料,,,生活部生活環境課,0248-88-9129,,,,,
072079,072079_26,犬の死骸,収集不可,衛生センターに持込してください。（手数料200円）,,,,生活部生活環境課,0248-88-9129,,,,,
072079,072079_27,医薬品,可燃ごみ,液体は紙・布などにしみ込ませて出す。薬瓶は資源物①,無料,,,生活部生活環境課,0248-88-9129,,,,,
072079,072079_28,イヤホン,不燃ごみ,ワイヤレスで、膨らんでいるもの、充電池が破損しているものは須賀川地方衛生センターに相談,無料,,,生活部生活環境課,0248-88-9129,,,,,
072079,072079_29,衣類,可燃ごみ,,無料,,,生活部生活環境課,0248-88-9129,,,,,
072079,072079_30,衣類乾燥機,収集不可,排出禁止。家電リサイクル法対象。郵便局で家電リサイクル券を購入し、釜屋リサイクルセンターへ搬入。,,,,生活部生活環境課,0248-88-9129,,,,,
072079,072079_31,インクカートリッジ,可燃ごみ,販売店や市役所に設置してあるリサイクルボックスを利用してください。,無料,,,生活部生活環境課,0248-88-9129,,,,,
072079,072079_32,植木鉢（プラスチック製）,可燃ごみ,30センチメートル未満は資源物②、60センチメートル以上は粗大ごみ,無料,,,生活部生活環境課,0248-88-9129,,,,,
072079,072079_33,植木鉢（素焼き・陶磁器製）,不燃ごみ,60センチメートル以上は粗大ごみ,無料,,,生活部生活環境課,0248-88-9129,,,,,
072079,072079_34,ウォーキングマシン,粗大ごみ,,無料,,,生活部生活環境課,0248-88-9129,,,,,
072079,072079_35,ウォーターサーバー,粗大ごみ,冷却機能があるものは、取扱業者に依頼,無料,,,生活部生活環境課,0248-88-9129,,,,,
072079,072079_36,臼・うす（木製・石製）,粗大ごみ,大人2人で持ち運べない重さのものは、事前に生活環境課へ相談,無料,,,生活部生活環境課,0248-88-9129,,,,,
072079,072079_37,ウッドデッキ,粗大ごみ,,無料,,,生活部生活環境課,0248-88-9129,,,,,
072079,072079_38,運動器具,粗大ごみ,,無料,,,生活部生活環境課,0248-88-9129,,,,,
072079,072079_39,エアコン（室外機含む）,収集不可,排出禁止。家電リサイクル法対象。郵便局で家電リサイクル券を購入し、釜屋リサイクルセンターへ搬入。,,,,生活部生活環境課,0248-88-9129,,,,,
072079,072079_40,エアゾール缶（スプレー缶）,資源物①,中身を空にしてから出すしてください。,無料,,,生活部生活環境課,0248-88-9129,,,,,
072079,072079_41,MD（ケース含む）,資源物②,,無料,,,生活部生活環境課,0248-88-9129,,,,,
072079,072079_42,LPガスボンベ,収集不可,販売店へ返却,,,,生活部生活環境課,0248-88-9129,,,,,
072079,072079_43,エレクトーン,粗大ごみ,,無料,,,生活部生活環境課,0248-88-9129,,,,,
072079,072079_44,園芸用支柱パイプ,不燃ごみ,60センチメートル以上は粗大ごみ,無料,,,生活部生活環境課,0248-88-9129,,,,,
072079,072079_45,縁台,粗大ごみ,,無料,,,生活部生活環境課,0248-88-9129,,,,,
072079,072079_46,延長コード,不燃ごみ,,無料,,,生活部生活環境課,0248-88-9129,,,,,
072079,072079_47,オイルヒーター,粗大ごみ,,無料,,,生活部生活環境課,0248-88-9129,,,,,
072079,072079_48,応接テーブル,粗大ごみ,,無料,,,生活部生活環境課,0248-88-9129,,,,,
072079,072079_49,応接いす・ソファ,粗大ごみ,,無料,,,生活部生活環境課,0248-88-9129,,,,,
072079,072079_50,オートバイ,収集不可,販売店に相談してください。,,,,生活部生活環境課,0248-88-9129,,,,,
072079,072079_51,オーブントースター,不燃ごみ,,無料,,,生活部生活環境課,0248-88-9129,,,,,
072079,072079_52,お菓子の袋,資源物②,汚れているものまたは、裏が銀色（アルミ蒸着）のものは可燃ごみ,無料,,,生活部生活環境課,0248-88-9129,,,,,
072079,072079_53,置物（木製・プラスチック製）,可燃ごみ,60センチメートル以上は粗大ごみ,無料,,,生活部生活環境課,0248-88-9129,,,,,
072079,072079_54,置物（金属製）,資源物①,,無料,,,生活部生活環境課,0248-88-9129,,,,,
072079,072079_55,おけ（プラスチック製）,資源物②,30センチメートル以上60センチメートル未満は可燃ごみ、60センチメートル以上は粗大ごみ,無料,,,生活部生活環境課,0248-88-9129,,,,,
072079,072079_56,おけ（木製）,可燃ごみ,60センチメートル以上は粗大ごみ,無料,,,生活部生活環境課,0248-88-9129,,,,,
072079,072079_57,押入れ収納ケース（プラスチック製）,可燃ごみ,60センチメートル以上は粗大ごみ,無料,,,生活部生活環境課,0248-88-9129,,,,,
072079,072079_58,押し車,粗大ごみ,,無料,,,生活部生活環境課,0248-88-9129,,,,,
072079,072079_59,落ち葉、枯葉,可燃ごみ,乾かして1回につき概ね3袋程度ずつ出す,無料,,,生活部生活環境課,0248-88-9129,,,,,
072079,072079_60,おまる（ポータブルトイレ含む）,可燃ごみ,60センチメートル以上は粗大ごみ,無料,,,生活部生活環境課,0248-88-9129,,,,,
072079,072079_61,おむつ（布製・紙製）,可燃ごみ,汚物は取り除く,無料,,,生活部生活環境課,0248-88-9129,,,,,
072079,072079_62,おもちゃ(プラスチック製）,可燃ごみ,100パーセントプラスチック製の30センチメートル未満は資源物②。60センチメートル以上は粗大ごみ,無料,,,生活部生活環境課,0248-88-9129,,,,,
072079,072079_63,おもちゃ(木製）,可燃ごみ,60センチメートル以上は粗大ごみ,無料,,,生活部生活環境課,0248-88-9129,,,,,
072079,072079_64,おもちゃ（金属製）,資源物①,金属と可燃物の混合品は不燃ごみ、60センチメートル以上は粗大ごみ,無料,,,生活部生活環境課,0248-88-9129,,,,,
072079,072079_65,折りたたみベッド,粗大ごみ,,無料,,,生活部生活環境課,0248-88-9129,,,,,
072079,072079_66,オルガン,粗大ごみ,,無料,,,生活部生活環境課,0248-88-9129,,,,,
072079,072079_67,温水洗浄機付便座,不燃ごみ,60センチメートル以上は粗大ごみ,無料,,,生活部生活環境課,0248-88-9129,,,,,
072079,072079_68,温水タンク（電気式）,収集不可,専門業者に依頼してください。,,,,生活部生活環境課,0248-88-9129,,,,,
072079,072079_69,カーテン,可燃ごみ,,無料,,,生活部生活環境課,0248-88-9129,,,,,
072079,072079_70,カーテンレール（金属製）,資源物①,60センチメートル以上は粗大ごみ,無料,,,生活部生活環境課,0248-88-9129,,,,,
072079,072079_71,カーペット・じゅうたん・マット,粗大ごみ,,無料,,,生活部生活環境課,0248-88-9129,,,,,
072079,072079_72,絵画,可燃ごみ,60センチメートル以上は粗大ごみ,無料,,,生活部生活環境課,0248-88-9129,,,,,
072079,072079_73,貝がら,可燃ごみ,,無料,,,生活部生活環境課,0248-88-9129,,,,,
072079,072079_74,介護用便座（イス型）,粗大ごみ,,無料,,,生活部生活環境課,0248-88-9129,,,,,
072079,072079_75,懐中電灯,資源物①,プラスチック製は可燃ごみ、乾電池は不燃ごみ,無料,,,生活部生活環境課,0248-88-9129,,,,,
072079,072079_76,カイロ（使い捨て含む）,不燃ごみ,,無料,,,生活部生活環境課,0248-88-9129,,,,,
072079,072079_77,鏡,不燃ごみ,,無料,,,生活部生活環境課,0248-88-9129,,,,,
072079,072079_78,額縁（木製）,可燃ごみ,60センチメートル以上は粗大ごみ,無料,,,生活部生活環境課,0248-88-9129,,,,,
072079,072079_79,額縁（プラスチック製）,可燃ごみ,30センチメートル未満は資源物②、60センチメートル以上は粗大ごみ,無料,,,生活部生活環境課,0248-88-9129,,,,,
072079,072079_80,額縁（金属製）,不燃ごみ,60センチメートル以上は粗大ごみ,無料,,,生活部生活環境課,0248-88-9129,,,,,
072079,072079_81,額縁(ガラス部分),不燃ごみ,60センチメートル以上は粗大ごみ,無料,,,生活部生活環境課,0248-88-9129,,,,,
072079,072079_82,家具類,可燃ごみ,60センチメートル以上は粗大ごみ,無料,,,生活部生活環境課,0248-88-9129,,,,,
072079,072079_83,かご（プラスチック製）,可燃ごみ,30センチメートル未満は資源物②、60センチメートル以上は粗大ごみ,無料,,,生活部生活環境課,0248-88-9129,,,,,
072079,072079_84,かご（金属製）,資源物①,60センチメートル以上は粗大ごみ,無料,,,生活部生活環境課,0248-88-9129,,,,,
072079,072079_85,かご（竹製）,可燃ごみ,60センチメートル以上は粗大ごみ,無料,,,生活部生活環境課,0248-88-9129,,,,,
072079,072079_86,傘（折りたたみ傘含む）,不燃ごみ,布・ビニール部分は可燃ごみ,無料,,,生活部生活環境課,0248-88-9129,,,,,
072079,072079_87,傘立て（プラスチック製）,可燃ごみ,30センチメートル未満は資源物②、60センチメートル以上は粗大ごみ,無料,,,生活部生活環境課,0248-88-9129,,,,,
072079,072079_88,傘立て（金属製）,資源物①,60センチメートル以上は粗大ごみ,無料,,,生活部生活環境課,0248-88-9129,,,,,
072079,072079_89,傘立て（陶磁器製）,不燃ごみ,60センチメートル以上は粗大ごみ,無料,,,生活部生活環境課,0248-88-9129,,,,,
072079,072079_90,加湿器,不燃ごみ,,無料,,,生活部生活環境課,0248-88-9129,,,,,
072079,072079_91,菓子箱（金属製）,資源物①,,無料,,,生活部生活環境課,0248-88-9129,,,,,
072079,072079_92,ガステーブル（ガス台）,資源物①,60センチメートル以上は粗大ごみ,無料,,,生活部生活環境課,0248-88-9129,,,,,
072079,072079_93,ガスボンベ（カセット式）,資源物①,中身を空にしてから出す,無料,,,生活部生活環境課,0248-88-9129,,,,,
072079,072079_94,ガス湯沸かし器（小型室内用）,不燃ごみ,60センチメートル以上は粗大ごみ,無料,,,生活部生活環境課,0248-88-9129,,,,,
072079,072079_95,ガス湯沸かし器（大型給湯器）,収集不可,専門業者に依頼してください。,,,,生活部生活環境課,0248-88-9129,,,,,
072079,072079_96,ガスレンジ（ガスオーブン）,資源物①,60センチメートル以上は粗大ごみ,無料,,,生活部生活環境課,0248-88-9129,,,,,
072079,072079_97,カセットコンロ,資源物①,,無料,,,生活部生活環境課,0248-88-9129,,,,,
072079,072079_98,カセットテープ・カセットケース,可燃ごみ,カセットケースは資源物②,無料,,,生活部生活環境課,0248-88-9129,,,,,
072079,072079_99,カタログ,資源物②,,無料,,,生活部生活環境課,0248-88-9129,,,,,
072079,072079_100,カッター・カミソリの刃,不燃ごみ,古布や古新聞で刃を覆って出すしてください。,無料,,,生活部生活環境課,0248-88-9129,,,,,
072079,072079_101,カップめんの容器・ふた・スープ袋,可燃ごみ,プラスチック製の容器で汚れていないものは資源物②,無料,,,生活部生活環境課,0248-88-9129,,,,,
072079,072079_102,金網,粗大ごみ,60センチメートル未満は資源物①,無料,,,生活部生活環境課,0248-88-9129,,,,,
072079,072079_103,加熱式たばこ,不燃ごみ,メーカーのリサイクル活動に協力。膨らんでいるものは須賀川地方衛生センターへ相談,無料,,,生活部生活環境課,0248-88-9129,,,,,
072079,072079_104,かばん（革、布製）,可燃ごみ,金属製は資源物①,無料,,,生活部生活環境課,0248-88-9129,,,,,
072079,072079_105,花びん・ガラス製品,不燃ごみ,,無料,,,生活部生活環境課,0248-88-9129,,,,,
072079,072079_106,壁紙,粗大ごみ,リフォーム工事を除く,無料,,,生活部生活環境課,0248-88-9129,,,,,
072079,072079_107,鎌,不燃ごみ,古布や古新聞で刃を覆って出す,無料,,,生活部生活環境課,0248-88-9129,,,,,
072079,072079_108,かまど,粗大ごみ,,無料,,,生活部生活環境課,0248-88-9129,,,,,
072079,072079_109,紙コップ,可燃ごみ,,無料,,,生活部生活環境課,0248-88-9129,,,,,
072079,072079_110,紙皿,可燃ごみ,,無料,,,生活部生活環境課,0248-88-9129,,,,,
072079,072079_111,紙箱,資源物②,,無料,,,生活部生活環境課,0248-88-9129,,,,,
072079,072079_112,紙パック（牛乳パックなど飲料用）,資源物②,内側が銀色のもの、汚れているものは可燃ごみに出す,無料,,,生活部生活環境課,0248-88-9129,,,,,
072079,072079_113,紙袋（紙だけでできている）,資源物②,汚れているものは可燃ごみに出す。取っ手が紙以外の素材でできているものは分別して出す。,無料,,,生活部生活環境課,0248-88-9129,,,,,
072079,072079_114,カメラ,不燃ごみ,,無料,,,生活部生活環境課,0248-88-9129,,,,,
072079,072079_115,カラーボックス,粗大ごみ,,無料,,,生活部生活環境課,0248-88-9129,,,,,
072079,072079_116,カラオケ機器,粗大ごみ,,無料,,,生活部生活環境課,0248-88-9129,,,,,
072079,072079_117,ガラス板,粗大ごみ,60センチメートル未満は不燃ごみ,無料,,,生活部生活環境課,0248-88-9129,,,,,
072079,072079_118,ガラス製品,不燃ごみ,,無料,,,生活部生活環境課,0248-88-9129,,,,,
072079,072079_119,ガラス戸（サッシ）,粗大ごみ,リフォーム工事を除く,無料,,,生活部生活環境課,0248-88-9129,,,,,
072079,072079_120,がれき類（コンクリート片など）,収集不可,専門業者に依頼してください。,,,,生活部生活環境課,0248-88-9129,,,,,
072079,072079_121,カレンダー（紙）,資源物②,金属部分は取り外して資源物①に出す,無料,,,生活部生活環境課,0248-88-9129,,,,,
072079,072079_122,革製品（革靴・革鞄等）,可燃ごみ,,無料,,,生活部生活環境課,0248-88-9129,,,,,
072079,072079_123,缶,資源物①,中身は空にして出す,無料,,,生活部生活環境課,0248-88-9129,,,,,
072079,072079_124,換気扇,不燃ごみ,60センチメートル以上は粗大ごみ,無料,,,生活部生活環境課,0248-88-9129,,,,,
072079,072079_125,観葉植物,粗大ごみ,60センチメートル未満は可燃ごみ。土は収集不可,無料,,,生活部生活環境課,0248-88-9129,,,,,
072079,072079_126,緩衝材（発泡スチロール製など）,可燃ごみ,30センチメートル未満は資源物②,無料,,,生活部生活環境課,0248-88-9129,,,,,
072079,072079_127,乾燥機（洗濯用）,収集不可,排出禁止。家電リサイクル法対象。郵便局で家電リサイクル券を購入し、釜屋リサイクルセンターへ搬入,,,,生活部生活環境課,0248-88-9129,,,,,
072079,072079_128,乾燥剤（食品用）,可燃ごみ,,無料,,,生活部生活環境課,0248-88-9129,,,,,
072079,072079_129,乾電池,不燃ごみ,中身の見える袋に入れて出すしてください。,無料,,,生活部生活環境課,0248-88-9129,,,,,
072079,072079_130,感熱紙・感圧紙,可燃ごみ,,無料,,,生活部生活環境課,0248-88-9129,,,,,
072079,072079_131,キーボード（楽器・PC機器）,粗大ごみ,60センチメートル未満は不燃ごみ,無料,,,生活部生活環境課,0248-88-9129,,,,,
072079,072079_132,ギタ－,粗大ごみ,,無料,,,生活部生活環境課,0248-88-9129,,,,,
072079,072079_133,キックボード,粗大ごみ,,無料,,,生活部生活環境課,0248-88-9129,,,,,
072079,072079_134,キッチンワゴン,粗大ごみ,,無料,,,生活部生活環境課,0248-88-9129,,,,,
072079,072079_135,木の板,粗大ごみ,,無料,,,生活部生活環境課,0248-88-9129,,,,,
072079,072079_136,木の枝,可燃ごみ,よく乾かして、長さ60センチメートル未満、直径30センチメートルに束ね、3束ずつ出すしてください。,無料,,,生活部生活環境課,0248-88-9129,,,,,
072079,072079_137,脚立（はしご・ステップ）,粗大ごみ,,無料,,,生活部生活環境課,0248-88-9129,,,,,
072079,072079_138,キャッシュカード・クレジットカード,可燃ごみ,切断して出すしてください。,無料,,,生活部生活環境課,0248-88-9129,,,,,
072079,072079_139,キャットタワー,粗大ごみ,,無料,,,生活部生活環境課,0248-88-9129,,,,,
072079,072079_140,キャップ・ふた（プラスチック製）,資源物②,金属製は資源物①,無料,,,生活部生活環境課,0248-88-9129,,,,,
072079,072079_141,キャビネット,粗大ごみ,,無料,,,生活部生活環境課,0248-88-9129,,,,,
072079,072079_142,キャリア（車用）,粗大ごみ,,無料,,,生活部生活環境課,0248-88-9129,,,,,
072079,072079_143,キャリーケース,粗大ごみ,60センチメートル未満のプラスチック製は可燃ごみ、金属製は資源物①,無料,,,生活部生活環境課,0248-88-9129,,,,,
072079,072079_144,キャンバス,粗大ごみ,60センチメートル未満は可燃ごみ,無料,,,生活部生活環境課,0248-88-9129,,,,,
072079,072079_145,給油ポンプ,可燃ごみ,,無料,,,生活部生活環境課,0248-88-9129,,,,,
072079,072079_146,教科書類,資源物②,,無料,,,生活部生活環境課,0248-88-9129,,,,,
072079,072079_147,鏡台・化粧台,粗大ごみ,,無料,,,生活部生活環境課,0248-88-9129,,,,,
072079,072079_148,金庫,資源物①,耐火金庫は出せないので専門業者に依頼,無料,,,生活部生活環境課,0248-88-9129,,,,,
072079,072079_149,空気入れ（自転車用など）,不燃ごみ,,無料,,,生活部生活環境課,0248-88-9129,,,,,
072079,072079_150,空気清浄機,不燃ごみ,60センチメートル以上は粗大ごみ,無料,,,生活部生活環境課,0248-88-9129,,,,,
072079,072079_151,クーラー（エアコン）,収集不可,排出禁止。家電リサイクル法対象。郵便局で家電リサイクル券を購入し、釜屋リサイクルセンターへ搬入。,,,,生活部生活環境課,0248-88-9129,,,,,
072079,072079_152,クーラーボックス（プラスチック製）,可燃ごみ,30センチメートル未満は資源物②、60センチメートル以上は粗大ごみ,無料,,,生活部生活環境課,0248-88-9129,,,,,
072079,072079_153,くぎ,資源物①,缶などに入れて出す,無料,,,生活部生活環境課,0248-88-9129,,,,,
072079,072079_154,草刈り鎌,不燃ごみ,古布や古新聞で刃を覆って出す,無料,,,生活部生活環境課,0248-88-9129,,,,,
072079,072079_155,草刈り機（電動式）,粗大ごみ,エンジン付は出せないので専門業者に依頼,無料,,,生活部生活環境課,0248-88-9129,,,,,
072079,072079_156,草花（自宅敷地内）,可燃ごみ,,無料,,,生活部生活環境課,0248-88-9129,,,,,
072079,072079_157,クッション,可燃ごみ,ビーズクッションは粗大ごみ,無料,,,生活部生活環境課,0248-88-9129,,,,,
072079,072079_158,クリスマスツリー,粗大ごみ,60センチメートル未満は可燃ごみ,無料,,,生活部生活環境課,0248-88-9129,,,,,
072079,072079_159,車椅子,粗大ごみ,,無料,,,生活部生活環境課,0248-88-9129,,,,,
072079,072079_160,クローゼット,粗大ごみ,リフォーム工事を除く,無料,,,生活部生活環境課,0248-88-9129,,,,,
072079,072079_161,蛍光管・蛍光灯,不燃ごみ,,無料,,,生活部生活環境課,0248-88-9129,,,,,
072079,072079_162,携帯電話（PHS含む）,収集不可,各自データを消去し、販売店・市役所等の回収ボックスを利用,,,,生活部生活環境課,0248-88-9129,,,,,
072079,072079_163,ケ―ジ（動物の囲い）,粗大ごみ,,無料,,,生活部生活環境課,0248-88-9129,,,,,
072079,072079_164,ゲーム機,不燃ごみ,,無料,,,生活部生活環境課,0248-88-9129,,,,,
072079,072079_165,ゲームソフト,可燃ごみ,,無料,,,生活部生活環境課,0248-88-9129,,,,,
072079,072079_166,化粧品容器,可燃ごみ,ガラス製は不燃ごみ,無料,,,生活部生活環境課,0248-88-9129,,,,,
072079,072079_167,下駄箱・靴箱,粗大ごみ,,無料,,,生活部生活環境課,0248-88-9129,,,,,
072079,072079_168,血圧計（水銀式）,収集不可,生活環境課、長沼・岩瀬各行政サービスセンターの回収ボックスを利用,,,,生活部生活環境課,0248-88-9129,,,,,
072079,072079_169,血圧計（電子式）,不燃ごみ,,無料,,,生活部生活環境課,0248-88-9129,,,,,
072079,072079_170,健康器具,粗大ごみ,60センチメートル未満は不燃ごみ,無料,,,生活部生活環境課,0248-88-9129,,,,,
072079,072079_171,建築廃材（解体・リフォームなど）,収集不可,専門業者に依頼してください。,,,,生活部生活環境課,0248-88-9129,,,,,
072079,072079_172,高圧洗浄機（電動）,粗大ごみ,エンジン付は出せないので専門業者に依頼,無料,,,生活部生活環境課,0248-88-9129,,,,,
072079,072079_173,耕運機（電動）,粗大ごみ,エンジン付は出せないので専門業者に依頼,無料,,,生活部生活環境課,0248-88-9129,,,,,
072079,072079_174,広告（新聞折り込みなど）,資源物②,新聞紙と一緒に縛って出す,無料,,,生活部生活環境課,0248-88-9129,,,,,
072079,072079_175,甲羅（エビ・カニ）など,可燃ごみ,,無料,,,生活部生活環境課,0248-88-9129,,,,,
072079,072079_176,コーヒーメーカー,不燃ごみ,,無料,,,生活部生活環境課,0248-88-9129,,,,,
072079,072079_177,氷枕（水枕）,可燃ごみ,,無料,,,生活部生活環境課,0248-88-9129,,,,,
072079,072079_178,黒板（木製）,可燃ごみ,60センチメートル以上は粗大ごみ,無料,,,生活部生活環境課,0248-88-9129,,,,,
072079,072079_179,黒板（金属製）,資源物①,60センチメートル以上は粗大ごみ,無料,,,生活部生活環境課,0248-88-9129,,,,,
072079,072079_180,ござ,可燃ごみ,60センチメートル以上は粗大ごみ,無料,,,生活部生活環境課,0248-88-9129,,,,,
072079,072079_181,こたつ（脚・天板のみも含む）,粗大ごみ,,無料,,,生活部生活環境課,0248-88-9129,,,,,
072079,072079_182,こたつ布団,粗大ごみ,,無料,,,生活部生活環境課,0248-88-9129,,,,,
072079,072079_183,コップ（ガラス製・陶磁器製）,不燃ごみ,プラスチック製は資源物②,無料,,,生活部生活環境課,0248-88-9129,,,,,
072079,072079_184,コップ（プラスチック製）,資源物②,,無料,,,生活部生活環境課,0248-88-9129,,,,,
072079,072079_185,コップ(金属製),資源物①,,無料,,,生活部生活環境課,0248-88-9129,,,,,
072079,072079_186,琴（こと）,粗大ごみ,,無料,,,生活部生活環境課,0248-88-9129,,,,,
072079,072079_187,碁盤（分厚いもの）,粗大ごみ,木製の薄いものは可燃ごみ,無料,,,生活部生活環境課,0248-88-9129,,,,,
072079,072079_188,ごみ箱（プラスチック製）,可燃ごみ,30センチメートル未満は資源物②、60センチメートル以上は粗大ごみ,無料,,,生活部生活環境課,0248-88-9129,,,,,
072079,072079_189,ごみ箱（金属製）,資源物①,60センチメートル以上は粗大ごみ,無料,,,生活部生活環境課,0248-88-9129,,,,,
072079,072079_190,ごみ箱（木製・籐製）,可燃ごみ,60センチメートル以上は粗大ごみ,無料,,,生活部生活環境課,0248-88-9129,,,,,
072079,072079_191,ごみ箱（陶磁器製）,不燃ごみ,60センチメートル以上は粗大ごみ,無料,,,生活部生活環境課,0248-88-9129,,,,,
072079,072079_192,ゴムホース・ゴム製品,可燃ごみ,ホースは60センチメートルに短く切って出すしてください。,無料,,,生活部生活環境課,0248-88-9129,,,,,
072079,072079_193,米の袋（紙製）,資源物②,,無料,,,生活部生活環境課,0248-88-9129,,,,,
072079,072079_194,米びつ（プラスチック製）,可燃ごみ,30センチメートル未満は資源物②、60センチメートル以上は粗大ごみ,無料,,,生活部生活環境課,0248-88-9129,,,,,
072079,072079_195,米びつ（金属製）,資源物①,60センチメートル以上は粗大ごみ,無料,,,生活部生活環境課,0248-88-9129,,,,,
072079,072079_196,コルクボード,可燃ごみ,60センチメートル以上は粗大ごみ,無料,,,生活部生活環境課,0248-88-9129,,,,,
072079,072079_197,ゴルフクラブ,粗大ごみ,単品であれば資源物①,無料,,,生活部生活環境課,0248-88-9129,,,,,
072079,072079_198,ゴルフバッグ,粗大ごみ,,無料,,,生活部生活環境課,0248-88-9129,,,,,
072079,072079_199,ゴルフボール,可燃ごみ,,無料,,,生活部生活環境課,0248-88-9129,,,,,
072079,072079_200,コンビニ弁当の容器（プラスチック製）,資源物②,汚れているものは可燃ごみに出す,無料,,,生活部生活環境課,0248-88-9129,,,,,
072079,072079_201,コンポスト,粗大ごみ,,無料,,,生活部生活環境課,0248-88-9129,,,,,
072079,072079_202,サーフボード,粗大ごみ,,無料,,,生活部生活環境課,0248-88-9129,,,,,
072079,072079_203,座いす,粗大ごみ,60センチメートル未満は不燃ごみ,無料,,,生活部生活環境課,0248-88-9129,,,,,
072079,072079_204,在宅医療器具,収集不可,専門業者に依頼してください。,,,,生活部生活環境課,0248-88-9129,,,,,
072079,072079_205,サイドボード,粗大ごみ,,無料,,,生活部生活環境課,0248-88-9129,,,,,
072079,072079_206,酒びん,資源物①,汚れているものは不燃ごみに出すしてください。,無料,,,生活部生活環境課,0248-88-9129,,,,,
072079,072079_207,柵・フェンス・ラティス,粗大ごみ,リフォーム工事を除く,無料,,,生活部生活環境課,0248-88-9129,,,,,
072079,072079_208,酒パック（中身がアルミ箔）,可燃ごみ,,無料,,,生活部生活環境課,0248-88-9129,,,,,
072079,072079_209,座卓,粗大ごみ,,無料,,,生活部生活環境課,0248-88-9129,,,,,
072079,072079_210,雑誌（本）,資源物②,,無料,,,生活部生活環境課,0248-88-9129,,,,,
072079,072079_211,殺虫剤容器（金属製）,資源物①,プラスチック製は可燃ごみ、ガラス製は不燃ごみ。使い切ってから出す。,無料,,,生活部生活環境課,0248-88-9129,,,,,
072079,072079_212,座布団,粗大ごみ,,無料,,,生活部生活環境課,0248-88-9129,,,,,
072079,072079_213,ざる（プラスチック製）,資源物②,30センチメートル以上は可燃ごみ、60センチメートル以上は粗大ごみ,無料,,,生活部生活環境課,0248-88-9129,,,,,
072079,072079_214,ざる（金属製）,資源物①,60センチメートル以上は粗大ごみ,無料,,,生活部生活環境課,0248-88-9129,,,,,
072079,072079_215,ざる（竹製）,可燃ごみ,60センチメートル以上は粗大ごみ,無料,,,生活部生活環境課,0248-88-9129,,,,,
072079,072079_216,三脚（金属製）,資源物①,60センチメートル以上は粗大ごみ,無料,,,生活部生活環境課,0248-88-9129,,,,,
072079,072079_217,三脚（プラスチック製）,可燃ごみ,金属製は資源物①、30センチメートル未満は資源物②、60センチメートル以上は粗大ごみ,無料,,,生活部生活環境課,0248-88-9129,,,,,
072079,072079_218,三輪車,粗大ごみ,,無料,,,生活部生活環境課,0248-88-9129,,,,,
072079,072079_219,シーツ,可燃ごみ,,無料,,,生活部生活環境課,0248-88-9129,,,,,
072079,072079_220,CD・DVD（ケース含む）,資源物②,,無料,,,生活部生活環境課,0248-88-9129,,,,,
072079,072079_221,CDプレイヤー・ラジカセ,不燃ごみ,60センチメートル以上は粗大ごみ,無料,,,生活部生活環境課,0248-88-9129,,,,,
072079,072079_222,磁石,不燃ごみ,,無料,,,生活部生活環境課,0248-88-9129,,,,,
072079,072079_223,辞書・辞典,資源物②,,無料,,,生活部生活環境課,0248-88-9129,,,,,
072079,072079_224,自転車,粗大ごみ,,無料,,,生活部生活環境課,0248-88-9129,,,,,
072079,072079_225,自動車部品,収集不可,専門業者に依頼してください。,,,,生活部生活環境課,0248-88-9129,,,,,
072079,072079_226,シニアカー（電動式）,収集不可,専門業者に依頼してください。,,,,生活部生活環境課,0248-88-9129,,,,,
072079,072079_227,芝刈り機（手動式・電動式）,粗大ごみ,エンジン付は収集できないので専門業者に依頼,無料,,,生活部生活環境課,0248-88-9129,,,,,
072079,072079_228,ジャッキ,不燃ごみ,60センチメートル以上は粗大ごみ,無料,,,生活部生活環境課,0248-88-9129,,,,,
072079,072079_229,ジャングルジム（家庭用）,粗大ごみ,,無料,,,生活部生活環境課,0248-88-9129,,,,,
072079,072079_230,シャンプーのボトル,資源物②,汚れているものは可燃ごみ,無料,,,生活部生活環境課,0248-88-9129,,,,,
072079,072079_231,ジューサー・ミキサー,不燃ごみ,,無料,,,生活部生活環境課,0248-88-9129,,,,,
072079,072079_232,充電器,不燃ごみ,,無料,,,生活部生活環境課,0248-88-9129,,,,,
072079,072079_233,充電式電池,収集不可,販売店等のリサイクルボックスを利用。販売店で回収不可な場合には生活環境課に相談,,,,生活部生活環境課,0248-88-9129,,,,,
072079,072079_234,シュレッダー,不燃ごみ,60センチメートル以上は粗大ごみ,無料,,,生活部生活環境課,0248-88-9129,,,,,
072079,072079_235,消火器,収集不可,専門業者に依頼してください。,,,,生活部生活環境課,0248-88-9129,,,,,
072079,072079_236,将棋盤（分厚いもの）,粗大ごみ,木製の薄いものは可燃ごみ,無料,,,生活部生活環境課,0248-88-9129,,,,,
072079,072079_237,障子戸,粗大ごみ,リフォーム工事を除く,無料,,,生活部生活環境課,0248-88-9129,,,,,
072079,072079_238,障子紙,可燃ごみ,,無料,,,生活部生活環境課,0248-88-9129,,,,,
072079,072079_239,照明器具,不燃ごみ,60センチメートル以上は粗大ごみ,無料,,,生活部生活環境課,0248-88-9129,,,,,
072079,072079_240,食品トレイ（プラスチック製）,資源物②,プラスチック製以外のもの、汚れているものは可燃ごみに出すしてください。,無料,,,生活部生活環境課,0248-88-9129,,,,,
072079,072079_241,除湿器（冷媒、フロンガスなし）,不燃ごみ,60センチメートル以上は粗大ごみ,無料,,,生活部生活環境課,0248-88-9129,,,,,
072079,072079_242,除湿器（冷媒、フロンガスあり）,収集不可,フロン類充填回収業者へ引取を依頼,,,,生活部生活環境課,0248-88-9129,,,,,
072079,072079_243,除湿剤,可燃ごみ,,無料,,,生活部生活環境課,0248-88-9129,,,,,
072079,072079_244,除雪機（電動）,粗大ごみ,エンジン付きは出せないので、専門業者に依頼,無料,,,生活部生活環境課,0248-88-9129,,,,,
072079,072079_245,食器洗い機・食器乾燥機,不燃ごみ,60センチメートル以上は粗大ごみ。ビルトイン型は専門業者に依頼,無料,,,生活部生活環境課,0248-88-9129,,,,,
072079,072079_246,食器棚,粗大ごみ,,無料,,,生活部生活環境課,0248-88-9129,,,,,
072079,072079_247,食器類（プラスチック製）,資源物②,30センチメートル以上のものは可燃ごみ,無料,,,生活部生活環境課,0248-88-9129,,,,,
072079,072079_248,食器類（紙製・木製）,可燃ごみ,,無料,,,生活部生活環境課,0248-88-9129,,,,,
072079,072079_249,食器類（金属製）,資源物①,,無料,,,生活部生活環境課,0248-88-9129,,,,,
072079,072079_250,食器類（陶磁器製）,不燃ごみ,,無料,,,生活部生活環境課,0248-88-9129,,,,,
072079,072079_251,シリコン製品,可燃ごみ,60センチメートル以上は粗大ごみ,無料,,,生活部生活環境課,0248-88-9129,,,,,
072079,072079_252,新聞紙,資源物②,折込広告と一緒に縛って出す,無料,,,生活部生活環境課,0248-88-9129,,,,,
072079,072079_253,水槽（ガラス製）,不燃ごみ,30センチメートル未満のプラスチック製は資源物②、30センチメートル以上のプラスチック製は可燃ごみ、60センチメートル以上は粗大ごみ,無料,,,生活部生活環境課,0248-88-9129,,,,,
072079,072079_254,水筒（金属製）,資源物①,,無料,,,生活部生活環境課,0248-88-9129,,,,,
072079,072079_255,炊飯器（電気・ガス）,不燃ごみ,,無料,,,生活部生活環境課,0248-88-9129,,,,,
072079,072079_256,スーツケース・トランク,可燃ごみ,金属部分が多い場合は不燃ごみに出すしてください。60センチメートル以上は粗大ごみ,無料,,,生活部生活環境課,0248-88-9129,,,,,
072079,072079_257,姿見,粗大ごみ,,無料,,,生活部生活環境課,0248-88-9129,,,,,
072079,072079_258,スキー板,粗大ごみ,,無料,,,生活部生活環境課,0248-88-9129,,,,,
072079,072079_259,スキー靴,可燃ごみ,,無料,,,生活部生活環境課,0248-88-9129,,,,,
072079,072079_260,スケートボード,粗大ごみ,,無料,,,生活部生活環境課,0248-88-9129,,,,,
072079,072079_261,スコップ（金属製）,資源物①,60センチメートル以上は粗大ごみ。柄が木製のものは不燃ごみ,無料,,,生活部生活環境課,0248-88-9129,,,,,
072079,072079_262,すだれ,可燃ごみ,60センチメートル以上は粗大ごみ,無料,,,生活部生活環境課,0248-88-9129,,,,,
072079,072079_263,スチールラック,粗大ごみ,,無料,,,生活部生活環境課,0248-88-9129,,,,,
072079,072079_264,ステレオ（コンポ）,不燃ごみ,60センチメートル以上は粗大ごみ,無料,,,生活部生活環境課,0248-88-9129,,,,,
072079,072079_265,スノーボード,粗大ごみ,,無料,,,生活部生活環境課,0248-88-9129,,,,,
072079,072079_266,すのこ,可燃ごみ,60センチメートル以上は粗大ごみ,無料,,,生活部生活環境課,0248-88-9129,,,,,
072079,072079_267,スピーカー,不燃ごみ,60センチメートル以上は粗大ごみ,無料,,,生活部生活環境課,0248-88-9129,,,,,
072079,072079_268,スプーン（金属製）,資源物①,木製は可燃ごみ、プラスチック製は資源物②,無料,,,生活部生活環境課,0248-88-9129,,,,,
072079,072079_269,スプーン（プラスチック製）,資源物②,汚れているものは可燃ごみ,無料,,,生活部生活環境課,0248-88-9129,,,,,
072079,072079_270,スプーン（木製）,可燃ごみ,,無料,,,生活部生活環境課,0248-88-9129,,,,,
072079,072079_271,スプレー缶,資源物①,中身を空にしてから出すしてください。,無料,,,生活部生活環境課,0248-88-9129,,,,,
072079,072079_272,滑り台（家庭用）,粗大ごみ,,無料,,,生活部生活環境課,0248-88-9129,,,,,
072079,072079_273,ズボンプレッサー,粗大ごみ,,無料,,,生活部生活環境課,0248-88-9129,,,,,
072079,072079_274,スマートフォン,収集不可,各自データを消去し、販売店・市役所等の回収ボックスを利用,,,,生活部生活環境課,0248-88-9129,,,,,
072079,072079_275,石油ストーブ（ファンヒーター）,不燃ごみ,灯油を使い切ってから出す。60センチメートル以上は粗大ごみ,無料,,,生活部生活環境課,0248-88-9129,,,,,
072079,072079_276,せともの類（陶磁器）,不燃ごみ,,無料,,,生活部生活環境課,0248-88-9129,,,,,
072079,072079_277,洗剤容器（プラスチック製）,資源物②,汚れているものは可燃ごみに出すしてください。,無料,,,生活部生活環境課,0248-88-9129,,,,,
072079,072079_278,洗濯機,収集不可,排出禁止。家電リサイクル法対象。郵便局で家電リサイクル券を購入し、釜屋リサイクルセンターへ搬入。,,,,生活部生活環境課,0248-88-9129,,,,,
072079,072079_279,洗濯ばさみ（プラスチック製）,可燃ごみ,金属製のものは不燃ごみ、100パーセントプラスチック製は資源物②,無料,,,生活部生活環境課,0248-88-9129,,,,,
072079,072079_280,剪定ばさみ,粗大ごみ,60センチメートル未満は不燃ごみ,無料,,,生活部生活環境課,0248-88-9129,,,,,
072079,072079_281,剪定枝,可燃ごみ,よく乾かして、長さ60センチメートル未満、直径30センチメートルに束ね、3束ずつ出すしてください。,無料,,,生活部生活環境課,0248-88-9129,,,,,
072079,072079_282,扇風機,不燃ごみ,分別してプラスチック部分は可燃ごみ、分解できない60センチメートル以上は粗大ごみ。,無料,,,生活部生活環境課,0248-88-9129,,,,,
072079,072079_283,洗面器,資源物②,30センチメートル以上は可燃ごみ,無料,,,生活部生活環境課,0248-88-9129,,,,,
072079,072079_284,双眼鏡,不燃ごみ,,無料,,,生活部生活環境課,0248-88-9129,,,,,
072079,072079_285,洗面台,粗大ごみ,リフォーム工事を除く,無料,,,生活部生活環境課,0248-88-9129,,,,,
072079,072079_286,掃除機,不燃ごみ,ホース・ヘッド部分は可燃ごみ、分解できない60センチメートル以上は粗大ごみ。,無料,,,生活部生活環境課,0248-88-9129,,,,,
072079,072079_287,ソファー,粗大ごみ,,無料,,,生活部生活環境課,0248-88-9129,,,,,
072079,072079_288,そり（子ども用、プラスチック製）,可燃ごみ,60センチメートル以上は粗大ごみ,無料,,,生活部生活環境課,0248-88-9129,,,,,
072079,072079_289,タープ,粗大ごみ,,無料,,,生活部生活環境課,0248-88-9129,,,,,
072079,072079_290,体温計（電子式）,不燃ごみ,,無料,,,生活部生活環境課,0248-88-9129,,,,,
072079,072079_291,体温計（水銀式）,収集不可,生活環境課、長沼・岩瀬行政サービスセンターの回収ボックスを利用,,,,生活部生活環境課,0248-88-9129,,,,,
072079,072079_292,台車,粗大ごみ,,無料,,,生活部生活環境課,0248-88-9129,,,,,
072079,072079_293,体重計（ヘルスメーター）,不燃ごみ,,無料,,,生活部生活環境課,0248-88-9129,,,,,
072079,072079_294,耐熱ガラス製品,不燃ごみ,,無料,,,生活部生活環境課,0248-88-9129,,,,,
072079,072079_295,タイヤ（自動車・バイク等）,収集不可,専門業者に依頼してください。,,,,生活部生活環境課,0248-88-9129,,,,,
072079,072079_296,タイヤチェーン（金属製）,資源物①,樹脂製は不燃ごみ,無料,,,生活部生活環境課,0248-88-9129,,,,,
072079,072079_297,タイヤホイール,収集不可,専門業者に依頼してください。,,,,生活部生活環境課,0248-88-9129,,,,,
072079,072079_298,高枝切バサミ,粗大ごみ,,無料,,,生活部生活環境課,0248-88-9129,,,,,
072079,072079_299,畳（畳替え・リフォーム以外）,粗大ごみ,,無料,,,生活部生活環境課,0248-88-9129,,,,,
072079,072079_300,卓球台,粗大ごみ,,無料,,,生活部生活環境課,0248-88-9129,,,,,
072079,072079_301,脱臭剤（冷蔵庫用）,可燃ごみ,,無料,,,生活部生活環境課,0248-88-9129,,,,,
072079,072079_302,タッパー（密封容器）,資源物②,,無料,,,生活部生活環境課,0248-88-9129,,,,,
072079,072079_303,棚,粗大ごみ,,無料,,,生活部生活環境課,0248-88-9129,,,,,
072079,072079_304,タブレット端末,収集不可,各自データを消去し、販売店等のリサイクルを利用,,,,生活部生活環境課,0248-88-9129,,,,,
072079,072079_305,たまごパック,資源物②,,無料,,,生活部生活環境課,0248-88-9129,,,,,
072079,072079_306,たわし,可燃ごみ,金属製は不燃ごみ,無料,,,生活部生活環境課,0248-88-9129,,,,,
072079,072079_307,単行本（漫画・小説など）,資源物②,,無料,,,生活部生活環境課,0248-88-9129,,,,,
072079,072079_308,タンス,粗大ごみ,,無料,,,生活部生活環境課,0248-88-9129,,,,,
072079,072079_309,段ボール,資源物②,60センチメートル以上は小さく畳むか切って出す,無料,,,生活部生活環境課,0248-88-9129,,,,,
072079,072079_310,チェーンソー（電動）,粗大ごみ,エンジン付きは出せないので、専門業者に依頼,無料,,,生活部生活環境課,0248-88-9129,,,,,
072079,072079_311,チェスト,粗大ごみ,,無料,,,生活部生活環境課,0248-88-9129,,,,,
072079,072079_312,チャイルドシート（自動車用）,粗大ごみ,,無料,,,生活部生活環境課,0248-88-9129,,,,,
072079,072079_313,茶ダンス,粗大ごみ,,無料,,,生活部生活環境課,0248-88-9129,,,,,
072079,072079_314,茶箱,粗大ごみ,,無料,,,生活部生活環境課,0248-88-9129,,,,,
072079,072079_315,茶碗（陶磁器製）,不燃ごみ,木製は可燃ごみ、プラスチック製は資源物②,無料,,,生活部生活環境課,0248-88-9129,,,,,
072079,072079_316,茶碗（プラスチック製）,資源物②,汚れているものは可燃ごみ,無料,,,生活部生活環境課,0248-88-9129,,,,,
072079,072079_317,茶碗（木製）,可燃ごみ,,無料,,,生活部生活環境課,0248-88-9129,,,,,
072079,072079_318,チューナー（テレビ用）,不燃ごみ,,無料,,,生活部生活環境課,0248-88-9129,,,,,
072079,072079_319,チューブ式容器（わさび・からし等）,資源物②,汚れているものは可燃ごみ,無料,,,生活部生活環境課,0248-88-9129,,,,,
072079,072079_320,調味料用ガラスびん,資源物①,汚れているものは不燃ごみに出してください。,無料,,,生活部生活環境課,0248-88-9129,,,,,
072079,072079_321,ちり取り（プラスチック製）,資源物②,30センチメートル以上は可燃ごみ,無料,,,生活部生活環境課,0248-88-9129,,,,,
072079,072079_322,ちり取り（金属製）,資源物①,,無料,,,生活部生活環境課,0248-88-9129,,,,,
072079,072079_323,衝立・パーテーション,粗大ごみ,,無料,,,生活部生活環境課,0248-88-9129,,,,,
072079,072079_324,使い捨てライター・チャッカマン,可燃ごみ,中身を空にしてから出すしてください。,無料,,,生活部生活環境課,0248-88-9129,,,,,
072079,072079_325,机（学習机など）,粗大ごみ,,無料,,,生活部生活環境課,0248-88-9129,,,,,
072079,072079_326,漬物樽,可燃ごみ,60センチメートル以上は粗大ごみ,無料,,,生活部生活環境課,0248-88-9129,,,,,
072079,072079_327,漬物用重石（加工されたもの）,不燃ごみ,,無料,,,生活部生活環境課,0248-88-9129,,,,,
072079,072079_328,土,収集不可,専門業者に依頼に依頼してください。,,,,生活部生活環境課,0248-88-9129,,,,,
072079,072079_329,突っ張り棒,粗大ごみ,60センチメートル未満で、プラスチック製は可燃ごみ,無料,,,生活部生活環境課,0248-88-9129,,,,,
072079,072079_330,壺,不燃ごみ,60センチメートル以上は粗大ごみ,無料,,,生活部生活環境課,0248-88-9129,,,,,
072079,072079_331,釣竿・釣り糸,可燃ごみ,60センチメートル以上は粗大ごみ,無料,,,生活部生活環境課,0248-88-9129,,,,,
072079,072079_332,テーブル,粗大ごみ,,無料,,,生活部生活環境課,0248-88-9129,,,,,
072079,072079_333,手押し車,粗大ごみ,,無料,,,生活部生活環境課,0248-88-9129,,,,,
072079,072079_334,デッキブラシ,粗大ごみ,60センチメートル未満は可燃ごみ,無料,,,生活部生活環境課,0248-88-9129,,,,,
072079,072079_335,テッシュペーパー箱,資源物②,ビニール部分は可燃ごみ,無料,,,生活部生活環境課,0248-88-9129,,,,,
072079,072079_336,テレビ（ブラウン管・液晶・プラズマ）,収集不可,排出禁止。家電リサイクル法対象。郵便局で家電リサイクル券を購入し、釜屋リサイクルセンターへ搬入,,,,生活部生活環境課,0248-88-9129,,,,,
072079,072079_337,テレビボード・テレビ台,粗大ごみ,,無料,,,生活部生活環境課,0248-88-9129,,,,,
072079,072079_338,電気カーペット,粗大ごみ,,無料,,,生活部生活環境課,0248-88-9129,,,,,
072079,072079_339,電気カミソリ（シェーバー）,不燃ごみ,膨らんでいるもの、充電池が破損しているものは須賀川地方衛生センターに相談,無料,,,生活部生活環境課,0248-88-9129,,,,,
072079,072079_340,電気コード（ケーブル）,不燃ごみ,,無料,,,生活部生活環境課,0248-88-9129,,,,,
072079,072079_341,電気ストーブ,不燃ごみ,60センチメートル以上は粗大ごみ,無料,,,生活部生活環境課,0248-88-9129,,,,,
072079,072079_342,電気ポット,不燃ごみ,,無料,,,生活部生活環境課,0248-88-9129,,,,,
072079,072079_343,電気毛布,不燃ごみ,,無料,,,生活部生活環境課,0248-88-9129,,,,,
072079,072079_344,電球,不燃ごみ,,無料,,,生活部生活環境課,0248-88-9129,,,,,
072079,072079_345,電子レンジ（オーブンレンジ）,不燃ごみ,60センチメートル以上は粗大ごみ,無料,,,生活部生活環境課,0248-88-9129,,,,,
072079,072079_346,天体望遠鏡,粗大ごみ,60センチメートル未満は不燃ごみ,無料,,,生活部生活環境課,0248-88-9129,,,,,
072079,072079_347,テント（キャンプ用）,粗大ごみ,,無料,,,生活部生活環境課,0248-88-9129,,,,,
072079,072079_348,電動アシスト自転車,粗大ごみ,,無料,,,生活部生活環境課,0248-88-9129,,,,,
072079,072079_349,電動生ごみ処理機,不燃ごみ,60センチメートル以上は粗大ごみ,無料,,,生活部生活環境課,0248-88-9129,,,,,
072079,072079_350,電動歯ブラシ,不燃ごみ,膨らんでいるもの、充電池が破損しているものは須賀川地方衛生センターに相談,無料,,,生活部生活環境課,0248-88-9129,,,,,
072079,072079_351,電話機（FAX付き含む）,不燃ごみ,,無料,,,生活部生活環境課,0248-88-9129,,,,,
072079,072079_352,ドア・扉,粗大ごみ,リフォーム工事を除く,無料,,,生活部生活環境課,0248-88-9129,,,,,
072079,072079_353,陶磁器製品,不燃ごみ,,無料,,,生活部生活環境課,0248-88-9129,,,,,
072079,072079_354,灯篭（石製）,収集不可,木製は粗大ごみ,,,,生活部生活環境課,0248-88-9129,,,,,
072079,072079_355,トースター,不燃ごみ,,無料,,,生活部生活環境課,0248-88-9129,,,,,
072079,072079_356,時計,不燃ごみ,60センチメートル以上は粗大ごみ,無料,,,生活部生活環境課,0248-88-9129,,,,,
072079,072079_357,トタン板（金属・プラスチック製）,粗大ごみ,,無料,,,生活部生活環境課,0248-88-9129,,,,,
072079,072079_358,土鍋,不燃ごみ,,無料,,,生活部生活環境課,0248-88-9129,,,,,
072079,072079_359,ドライヤー,不燃ごみ,,無料,,,生活部生活環境課,0248-88-9129,,,,,
072079,072079_360,ドラム缶,粗大ごみ,中身は空にして出す,無料,,,生活部生活環境課,0248-88-9129,,,,,
072079,072079_361,ドラムセット,粗大ごみ,,無料,,,生活部生活環境課,0248-88-9129,,,,,
072079,072079_362,トランポリン,粗大ごみ,,無料,,,生活部生活環境課,0248-88-9129,,,,,
072079,072079_363,鳥かご,粗大ごみ,60センチメートル未満の金属製は資源物①,無料,,,生活部生活環境課,0248-88-9129,,,,,
072079,072079_364,トルソー,粗大ごみ,,無料,,,生活部生活環境課,0248-88-9129,,,,,
072079,072079_365,トレイ（プラスチック製）,資源物②,プラスチック製以外、汚れているものは可燃ごみに出してください。,無料,,,生活部生活環境課,0248-88-9129,,,,,
072079,072079_366,ドレッサー,粗大ごみ,,無料,,,生活部生活環境課,0248-88-9129,,,,,
072079,072079_367,ナイフ（包丁・刃物類）,不燃ごみ,古布や古新聞で刃を覆って出すしてください。,無料,,,生活部生活環境課,0248-88-9129,,,,,
072079,072079_368,苗箱（水稲用）,収集不可,専門業者に依頼してください。,,,,生活部生活環境課,0248-88-9129,,,,,
072079,072079_369,長靴（ゴム製）,可燃ごみ,,無料,,,生活部生活環境課,0248-88-9129,,,,,
072079,072079_370,流し台,粗大ごみ,リフォーム工事を除く,無料,,,生活部生活環境課,0248-88-9129,,,,,
072079,072079_371,長持,粗大ごみ,,無料,,,生活部生活環境課,0248-88-9129,,,,,
072079,072079_372,なべ,資源物①,陶磁器製は不燃ごみ,無料,,,生活部生活環境課,0248-88-9129,,,,,
072079,072079_373,人形（木・布・プラスチック）,可燃ごみ,陶磁器製は不燃ごみ,無料,,,生活部生活環境課,0248-88-9129,,,,,
072079,072079_374,人形ケース,可燃ごみ,ガラス類は不燃ごみ。60センチメートル以上は粗大ごみ,無料,,,生活部生活環境課,0248-88-9129,,,,,
072079,072079_375,ぬいぐるみ（布製）,可燃ごみ,,無料,,,生活部生活環境課,0248-88-9129,,,,,
072079,072079_376,布類,可燃ごみ,,無料,,,生活部生活環境課,0248-88-9129,,,,,
072079,072079_377,猫の砂（鉱物系）,不燃ごみ,紙系・植物系・シリカゲルは可燃ごみ,無料,,,生活部生活環境課,0248-88-9129,,,,,
072079,072079_378,猫の砂（紙系・植物系・シリカゲル）,可燃ごみ,,無料,,,生活部生活環境課,0248-88-9129,,,,,
072079,072079_379,ねじ,資源物①,,無料,,,生活部生活環境課,0248-88-9129,,,,,
072079,072079_380,ネット（ナイロン製・布製）,可燃ごみ,金属製は資源物①,無料,,,生活部生活環境課,0248-88-9129,,,,,
072079,072079_381,粘土（教材用）,可燃ごみ,,無料,,,生活部生活環境課,0248-88-9129,,,,,
072079,072079_382,農業用資材・機材（肥料袋含む）,収集不可,専門業者に依頼してください。,,,,生活部生活環境課,0248-88-9129,,,,,
072079,072079_383,ノートパソコン,収集不可,メーカーまたは、リネットジャパンリサイクル（株）に回収依頼,,,,生活部生活環境課,0248-88-9129,,,,,
072079,072079_384,のこぎり（家庭用）,不燃ごみ,古布や古新聞で刃を覆って出す,無料,,,生活部生活環境課,0248-88-9129,,,,,
072079,072079_385,暖簾,粗大ごみ,60センチメートル未満は可燃ごみ,無料,,,生活部生活環境課,0248-88-9129,,,,,
072079,072079_386,バーベキューコンロ,粗大ごみ,,無料,,,生活部生活環境課,0248-88-9129,,,,,
072079,072079_387,バーベル,粗大ごみ,６０センチメートル未満で金属製は資源物①,無料,,,生活部生活環境課,0248-88-9129,,,,,
072079,072079_388,灰,不燃ごみ,袋に入れて出すしてください。,無料,,,生活部生活環境課,0248-88-9129,,,,,
072079,072079_389,廃材（建物解体ガラ）,収集不可,専門業者に依頼に依頼してください。,,,,生活部生活環境課,0248-88-9129,,,,,
072079,072079_390,パイプ（金属製）,資源物①,60センチメートル以上は粗大ごみ,無料,,,生活部生活環境課,0248-88-9129,,,,,
072079,072079_391,パイプ（プラスチック製）,可燃ごみ,30センチメートル未満は資源物②、60センチメートル以上は粗大ごみ,無料,,,生活部生活環境課,0248-88-9129,,,,,
072079,072079_392,パイプいす,粗大ごみ,,無料,,,生活部生活環境課,0248-88-9129,,,,,
072079,072079_393,パイプベット,粗大ごみ,,無料,,,生活部生活環境課,0248-88-9129,,,,,
072079,072079_394,バインダー,可燃ごみ,,無料,,,生活部生活環境課,0248-88-9129,,,,,
072079,072079_395,バウンサー,粗大ごみ,,無料,,,生活部生活環境課,0248-88-9129,,,,,
072079,072079_396,はかり（プラスチック製）,可燃ごみ,金属製は資源物①,無料,,,生活部生活環境課,0248-88-9129,,,,,
072079,072079_397,はかり（金属製）,資源物①,,無料,,,生活部生活環境課,0248-88-9129,,,,,
072079,072079_398,バケツ（プラスチック製）,資源物②,30センチメートル以上60センチメートル未満は可燃ごみ、60センチメートル以上は粗大ごみ,無料,,,生活部生活環境課,0248-88-9129,,,,,
072079,072079_399,バケツ（金属製）,資源物①,60センチメートル以上は粗大ごみ,無料,,,生活部生活環境課,0248-88-9129,,,,,
072079,072079_400,はしご,粗大ごみ,,無料,,,生活部生活環境課,0248-88-9129,,,,,
072079,072079_401,バスケットゴール,粗大ごみ,,無料,,,生活部生活環境課,0248-88-9129,,,,,
072079,072079_402,バスマット（布製）,可燃ごみ,珪藻土製は不燃ごみ,無料,,,生活部生活環境課,0248-88-9129,,,,,
072079,072079_403,バスマット（珪藻土製）,不燃ごみ,リコール品はメーカーに回収を依頼,無料,,,生活部生活環境課,0248-88-9129,,,,,
072079,072079_404,パソコン,収集不可,メーカーまたは、リネットジャパンリサイクル（株）に回収依頼,,,,生活部生活環境課,0248-88-9129,,,,,
072079,072079_405,パソコンラック,不燃ごみ,60センチメートル以上は粗大ごみ,無料,,,生活部生活環境課,0248-88-9129,,,,,
072079,072079_406,バッグ・ケース（紙・布・皮革・ビニール製）,可燃ごみ,60センチメートル以上は粗大ごみ,無料,,,生活部生活環境課,0248-88-9129,,,,,
072079,072079_407,バッテリー,収集不可,専門業者に依頼してください。,,,,生活部生活環境課,0248-88-9129,,,,,
072079,072079_408,バット（金属製）,粗大ごみ,60センチメートル未満は資源物①,無料,,,生活部生活環境課,0248-88-9129,,,,,
072079,072079_409,バット（木製・プラスチック製）,粗大ごみ,60センチメートル未満は可燃ごみ,無料,,,生活部生活環境課,0248-88-9129,,,,,
072079,072079_410,発泡スチロール,資源物②,30センチメートル以上は可燃ごみ、60センチメートル以上は粗大ごみ,無料,,,生活部生活環境課,0248-88-9129,,,,,
072079,072079_411,花火,可燃ごみ,水につけてから出すしてください。,無料,,,生活部生活環境課,0248-88-9129,,,,,
072079,072079_412,パネルヒーター,粗大ごみ,,無料,,,生活部生活環境課,0248-88-9129,,,,,
072079,072079_413,パラソル,粗大ごみ,,無料,,,生活部生活環境課,0248-88-9129,,,,,
072079,072079_414,パラボラアンテナ,粗大ごみ,,無料,,,生活部生活環境課,0248-88-9129,,,,,
072079,072079_415,針（縫い針など）,資源物①,缶などに入れて出す,無料,,,生活部生活環境課,0248-88-9129,,,,,
072079,072079_416,針金,資源物①,,無料,,,生活部生活環境課,0248-88-9129,,,,,
072079,072079_417,ハロゲンヒーター,不燃ごみ,60センチメートル以上は粗大ごみ,無料,,,生活部生活環境課,0248-88-9129,,,,,
072079,072079_418,ハンガー（木製）,可燃ごみ,金属製は資源物①、30センチメートル未満のプラスチック製は資源物②,無料,,,生活部生活環境課,0248-88-9129,,,,,
072079,072079_419,ハンガー（金属製）,資源物①,,無料,,,生活部生活環境課,0248-88-9129,,,,,
072079,072079_420,ハンガー（プラスチック製）,可燃ごみ,30センチメートル未満は資源物②,無料,,,生活部生活環境課,0248-88-9129,,,,,
072079,072079_421,ハンガーラック,粗大ごみ,,無料,,,生活部生活環境課,0248-88-9129,,,,,
072079,072079_422,ハンディーファン,不燃ごみ,膨らんでいるもの、充電池が破損しているものは須賀川地方衛生センターに相談,無料,,,生活部生活環境課,0248-88-9129,,,,,
072079,072079_423,パンフレット（カタログ類）,資源物②,,無料,,,生活部生活環境課,0248-88-9129,,,,,
072079,072079_424,ピアノ,収集不可,販売店・専門業者に依頼してください。,,,,生活部生活環境課,0248-88-9129,,,,,
072079,072079_425,ビーズクッション,粗大ごみ,可燃ごみに出さないようにお願いします。,無料,,,生活部生活環境課,0248-88-9129,,,,,
072079,072079_426,ビールびん,資源物①,汚れているものは不燃ごみに出すしてください。,無料,,,生活部生活環境課,0248-88-9129,,,,,
072079,072079_427,ビールケース,可燃ごみ,60センチメートル以上は粗大ごみ,無料,,,生活部生活環境課,0248-88-9129,,,,,
072079,072079_428,引き出し（プラスチック製）,粗大ごみ,60センチメートル未満は可燃ごみ,無料,,,生活部生活環境課,0248-88-9129,,,,,
072079,072079_429,髭剃り,不燃ごみ,古布や古新聞で刃を覆って出す,無料,,,生活部生活環境課,0248-88-9129,,,,,
072079,072079_430,ビデオカメラ,不燃ごみ,,無料,,,生活部生活環境課,0248-88-9129,,,,,
072079,072079_431,ビデオテープ,可燃ごみ,,無料,,,生活部生活環境課,0248-88-9129,,,,,
072079,072079_432,ビデオデッキ,不燃ごみ,,無料,,,生活部生活環境課,0248-88-9129,,,,,
072079,072079_433,ひな壇,粗大ごみ,人形は可燃ごみ,無料,,,生活部生活環境課,0248-88-9129,,,,,
072079,072079_434,ビニールシート,粗大ごみ,30センチメートル未満は資源物②、30センチメートル以上60センチメートル未満は可燃ごみ,無料,,,生活部生活環境課,0248-88-9129,,,,,
072079,072079_435,ビニールホース,可燃ごみ,30センチメートル未満は資源物②,無料,,,生活部生活環境課,0248-88-9129,,,,,
072079,072079_436,ビニ－ルパイプ,粗大ごみ,30センチメートル未満は資源物②、30センチメートル以上60センチメートル未満は可燃ごみ,無料,,,生活部生活環境課,0248-88-9129,,,,,
072079,072079_437,火鉢（ひばち）,不燃ごみ,60センチメートル以上は粗大ごみ,無料,,,生活部生活環境課,0248-88-9129,,,,,
072079,072079_438,ファイル（紙製）,資源物②,プラスチック部分は資源物②のプラスチック類に出す,無料,,,生活部生活環境課,0248-88-9129,,,,,
072079,072079_439,ファイル（プラスチック製）,資源物②,,無料,,,生活部生活環境課,0248-88-9129,,,,,
072079,072079_440,ファンヒーター（石油・ガス）,不燃ごみ,60センチメートル以上は粗大ごみ、燃料は空にする,無料,,,生活部生活環境課,0248-88-9129,,,,,
072079,072079_441,フォーク（木製）,可燃ごみ,金属製は資源物①、プラスチック製は資源物②,無料,,,生活部生活環境課,0248-88-9129,,,,,
072079,072079_442,フォーク（プラスチック製）,資源物②,汚れているものは可燃ごみ,無料,,,生活部生活環境課,0248-88-9129,,,,,
072079,072079_443,フォーク（金属製）,資源物①,,無料,,,生活部生活環境課,0248-88-9129,,,,,
072079,072079_444,ふすま,粗大ごみ,リフォーム工事を除く,無料,,,生活部生活環境課,0248-88-9129,,,,,
072079,072079_445,仏壇,粗大ごみ,,無料,,,生活部生活環境課,0248-88-9129,,,,,
072079,072079_446,布団,粗大ごみ,,無料,,,生活部生活環境課,0248-88-9129,,,,,
072079,072079_447,布団カバー・シーツ,可燃ごみ,,無料,,,生活部生活環境課,0248-88-9129,,,,,
072079,072079_448,布団乾燥機,不燃ごみ,,無料,,,生活部生活環境課,0248-88-9129,,,,,
072079,072079_449,フライパン（なべ・やかん）,資源物①,,無料,,,生活部生活環境課,0248-88-9129,,,,,
072079,072079_450,ブラインド・カーテン,粗大ごみ,,無料,,,生活部生活環境課,0248-88-9129,,,,,
072079,072079_451,プラスチック容器包装,資源物②,汚れているものまたは、30センチメートル以上は可燃ごみ,無料,,,生活部生活環境課,0248-88-9129,,,,,
072079,072079_452,ぶらんこ（家庭用）,粗大ごみ,,無料,,,生活部生活環境課,0248-88-9129,,,,,
072079,072079_453,プランター（家庭用）,可燃ごみ,60センチメートル以上は粗大ごみ,無料,,,生活部生活環境課,0248-88-9129,,,,,
072079,072079_454,プリンター,不燃ごみ,60センチメートル以上は粗大ごみ,無料,,,生活部生活環境課,0248-88-9129,,,,,
072079,072079_455,ブルーシート,粗大ごみ,,無料,,,生活部生活環境課,0248-88-9129,,,,,
072079,072079_456,古本,資源物②,,無料,,,生活部生活環境課,0248-88-9129,,,,,
072079,072079_457,プロジェクター,不燃ごみ,60センチメートル以上は粗大ごみ,無料,,,生活部生活環境課,0248-88-9129,,,,,
072079,072079_458,ブロック（コンクリートがら含む）,収集不可,専門業者に依頼してください。,,,,生活部生活環境課,0248-88-9129,,,,,
072079,072079_459,風呂のふた,粗大ごみ,,無料,,,生活部生活環境課,0248-88-9129,,,,,
072079,072079_460,プロパンガスボンベ,収集不可,販売店へ返却,,,,生活部生活環境課,0248-88-9129,,,,,
072079,072079_461,噴霧器,可燃ごみ,60センチメートル以上は粗大ごみ,無料,,,生活部生活環境課,0248-88-9129,,,,,
072079,072079_462,ヘアピン（金属製）,資源物①,プラスチック製は資源物②,無料,,,生活部生活環境課,0248-88-9129,,,,,
072079,072079_463,ペットガード・ケージ・サークル,粗大ごみ,,無料,,,生活部生活環境課,0248-88-9129,,,,,
072079,072079_464,ペットの死骸,収集不可,衛生センターに持ち込みしてください（手数料200円）。,有料,200,,生活部生活環境課,0248-88-9129,,,,,
072079,072079_465,ベッドパッド,可燃ごみ,,無料,,,生活部生活環境課,0248-88-9129,,,,,
072079,072079_466,ベッドフレーム（すのこ板含む）,粗大ごみ,,無料,,,生活部生活環境課,0248-88-9129,,,,,
072079,072079_467,ペットボトル,資源物②,汚れているものは可燃ごみに出す。キャップとラベルは資源物②,無料,,,生活部生活環境課,0248-88-9129,,,,,
072079,072079_468,ヘッドホンステレオ,可燃ごみ,,無料,,,生活部生活環境課,0248-88-9129,,,,,
072079,072079_469,ベッドマット,粗大ごみ,,無料,,,生活部生活環境課,0248-88-9129,,,,,
072079,072079_470,ベビーカー（乳母車）,粗大ごみ,,無料,,,生活部生活環境課,0248-88-9129,,,,,
072079,072079_471,ベビーサークル,粗大ごみ,,無料,,,生活部生活環境課,0248-88-9129,,,,,
072079,072079_472,ベビータンス,粗大ごみ,,無料,,,生活部生活環境課,0248-88-9129,,,,,
072079,072079_473,ベビーチェア,粗大ごみ,,無料,,,生活部生活環境課,0248-88-9129,,,,,
072079,072079_474,ベビーバス,可燃ごみ,60センチメートル以上は粗大ごみ,無料,,,生活部生活環境課,0248-88-9129,,,,,
072079,072079_475,ベビー布団,粗大ごみ,,無料,,,生活部生活環境課,0248-88-9129,,,,,
072079,072079_476,ベビーベット,不燃ごみ,60センチメートル以上は粗大ごみ,無料,,,生活部生活環境課,0248-88-9129,,,,,
072079,072079_477,ベルト（バンド）,可燃ごみ,,無料,,,生活部生活環境課,0248-88-9129,,,,,
072079,072079_478,ヘルメット,可燃ごみ,,無料,,,生活部生活環境課,0248-88-9129,,,,,
072079,072079_479,便器,粗大ごみ,リフォーム工事を除く。,無料,,,生活部生活環境課,0248-88-9129,,,,,
072079,072079_480,便座,可燃ごみ,リフォーム工事を除く。,無料,,,生活部生活環境課,0248-88-9129,,,,,
072079,072079_481,ベンチ（家庭用）,粗大ごみ,,無料,,,生活部生活環境課,0248-88-9129,,,,,
072079,072079_482,ボイラー（温水用など）,収集不可,専門業者に依頼してください。,,,,生活部生活環境課,0248-88-9129,,,,,
072079,072079_483,棒（60㎝以上）,粗大ごみ,,無料,,,生活部生活環境課,0248-88-9129,,,,,
072079,072079_484,ほうき,可燃ごみ,60センチメートル以上は粗大ごみ,無料,,,生活部生活環境課,0248-88-9129,,,,,
072079,072079_485,包装紙,資源物②,,無料,,,生活部生活環境課,0248-88-9129,,,,,
072079,072079_486,包丁（ナイフ）,不燃ごみ,古布や古新聞で刃を覆って出すしてください。,無料,,,生活部生活環境課,0248-88-9129,,,,,
072079,072079_487,ボウリングの球,不燃ごみ,,無料,,,生活部生活環境課,0248-88-9129,,,,,
072079,072079_488,ボウル（プラスチック製）,資源物②,30センチメートル以上は可燃ごみ,無料,,,生活部生活環境課,0248-88-9129,,,,,
072079,072079_489,ボウル（金属製）,資源物①,,無料,,,生活部生活環境課,0248-88-9129,,,,,
072079,072079_490,ホームベーカリー,不燃ごみ,60センチメートル以上は粗大ごみ,無料,,,生活部生活環境課,0248-88-9129,,,,,
072079,072079_491,ホーロー鍋,資源物①,,無料,,,生活部生活環境課,0248-88-9129,,,,,
072079,072079_492,木刀,粗大ごみ,,無料,,,生活部生活環境課,0248-88-9129,,,,,
072079,072079_493,歩行器,不燃ごみ,60センチメートル以上は粗大ごみ,無料,,,生活部生活環境課,0248-88-9129,,,,,
072079,072079_494,ポスター,資源物②,,無料,,,生活部生活環境課,0248-88-9129,,,,,
072079,072079_495,ボタン電池,不燃ごみ,中身の見える袋に入れて出す,無料,,,生活部生活環境課,0248-88-9129,,,,,
072079,072079_496,ポット（保温ポット含む）,不燃ごみ,,無料,,,生活部生活環境課,0248-88-9129,,,,,
072079,072079_497,ホットカーペット,粗大ごみ,,無料,,,生活部生活環境課,0248-88-9129,,,,,
072079,072079_498,ホットプレート,不燃ごみ,,無料,,,生活部生活環境課,0248-88-9129,,,,,
072079,072079_499,ほ乳瓶（耐熱ガラス瓶）,不燃ごみ,プラスチック製は可燃ごみ,無料,,,生活部生活環境課,0248-88-9129,,,,,
072079,072079_500,ポリタンク（灯油・水用）,可燃ごみ,中を空にして出す,無料,,,生活部生活環境課,0248-88-9129,,,,,
072079,072079_501,保冷剤,可燃ごみ,,無料,,,生活部生活環境課,0248-88-9129,,,,,
072079,072079_502,本（雑誌・教科書など含む）,資源物②,,無料,,,生活部生活環境課,0248-88-9129,,,,,
072079,072079_503,本棚（木製）,粗大ごみ,60センチメートル未満は可燃ごみ,無料,,,生活部生活環境課,0248-88-9129,,,,,
072079,072079_504,本棚（金属製）,粗大ごみ,60センチメートル未満は資源物①,無料,,,生活部生活環境課,0248-88-9129,,,,,
072079,072079_505,麻雀卓,粗大ごみ,,無料,,,生活部生活環境課,0248-88-9129,,,,,
072079,072079_506,枕,可燃ごみ,,無料,,,生活部生活環境課,0248-88-9129,,,,,
072079,072079_507,枕木,粗大ごみ,リフォーム工事を除く,無料,,,生活部生活環境課,0248-88-9129,,,,,
072079,072079_508,マジックペン（プラスチック製）,可燃ごみ,金属製は不燃ごみ,無料,,,生活部生活環境課,0248-88-9129,,,,,
072079,072079_509,マッサージ器,不燃ごみ,60センチメートル以上は粗大ごみ,無料,,,生活部生活環境課,0248-88-9129,,,,,
072079,072079_510,マッサージチェアー,粗大ごみ,,無料,,,生活部生活環境課,0248-88-9129,,,,,
072079,072079_511,マッチ,可燃ごみ,水につけてから出す,無料,,,生活部生活環境課,0248-88-9129,,,,,
072079,072079_512,マットレス,粗大ごみ,三つ折りも含む,無料,,,生活部生活環境課,0248-88-9129,,,,,
072079,072079_513,松葉杖,粗大ごみ,,無料,,,生活部生活環境課,0248-88-9129,,,,,
072079,072079_514,まな板,可燃ごみ,60センチメートル以上は粗大ごみ,無料,,,生活部生活環境課,0248-88-9129,,,,,
072079,072079_515,マネキン,粗大ごみ,,無料,,,生活部生活環境課,0248-88-9129,,,,,
072079,072079_516,マフラー（自動車部品）,収集不可,専門業者に依頼に依頼してください。,,,,生活部生活環境課,0248-88-9129,,,,,
072079,072079_517,丸太（直径10ｃｍ以上）,粗大ごみ,直径10センチメートル未満かつ長さ60センチメートル未満は可燃ごみ。よく乾かして出す,無料,,,生活部生活環境課,0248-88-9129,,,,,
072079,072079_518,ミキサー,不燃ごみ,,無料,,,生活部生活環境課,0248-88-9129,,,,,
072079,072079_519,ミシン（卓上・電動）,不燃ごみ,60センチメートル以上は粗大ごみ,無料,,,生活部生活環境課,0248-88-9129,,,,,
072079,072079_520,虫かご（竹製）,可燃ごみ,30センチメートル未満のプラスチック製は資源物②、金属製は資源物①,無料,,,生活部生活環境課,0248-88-9129,,,,,
072079,072079_521,虫かご（プラスチック製）,可燃ごみ,30センチメートル未満は資源物②,無料,,,生活部生活環境課,0248-88-9129,,,,,
072079,072079_522,蒸し器（金属製）,資源物①,木製は可燃ごみ、プラスチック製で30センチメートル未満は資源物②,無料,,,生活部生活環境課,0248-88-9129,,,,,
072079,072079_523,蒸し器（プラスチック製）,資源物②,30センチメートル以上は可燃ごみ,無料,,,生活部生活環境課,0248-88-9129,,,,,
072079,072079_524,蒸し器（竹製）,可燃ごみ,,無料,,,生活部生活環境課,0248-88-9129,,,,,
072079,072079_525,虫めがね,不燃ごみ,プラスチック製は資源物②,無料,,,生活部生活環境課,0248-88-9129,,,,,
072079,072079_526,めがね,不燃ごみ,プラスチック製は資源物②,無料,,,生活部生活環境課,0248-88-9129,,,,,
072079,072079_527,メモリーカード（USBメモリなど）,不燃ごみ,データは各自消去してください。,無料,,,生活部生活環境課,0248-88-9129,,,,,
072079,072079_528,毛布,可燃ごみ,,無料,,,生活部生活環境課,0248-88-9129,,,,,
072079,072079_529,餅つき機,粗大ごみ,,無料,,,生活部生活環境課,0248-88-9129,,,,,
072079,072079_530,モップ,可燃ごみ,60センチメートル以上は粗大ごみ,無料,,,生活部生活環境課,0248-88-9129,,,,,
072079,072079_531,モニター,粗大ごみ,,無料,,,生活部生活環境課,0248-88-9129,,,,,
072079,072079_532,物干し台・竿,粗大ごみ,,無料,,,生活部生活環境課,0248-88-9129,,,,,
072079,072079_533,モバイルバッテリー,収集不可,販売店等のリサイクルボックスを利用。販売店で回収不可な場合は須賀川地方衛生センターへ相談。,,,,生活部生活環境課,0248-88-9129,,,,,
072079,072079_534,門扉,粗大ごみ,リフォーム工事を除く,無料,,,生活部生活環境課,0248-88-9129,,,,,
072079,072079_535,やかん,資源物①,,無料,,,生活部生活環境課,0248-88-9129,,,,,
072079,072079_536,野球用グローブ,可燃ごみ,,無料,,,生活部生活環境課,0248-88-9129,,,,,
072079,072079_537,融雪剤,不燃ごみ,,無料,,,生活部生活環境課,0248-88-9129,,,,,
072079,072079_538,雪かきスコップ・ダンプ（プラスチック製）,粗大ごみ,,無料,,,生活部生活環境課,0248-88-9129,,,,,
072079,072079_539,湯たんぽ（プラスチック製）,資源物②,30センチメートル以上60センチメートル未満は可燃ごみ,無料,,,生活部生活環境課,0248-88-9129,,,,,
072079,072079_540,湯たんぽ（金属製）,資源物①,,無料,,,生活部生活環境課,0248-88-9129,,,,,
072079,072079_541,洋服掛け（パイプハンガーなど）,粗大ごみ,,無料,,,生活部生活環境課,0248-88-9129,,,,,
072079,072079_542,洋服タンス,粗大ごみ,,無料,,,生活部生活環境課,0248-88-9129,,,,,
072079,072079_543,よしず,粗大ごみ,,無料,,,生活部生活環境課,0248-88-9129,,,,,
072079,072079_544,ラケット（木製・プラスチック製）,可燃ごみ,60センチメートル以上は粗大ごみ,無料,,,生活部生活環境課,0248-88-9129,,,,,
072079,072079_545,ラケット（金属製・カーボン製）,不燃ごみ,60センチメートル以上は粗大ごみ,無料,,,生活部生活環境課,0248-88-9129,,,,,
072079,072079_546,ラジカセ,不燃ごみ,60センチメートル以上は粗大ごみ,無料,,,生活部生活環境課,0248-88-9129,,,,,
072079,072079_547,ラック,粗大ごみ,,無料,,,生活部生活環境課,0248-88-9129,,,,,
072079,072079_548,ランチジャー,不燃ごみ,,無料,,,生活部生活環境課,0248-88-9129,,,,,
072079,072079_549,ランドセル,可燃ごみ,,無料,,,生活部生活環境課,0248-88-9129,,,,,
072079,072079_550,リチウムイオン電池,収集不可,販売店等のリサイクルボックスを利用。販売店で回収不可な場合には須賀川地方衛生センターへ相談。,,,,生活部生活環境課,0248-88-9129,,,,,
072079,072079_551,リモコン,不燃ごみ,,無料,,,生活部生活環境課,0248-88-9129,,,,,
072079,072079_552,リヤカー,粗大ごみ,,無料,,,生活部生活環境課,0248-88-9129,,,,,
072079,072079_553,リュックサック,可燃ごみ,,無料,,,生活部生活環境課,0248-88-9129,,,,,
072079,072079_554,ルーフボックス,粗大ごみ,,無料,,,生活部生活環境課,0248-88-9129,,,,,
072079,072079_555,ルームランナー,粗大ごみ,,無料,,,生活部生活環境課,0248-88-9129,,,,,
072079,072079_556,冷却まくら,可燃ごみ,,無料,,,生活部生活環境課,0248-88-9129,,,,,
072079,072079_557,冷蔵庫・冷凍庫,収集不可,排出禁止。家電リサイクル法対象。郵便局で家電リサイクル券を購入し、釜屋リサイクルセンターへ搬入,,,,生活部生活環境課,0248-88-9129,,,,,
072079,072079_558,冷風機,粗大ごみ,,無料,,,生活部生活環境課,0248-88-9129,,,,,
072079,072079_559,レジ袋,可燃ごみ,30センチメートル未満は資源物②,無料,,,生活部生活環境課,0248-88-9129,,,,,
072079,072079_560,レジャーシート,可燃ごみ,30センチメートル未満は資源物②,無料,,,生活部生活環境課,0248-88-9129,,,,,
072079,072079_561,レンガ（ブロック）,収集不可,専門業者に依頼してください。,,,,生活部生活環境課,0248-88-9129,,,,,
072079,072079_562,レンジ台,粗大ごみ,,無料,,,生活部生活環境課,0248-88-9129,,,,,
072079,072079_563,ろうそく,可燃ごみ,,無料,,,生活部生活環境課,0248-88-9129,,,,,
072079,072079_564,ロープ（布・ナイロン製）,可燃ごみ,,無料,,,生活部生活環境課,0248-88-9129,,,,,
072079,072079_565,ロールカーテン・ロールスクリーン,粗大ごみ,,無料,,,生活部生活環境課,0248-88-9129,,,,,
072079,072079_566,ロッカー,粗大ごみ,,無料,,,生活部生活環境課,0248-88-9129,,,,,
072079,072079_567,ワイヤー,不燃ごみ,60センチメートル以上は粗大ごみ,無料,,,生活部生活環境課,0248-88-9129,,,,,
072079,072079_568,ワゴン,粗大ごみ,,無料,,,生活部生活環境課,0248-88-9129,,,,,
072079,072079_569,割れたガラス・陶器,不燃ごみ,袋に包んで出す,無料,,,生活部生活環境課,0248-88-9129,,,,,
